timestamp,value
2025-03-01T10:00:00,90.14
2025-03-01T10:00:01,98.62
2025-03-01T10:00:02,102.87
2025-03-01T10:00:03,102.66
2025-03-01T10:00:04,99.9
2025-03-01T10:00:05,104.92
2025-03-01T10:00:06,97.11
2025-03-01T10:00:07,102.18
2025-03-01T10:00:08,104.72
2025-03-01T10:00:09,96.62
2025-03-01T10:00:10,112.51
2025-03-01T10:00:11,85.42
2025-03-01T10:00:12,105.8
2025-03-01T10:00:13,101.33
2025-03-01T10:00:14,100.51
2025-03-01T10:00:15,
2025-03-01T10:00:16,93.39
2025-03-01T10:00:17,98.65
2025-03-01T10:00:18,96.24
2025-03-01T10:00:19,105.94
2025-03-01T10:00:20,99.61
2025-03-01T10:00:21,97.39
2025-03-01T10:00:22,
2025-03-01T10:00:23,101.5
2025-03-01T10:00:24,97.66
2025-03-01T10:00:25,103.87
2025-03-01T10:00:26,89.4
2025-03-01T10:00:27,102.57
2025-03-01T10:00:28,91.97
2025-03-01T10:00:29,101.83
2025-03-01T10:00:30,105.4
2025-03-01T10:00:31,95.56
2025-03-01T10:00:32,97.74
,104.68
2025-03-01T10:00:34,100.9
2025-03-01T10:00:35,98.25
2025-03-01T10:00:36,102.66
2025-03-01T10:00:37,97.57
2025-03-01T10:00:38,104.06
2025-03-01T10:00:39,99.75
2025-03-01T10:00:40,100.1
2025-03-01T10:00:41,100.78
2025-03-01T10:00:42,99.63
2025-03-01T10:00:43,99.63
2025-03-01T10:00:44,99.55
2025-03-01T10:00:45,103.84
2025-03-01T10:00:46,98.03
2025-03-01T10:00:47,93.49
2025-03-01T10:00:48,108.72
2025-03-01T10:00:49,95.31
2025-03-01T10:00:50,105.04
2025-03-01T10:00:51,89.77
2025-03-01T10:00:52,
2025-03-01T10:00:53,104.62
2025-03-01T10:00:54,102.28
2025-03-01T10:00:55,97.37
2025-03-01T10:00:56,100.12
2025-03-01T10:00:57,106.48
2025-03-01T10:00:58,100.73
2025-03-01T10:00:59,94.21
2025-03-01T10:01:00,104.61
2025-03-01T10:01:01,100.61
2025-03-01T10:01:02,100.56
2025-03-01T10:01:03,102.02
2025-03-01T10:01:04,100.21
2025-03-01T10:01:05,110.44
2025-03-01T10:01:06,106.02
2025-03-01T10:01:07,101.7
2025-03-01T10:01:08,97.24
2025-03-01T10:01:09,106.29
2025-03-01T10:01:10,109.63
2025-03-01T10:01:11,94.49
2025-03-01T10:01:12,96.64
2025-03-01T10:01:13,
2025-03-01T10:01:14,102.9
2025-03-01T10:01:15,99.23
2025-03-01T10:01:16,101.37
2025-03-01T10:01:17,95.6
2025-03-01T10:01:18,99.37
2025-03-01T10:01:19,103.56
2025-03-01T10:01:20,95.96
2025-03-01T10:01:21,104.0
2025-03-01T10:01:22,98.53
2025-03-01T10:01:23,102.51
2025-03-01T10:01:24,100.52
2025-03-01T10:01:25,91.03
2025-03-01T10:01:26,110.39
2025-03-01T10:01:27,107.63
2025-03-01T10:01:28,102.3
2025-03-01T10:01:29,97.18
2025-03-01T10:01:30,97.83
2025-03-01T10:01:31,102.32
2025-03-01T10:01:32,103.03
2025-03-01T10:01:33,103.3
2025-03-01T10:01:34,102.51
2025-03-01T10:01:35,99.14
2025-03-01T10:01:36,102.83
2025-03-01T10:01:37,108.1
2025-03-01T10:01:38,100.0
2025-03-01T10:01:39,102.41
2025-03-01T10:01:40,91.1
2025-03-01T10:01:41,95.19
2025-03-01T10:01:42,102.19
2025-03-01T10:01:43,88.33
2025-03-01T10:01:44,100.61
2025-03-01T10:01:45,101.11
2025-03-01T10:01:46,96.74
2025-03-01T10:01:47,93.24
2025-03-01T10:01:48,111.05
2025-03-01T10:01:49,93.23
2025-03-01T10:01:50,92.43
2025-03-01T10:01:51,105.55
2025-03-01T10:01:52,99.61
2025-03-01T10:01:53,100.11
2025-03-01T10:01:54,97.15
2025-03-01T10:01:55,101.55
2025-03-01T10:01:56,104.3
2025-03-01T10:01:57,101.17
2025-03-01T10:01:58,107.92
2025-03-01T10:01:59,97.34
2025-03-01T10:02:00,109.04
2025-03-01T10:02:01,102.09
2025-03-01T10:02:02,
2025-03-01T10:02:03,100.53
2025-03-01T10:02:04,89.54
2025-03-01T10:02:05,99.83
2025-03-01T10:02:06,93.68
,97.9
2025-03-01T10:02:08,101.35
2025-03-01T10:02:09,100.28
2025-03-01T10:02:10,98.04
2025-03-01T10:02:11,103.53
2025-03-01T10:02:12,97.96
2025-03-01T10:02:13,105.3
2025-03-01T10:02:14,101.14
2025-03-01T10:02:15,
2025-03-01T10:02:16,99.91
2025-03-01T10:02:17,94.49
2025-03-01T10:02:18,101.71
2025-03-01T10:02:19,99.28
2025-03-01T10:02:20,106.45
2025-03-01T10:02:21,99.16
2025-03-01T10:02:22,94.47
2025-03-01T10:02:23,101.22
2025-03-01T10:02:24,100.32
2025-03-01T10:02:25,93.77
2025-03-01T10:02:26,102.34
2025-03-01T10:02:27,104.15
2025-03-01T10:02:28,97.36
2025-03-01T10:02:29,96.85
2025-03-01T10:02:30,91.83
,104.75
2025-03-01T10:02:32,104.41
2025-03-01T10:02:33,
2025-03-01T10:02:34,95.46
2025-03-01T10:02:35,102.21
2025-03-01T10:02:36,101.35
2025-03-01T10:02:37,104.57
2025-03-01T10:02:38,94.2
2025-03-01T10:02:39,96.06
2025-03-01T10:02:40,97.85
2025-03-01T10:02:41,109.36
2025-03-01T10:02:42,103.87
2025-03-01T10:02:43,104.61
2025-03-01T10:02:44,95.58
2025-03-01T10:02:45,98.77
2025-03-01T10:02:46,107.9
2025-03-01T10:02:47,100.56
2025-03-01T10:02:48,99.92
,101.02
2025-03-01T10:02:50,101.42
2025-03-01T10:02:51,95.91
2025-03-01T10:02:52,99.12
2025-03-01T10:02:53,97.88
2025-03-01T10:02:54,108.47
2025-03-01T10:02:55,102.23
2025-03-01T10:02:56,103.13
2025-03-01T10:02:57,92.37
2025-03-01T10:02:58,92.05
2025-03-01T10:02:59,86.25
2025-03-01T10:03:00,105.49
2025-03-01T10:03:01,100.95
2025-03-01T10:03:02,98.88
2025-03-01T10:03:03,106.1
2025-03-01T10:03:04,99.9
2025-03-01T10:03:05,102.75
2025-03-01T10:03:06,98.73
2025-03-01T10:03:07,103.26
2025-03-01T10:03:08,99.54
2025-03-01T10:03:09,102.83
2025-03-01T10:03:10,94.26
2025-03-01T10:03:11,110.18
2025-03-01T10:03:12,101.58
2025-03-01T10:03:13,95.54
2025-03-01T10:03:14,99.19
2025-03-01T10:03:15,105.12
,100.42
2025-03-01T10:03:17,94.97
2025-03-01T10:03:18,100.62
2025-03-01T10:03:19,103.16
2025-03-01T10:03:20,106.87
2025-03-01T10:03:21,98.0
2025-03-01T10:03:22,91.77
2025-03-01T10:03:23,97.3
2025-03-01T10:03:24,96.24
2025-03-01T10:03:25,99.83
2025-03-01T10:03:26,95.72
2025-03-01T10:03:27,98.4
2025-03-01T10:03:28,97.65
2025-03-01T10:03:29,100.44
2025-03-01T10:03:30,104.34
2025-03-01T10:03:31,107.07
2025-03-01T10:03:32,107.26
2025-03-01T10:03:33,98.8
2025-03-01T10:03:34,100.85
2025-03-01T10:03:35,90.56
2025-03-01T10:03:36,96.3
2025-03-01T10:03:37,94.91
2025-03-01T10:03:38,105.12
2025-03-01T10:03:39,94.69
2025-03-01T10:03:40,106.28
2025-03-01T10:03:41,82.31
2025-03-01T10:03:42,100.14
2025-03-01T10:03:43,
2025-03-01T10:03:44,97.44
2025-03-01T10:03:45,96.72
2025-03-01T10:03:46,103.58
2025-03-01T10:03:47,91.32
2025-03-01T10:03:48,95.68
2025-03-01T10:03:49,101.46
2025-03-01T10:03:50,95.54
2025-03-01T10:03:51,97.6
2025-03-01T10:03:52,95.11
2025-03-01T10:03:53,104.1
2025-03-01T10:03:54,102.87
2025-03-01T10:03:55,99.86
2025-03-01T10:03:56,100.15
2025-03-01T10:03:57,95.21
2025-03-01T10:03:58,96.09
2025-03-01T10:03:59,97.13
2025-03-01T10:04:00,93.3
2025-03-01T10:04:01,98.38
2025-03-01T10:04:02,110.72
2025-03-01T10:04:03,95.48
,103.37
2025-03-01T10:04:05,95.6
,97.29
2025-03-01T10:04:07,97.71
2025-03-01T10:04:08,100.73
2025-03-01T10:04:09,97.7
,101.63
2025-03-01T10:04:11,95.68
2025-03-01T10:04:12,106.87
2025-03-01T10:04:13,104.27
2025-03-01T10:04:14,97.23
2025-03-01T10:04:15,100.08
2025-03-01T10:04:16,99.33
2025-03-01T10:04:17,102.88
2025-03-01T10:04:18,98.63
2025-03-01T10:04:19,83.55
2025-03-01T10:04:20,98.12
2025-03-01T10:04:21,99.64
2025-03-01T10:04:22,103.02
2025-03-01T10:04:23,90.79
2025-03-01T10:04:24,98.39
2025-03-01T10:04:25,100.21
2025-03-01T10:04:26,104.49
2025-03-01T10:04:27,100.72
2025-03-01T10:04:28,104.7
2025-03-01T10:04:29,104.64
2025-03-01T10:04:30,100.43
2025-03-01T10:04:31,87.22
2025-03-01T10:04:32,105.44
2025-03-01T10:04:33,94.42
2025-03-01T10:04:34,98.28
2025-03-01T10:04:35,88.06
2025-03-01T10:04:36,105.43
2025-03-01T10:04:37,102.91
2025-03-01T10:04:38,102.07
2025-03-01T10:04:39,100.35
2025-03-01T10:04:40,96.74
2025-03-01T10:04:41,91.91
2025-03-01T10:04:42,97.23
2025-03-01T10:04:43,111.3
2025-03-01T10:04:44,96.02
2025-03-01T10:04:45,97.85
2025-03-01T10:04:46,101.98
,98.01
,101.59
2025-03-01T10:04:49,102.21
2025-03-01T10:04:50,96.18
2025-03-01T10:04:51,99.32
2025-03-01T10:04:52,101.25
2025-03-01T10:04:53,93.72
2025-03-01T10:04:54,103.16
2025-03-01T10:04:55,95.68
2025-03-01T10:04:56,101.66
2025-03-01T10:04:57,97.6
2025-03-01T10:04:58,100.61
,96.12
2025-03-01T10:05:00,96.81
2025-03-01T10:05:01,101.35
2025-03-01T10:05:02,99.75
2025-03-01T10:05:03,96.35
2025-03-01T10:05:04,94.99
2025-03-01T10:05:05,106.76
2025-03-01T10:05:06,92.19
2025-03-01T10:05:07,106.29
2025-03-01T10:05:08,99.37
2025-03-01T10:05:09,91.97
2025-03-01T10:05:10,106.11
,95.39
2025-03-01T10:05:12,99.8
2025-03-01T10:05:13,101.76
2025-03-01T10:05:14,108.0
2025-03-01T10:05:15,105.48
2025-03-01T10:05:16,98.11
2025-03-01T10:05:17,97.04
2025-03-01T10:05:18,95.29
2025-03-01T10:05:19,99.76
2025-03-01T10:05:20,95.23
2025-03-01T10:05:21,98.39
2025-03-01T10:05:22,106.97
2025-03-01T10:05:23,95.05
2025-03-01T10:05:24,103.38
2025-03-01T10:05:25,99.4
2025-03-01T10:05:26,103.27
2025-03-01T10:05:27,91.13
,110.81
2025-03-01T10:05:29,93.82
2025-03-01T10:05:30,96.13
2025-03-01T10:05:31,100.08
2025-03-01T10:05:32,109.33
2025-03-01T10:05:33,105.24
2025-03-01T10:05:34,96.08
2025-03-01T10:05:35,100.89
2025-03-01T10:05:36,104.17
2025-03-01T10:05:37,90.22
2025-03-01T10:05:38,100.01
2025-03-01T10:05:39,104.2
2025-03-01T10:05:40,98.6
2025-03-01T10:05:41,96.89
2025-03-01T10:05:42,101.17
2025-03-01T10:05:43,98.67
2025-03-01T10:05:44,104.75
2025-03-01T10:05:45,99.37
2025-03-01T10:05:46,91.79
2025-03-01T10:05:47,96.27
2025-03-01T10:05:48,110.88
2025-03-01T10:05:49,95.54
2025-03-01T10:05:50,95.52
2025-03-01T10:05:51,104.03
2025-03-01T10:05:52,102.19
2025-03-01T10:05:53,98.73
2025-03-01T10:05:54,98.93
2025-03-01T10:05:55,97.75
2025-03-01T10:05:56,103.59
2025-03-01T10:05:57,96.34
2025-03-01T10:05:58,98.98
2025-03-01T10:05:59,92.42
2025-03-01T10:06:00,98.05
2025-03-01T10:06:01,98.68
2025-03-01T10:06:02,104.0
,100.92
2025-03-01T10:06:04,99.27
2025-03-01T10:06:05,98.61
2025-03-01T10:06:06,105.18
2025-03-01T10:06:07,99.23
2025-03-01T10:06:08,109.24
2025-03-01T10:06:09,100.84
2025-03-01T10:06:10,105.27
2025-03-01T10:06:11,93.56
2025-03-01T10:06:12,98.69
2025-03-01T10:06:13,97.1
2025-03-01T10:06:14,99.52
2025-03-01T10:06:15,105.42
2025-03-01T10:06:16,96.95
2025-03-01T10:06:17,100.83
2025-03-01T10:06:18,98.2
2025-03-01T10:06:19,103.56
2025-03-01T10:06:20,100.15
2025-03-01T10:06:21,95.54
2025-03-01T10:06:22,94.84
2025-03-01T10:06:23,104.43
2025-03-01T10:06:24,101.23
2025-03-01T10:06:25,100.1
2025-03-01T10:06:26,99.15
2025-03-01T10:06:27,103.79
2025-03-01T10:06:28,92.98
2025-03-01T10:06:29,105.93
2025-03-01T10:06:30,
2025-03-01T10:06:31,90.71
2025-03-01T10:06:32,100.03
2025-03-01T10:06:33,104.64
2025-03-01T10:06:34,111.55
2025-03-01T10:06:35,103.61
2025-03-01T10:06:36,97.33
2025-03-01T10:06:37,104.14
2025-03-01T10:06:38,94.57
2025-03-01T10:06:39,98.11
2025-03-01T10:06:40,104.96
2025-03-01T10:06:41,104.2
2025-03-01T10:06:42,108.43
2025-03-01T10:06:43,91.76
2025-03-01T10:06:44,100.61
2025-03-01T10:06:45,105.71
2025-03-01T10:06:46,95.91
,113.04
2025-03-01T10:06:48,98.68
2025-03-01T10:06:49,99.45
2025-03-01T10:06:50,95.74
2025-03-01T10:06:51,106.31
2025-03-01T10:06:52,102.73
2025-03-01T10:06:53,95.76
2025-03-01T10:06:54,103.92
2025-03-01T10:06:55,96.86
2025-03-01T10:06:56,84.7
2025-03-01T10:06:57,105.44
2025-03-01T10:06:58,95.32
2025-03-01T10:06:59,102.41
2025-03-01T10:07:00,106.71
2025-03-01T10:07:01,97.39
2025-03-01T10:07:02,97.3
2025-03-01T10:07:03,92.47
2025-03-01T10:07:04,100.08
2025-03-01T10:07:05,98.1
2025-03-01T10:07:06,99.64
2025-03-01T10:07:07,97.33
2025-03-01T10:07:08,101.37
2025-03-01T10:07:09,96.96
2025-03-01T10:07:10,103.36
2025-03-01T10:07:11,98.0
2025-03-01T10:07:12,94.23
2025-03-01T10:07:13,99.34
2025-03-01T10:07:14,102.28
2025-03-01T10:07:15,95.29
2025-03-01T10:07:16,110.03
2025-03-01T10:07:17,92.79
2025-03-01T10:07:18,99.41
2025-03-01T10:07:19,90.66
2025-03-01T10:07:20,101.34
2025-03-01T10:07:21,100.74
2025-03-01T10:07:22,105.59
2025-03-01T10:07:23,109.71
2025-03-01T10:07:24,101.86
2025-03-01T10:07:25,105.31
2025-03-01T10:07:26,98.01
2025-03-01T10:07:27,99.89
,101.69
2025-03-01T10:07:29,97.76
2025-03-01T10:07:30,103.53
2025-03-01T10:07:31,103.52
2025-03-01T10:07:32,97.58
,100.68
2025-03-01T10:07:34,97.03
2025-03-01T10:07:35,93.16
2025-03-01T10:07:36,92.91
2025-03-01T10:07:37,98.2
2025-03-01T10:07:38,108.16
2025-03-01T10:07:39,104.26
2025-03-01T10:07:40,92.05
2025-03-01T10:07:41,108.25
2025-03-01T10:07:42,96.19
2025-03-01T10:07:43,91.8
2025-03-01T10:07:44,98.88
2025-03-01T10:07:45,96.7
2025-03-01T10:07:46,92.32
2025-03-01T10:07:47,96.87
2025-03-01T10:07:48,88.32
2025-03-01T10:07:49,96.67
2025-03-01T10:07:50,95.53
2025-03-01T10:07:51,100.72
2025-03-01T10:07:52,102.3
2025-03-01T10:07:53,94.73
2025-03-01T10:07:54,108.22
2025-03-01T10:07:55,102.97
2025-03-01T10:07:56,103.74
2025-03-01T10:07:57,97.28
2025-03-01T10:07:58,96.89
,92.64
2025-03-01T10:08:00,101.98
2025-03-01T10:08:01,99.33
2025-03-01T10:08:02,100.58
2025-03-01T10:08:03,96.3
2025-03-01T10:08:04,94.21
2025-03-01T10:08:05,97.37
2025-03-01T10:08:06,97.88
2025-03-01T10:08:07,108.63
2025-03-01T10:08:08,103.16
2025-03-01T10:08:09,94.47
2025-03-01T10:08:10,101.65
2025-03-01T10:08:11,102.2
2025-03-01T10:08:12,101.44
2025-03-01T10:08:13,100.15
2025-03-01T10:08:14,94.99
2025-03-01T10:08:15,100.23
2025-03-01T10:08:16,104.02
2025-03-01T10:08:17,99.2
2025-03-01T10:08:18,92.98
2025-03-01T10:08:19,101.37
2025-03-01T10:08:20,93.04
2025-03-01T10:08:21,110.21
2025-03-01T10:08:22,99.03
2025-03-01T10:08:23,103.29
2025-03-01T10:08:24,91.99
2025-03-01T10:08:25,96.94
2025-03-01T10:08:26,98.6
2025-03-01T10:08:27,103.37
2025-03-01T10:08:28,96.65
,94.05
2025-03-01T10:08:30,94.73
2025-03-01T10:08:31,95.63
2025-03-01T10:08:32,98.25
2025-03-01T10:08:33,101.63
2025-03-01T10:08:34,102.95
2025-03-01T10:08:35,89.29
2025-03-01T10:08:36,102.66
2025-03-01T10:08:37,101.88
2025-03-01T10:08:38,100.23
2025-03-01T10:08:39,104.48
2025-03-01T10:08:40,104.58
2025-03-01T10:08:41,104.84
2025-03-01T10:08:42,101.19
2025-03-01T10:08:43,99.51
2025-03-01T10:08:44,90.38
2025-03-01T10:08:45,101.07
2025-03-01T10:08:46,
2025-03-01T10:08:47,97.97
2025-03-01T10:08:48,97.1
2025-03-01T10:08:49,103.14
2025-03-01T10:08:50,99.84
2025-03-01T10:08:51,100.85
2025-03-01T10:08:52,101.77
2025-03-01T10:08:53,106.05
2025-03-01T10:08:54,101.08
2025-03-01T10:08:55,98.82
2025-03-01T10:08:56,106.6
2025-03-01T10:08:57,89.73
2025-03-01T10:08:58,99.83
2025-03-01T10:08:59,94.68
2025-03-01T10:09:00,102.28
2025-03-01T10:09:01,96.15
2025-03-01T10:09:02,108.84
2025-03-01T10:09:03,100.31
2025-03-01T10:09:04,99.11
2025-03-01T10:09:05,96.42
2025-03-01T10:09:06,96.57
2025-03-01T10:09:07,104.16
2025-03-01T10:09:08,95.43
2025-03-01T10:09:09,96.23
2025-03-01T10:09:10,100.76
2025-03-01T10:09:11,
2025-03-01T10:09:12,105.8
2025-03-01T10:09:13,103.72
2025-03-01T10:09:14,104.95
2025-03-01T10:09:15,99.08
2025-03-01T10:09:16,96.1
2025-03-01T10:09:17,93.92
2025-03-01T10:09:18,94.12
2025-03-01T10:09:19,98.33
2025-03-01T10:09:20,101.11
2025-03-01T10:09:21,94.81
2025-03-01T10:09:22,97.67
2025-03-01T10:09:23,107.66
2025-03-01T10:09:24,105.71
2025-03-01T10:09:25,98.36
2025-03-01T10:09:26,94.43
2025-03-01T10:09:27,103.22
2025-03-01T10:09:28,105.74
2025-03-01T10:09:29,102.36
2025-03-01T10:09:30,95.32
2025-03-01T10:09:31,109.86
2025-03-01T10:09:32,103.7
2025-03-01T10:09:33,89.86
2025-03-01T10:09:34,100.36
2025-03-01T10:09:35,94.02
2025-03-01T10:09:36,103.61
2025-03-01T10:09:37,96.12
2025-03-01T10:09:38,94.07
2025-03-01T10:09:39,103.08
2025-03-01T10:09:40,107.72
2025-03-01T10:09:41,109.69
2025-03-01T10:09:42,103.89
2025-03-01T10:09:43,99.58
2025-03-01T10:09:44,98.7
2025-03-01T10:09:45,95.47
2025-03-01T10:09:46,98.92
2025-03-01T10:09:47,96.16
2025-03-01T10:09:48,101.23
2025-03-01T10:09:49,105.86
2025-03-01T10:09:50,100.92
2025-03-01T10:09:51,103.39
2025-03-01T10:09:52,104.07
2025-03-01T10:09:53,95.11
2025-03-01T10:09:54,99.89
2025-03-01T10:09:55,104.11
2025-03-01T10:09:56,97.98
2025-03-01T10:09:57,98.06
2025-03-01T10:09:58,104.62
2025-03-01T10:09:59,95.67
2025-03-01T10:10:00,105.91
2025-03-01T10:10:01,106.15
2025-03-01T10:10:02,100.16
2025-03-01T10:10:03,107.77
2025-03-01T10:10:04,99.62
2025-03-01T10:10:05,99.96
2025-03-01T10:10:06,105.3
2025-03-01T10:10:07,105.16
2025-03-01T10:10:08,103.96
2025-03-01T10:10:09,100.09
2025-03-01T10:10:10,100.82
2025-03-01T10:10:11,99.79
2025-03-01T10:10:12,91.76
2025-03-01T10:10:13,106.97
2025-03-01T10:10:14,98.67
2025-03-01T10:10:15,110.38
2025-03-01T10:10:16,94.25
2025-03-01T10:10:17,101.45
2025-03-01T10:10:18,95.97
2025-03-01T10:10:19,96.35
2025-03-01T10:10:20,100.47
2025-03-01T10:10:21,104.75
2025-03-01T10:10:22,96.13
2025-03-01T10:10:23,100.74
2025-03-01T10:10:24,96.14
2025-03-01T10:10:25,109.2
2025-03-01T10:10:26,95.67
2025-03-01T10:10:27,98.1
2025-03-01T10:10:28,99.83
2025-03-01T10:10:29,92.09
2025-03-01T10:10:30,102.63
2025-03-01T10:10:31,113.45
2025-03-01T10:10:32,107.81
2025-03-01T10:10:33,102.41
2025-03-01T10:10:34,106.87
2025-03-01T10:10:35,101.72
2025-03-01T10:10:36,95.64
2025-03-01T10:10:37,99.71
2025-03-01T10:10:38,102.58
2025-03-01T10:10:39,105.94
2025-03-01T10:10:40,101.85
2025-03-01T10:10:41,97.11
2025-03-01T10:10:42,97.26
2025-03-01T10:10:43,96.56
2025-03-01T10:10:44,102.55
2025-03-01T10:10:45,100.33
2025-03-01T10:10:46,97.04
2025-03-01T10:10:47,105.07
2025-03-01T10:10:48,108.58
2025-03-01T10:10:49,96.57
2025-03-01T10:10:50,86.65
2025-03-01T10:10:51,
2025-03-01T10:10:52,100.46
2025-03-01T10:10:53,107.6
2025-03-01T10:10:54,100.94
2025-03-01T10:10:55,101.57
2025-03-01T10:10:56,106.05
2025-03-01T10:10:57,88.01
2025-03-01T10:10:58,96.88
2025-03-01T10:10:59,105.53
2025-03-01T10:11:00,95.56
2025-03-01T10:11:01,98.66
2025-03-01T10:11:02,93.45
2025-03-01T10:11:03,98.56
2025-03-01T10:11:04,
2025-03-01T10:11:05,98.98
2025-03-01T10:11:06,95.7
2025-03-01T10:11:07,101.71
2025-03-01T10:11:08,109.27
2025-03-01T10:11:09,97.06
2025-03-01T10:11:10,96.61
2025-03-01T10:11:11,97.03
2025-03-01T10:11:12,108.75
2025-03-01T10:11:13,98.31
2025-03-01T10:11:14,101.34
2025-03-01T10:11:15,99.82
2025-03-01T10:11:16,106.15
2025-03-01T10:11:17,102.87
2025-03-01T10:11:18,96.86
2025-03-01T10:11:19,92.86
2025-03-01T10:11:20,109.08
2025-03-01T10:11:21,107.04
2025-03-01T10:11:22,97.95
2025-03-01T10:11:23,101.5
2025-03-01T10:11:24,102.55
2025-03-01T10:11:25,93.0
2025-03-01T10:11:26,95.02
2025-03-01T10:11:27,99.32
2025-03-01T10:11:28,101.16
2025-03-01T10:11:29,98.79
2025-03-01T10:11:30,89.81
2025-03-01T10:11:31,
2025-03-01T10:11:32,98.67
,102.14
2025-03-01T10:11:34,96.47
2025-03-01T10:11:35,100.06
,105.72
2025-03-01T10:11:37,101.21
2025-03-01T10:11:38,109.18
2025-03-01T10:11:39,97.12
2025-03-01T10:11:40,104.95
2025-03-01T10:11:41,98.67
2025-03-01T10:11:42,95.05
2025-03-01T10:11:43,106.18
2025-03-01T10:11:44,104.91
2025-03-01T10:11:45,94.19
2025-03-01T10:11:46,101.27
2025-03-01T10:11:47,103.16
2025-03-01T10:11:48,104.03
2025-03-01T10:11:49,104.39
2025-03-01T10:11:50,98.98
,104.21
2025-03-01T10:11:52,95.26
,101.54
2025-03-01T10:11:54,88.71
2025-03-01T10:11:55,99.16
2025-03-01T10:11:56,101.34
2025-03-01T10:11:57,98.23
2025-03-01T10:11:58,97.38
2025-03-01T10:11:59,101.69
2025-03-01T10:12:00,103.33
2025-03-01T10:12:01,103.71
2025-03-01T10:12:02,96.59
2025-03-01T10:12:03,103.2
2025-03-01T10:12:04,104.44
2025-03-01T10:12:05,88.24
2025-03-01T10:12:06,96.83
2025-03-01T10:12:07,95.8
2025-03-01T10:12:08,100.53
2025-03-01T10:12:09,112.65
2025-03-01T10:12:10,95.27
2025-03-01T10:12:11,97.44
2025-03-01T10:12:12,106.92
2025-03-01T10:12:13,106.65
2025-03-01T10:12:14,95.01
2025-03-01T10:12:15,101.65
2025-03-01T10:12:16,103.77
2025-03-01T10:12:17,93.88
2025-03-01T10:12:18,106.09
2025-03-01T10:12:19,97.29
2025-03-01T10:12:20,110.41
2025-03-01T10:12:21,94.74
2025-03-01T10:12:22,94.63
2025-03-01T10:12:23,97.02
2025-03-01T10:12:24,
2025-03-01T10:12:25,107.47
2025-03-01T10:12:26,106.34
2025-03-01T10:12:27,100.16
2025-03-01T10:12:28,101.86
2025-03-01T10:12:29,113.29
2025-03-01T10:12:30,94.61
2025-03-01T10:12:31,94.63
2025-03-01T10:12:32,99.86
2025-03-01T10:12:33,101.38
2025-03-01T10:12:34,99.27
2025-03-01T10:12:35,103.62
2025-03-01T10:12:36,97.23
2025-03-01T10:12:37,103.39
2025-03-01T10:12:38,102.1
2025-03-01T10:12:39,99.22
2025-03-01T10:12:40,95.33
2025-03-01T10:12:41,108.13
2025-03-01T10:12:42,
2025-03-01T10:12:43,100.2
2025-03-01T10:12:44,98.67
2025-03-01T10:12:45,100.27
2025-03-01T10:12:46,100.57
2025-03-01T10:12:47,99.93
2025-03-01T10:12:48,92.88
2025-03-01T10:12:49,106.01
2025-03-01T10:12:50,96.76
2025-03-01T10:12:51,98.55
2025-03-01T10:12:52,94.93
2025-03-01T10:12:53,101.32
,99.25
2025-03-01T10:12:55,95.59
2025-03-01T10:12:56,98.75
2025-03-01T10:12:57,105.01
2025-03-01T10:12:58,98.44
2025-03-01T10:12:59,109.21
2025-03-01T10:13:00,99.72
2025-03-01T10:13:01,108.85
2025-03-01T10:13:02,108.28
2025-03-01T10:13:03,106.53
2025-03-01T10:13:04,95.88
2025-03-01T10:13:05,106.11
2025-03-01T10:13:06,102.94
2025-03-01T10:13:07,100.18
2025-03-01T10:13:08,99.9
2025-03-01T10:13:09,94.63
2025-03-01T10:13:10,102.63
2025-03-01T10:13:11,101.88
2025-03-01T10:13:12,104.19
2025-03-01T10:13:13,93.98
2025-03-01T10:13:14,105.78
2025-03-01T10:13:15,98.37
2025-03-01T10:13:16,97.27
2025-03-01T10:13:17,101.33
2025-03-01T10:13:18,101.89
2025-03-01T10:13:19,93.48
2025-03-01T10:13:20,101.66
2025-03-01T10:13:21,105.0
2025-03-01T10:13:22,109.28
,98.33
2025-03-01T10:13:24,105.08
2025-03-01T10:13:25,90.65
2025-03-01T10:13:26,107.27
2025-03-01T10:13:27,96.77
2025-03-01T10:13:28,103.07
2025-03-01T10:13:29,99.47
2025-03-01T10:13:30,100.84
2025-03-01T10:13:31,97.65
2025-03-01T10:13:32,100.63
2025-03-01T10:13:33,96.88
2025-03-01T10:13:34,98.79
2025-03-01T10:13:35,93.56
2025-03-01T10:13:36,93.71
2025-03-01T10:13:37,106.47
2025-03-01T10:13:38,96.34
2025-03-01T10:13:39,99.02
2025-03-01T10:13:40,98.24
2025-03-01T10:13:41,95.51
2025-03-01T10:13:42,107.45
2025-03-01T10:13:43,102.43
,97.25
2025-03-01T10:13:45,95.66
2025-03-01T10:13:46,98.79
2025-03-01T10:13:47,100.91
2025-03-01T10:13:48,95.83
2025-03-01T10:13:49,95.64
2025-03-01T10:13:50,102.57
2025-03-01T10:13:51,96.57
2025-03-01T10:13:52,102.5
2025-03-01T10:13:53,99.97
2025-03-01T10:13:54,99.34
2025-03-01T10:13:55,103.16
2025-03-01T10:13:56,96.61
2025-03-01T10:13:57,98.64
2025-03-01T10:13:58,98.97
2025-03-01T10:13:59,97.14
2025-03-01T10:14:00,99.76
2025-03-01T10:14:01,102.25
2025-03-01T10:14:02,107.38
2025-03-01T10:14:03,
2025-03-01T10:14:04,100.59
2025-03-01T10:14:05,99.87
2025-03-01T10:14:06,99.24
2025-03-01T10:14:07,109.27
2025-03-01T10:14:08,100.88
2025-03-01T10:14:09,94.79
2025-03-01T10:14:10,98.3
2025-03-01T10:14:11,101.72
2025-03-01T10:14:12,107.9
2025-03-01T10:14:13,93.35
2025-03-01T10:14:14,97.0
2025-03-01T10:14:15,97.33
2025-03-01T10:14:16,96.34
2025-03-01T10:14:17,94.43
2025-03-01T10:14:18,96.15
2025-03-01T10:14:19,95.64
2025-03-01T10:14:20,100.51
2025-03-01T10:14:21,100.43
2025-03-01T10:14:22,93.52
2025-03-01T10:14:23,96.62
2025-03-01T10:14:24,100.58
2025-03-01T10:14:25,106.18
2025-03-01T10:14:26,101.53
2025-03-01T10:14:27,107.32
2025-03-01T10:14:28,
2025-03-01T10:14:29,93.7
2025-03-01T10:14:30,100.43
2025-03-01T10:14:31,91.0
2025-03-01T10:14:32,97.78
2025-03-01T10:14:33,95.43
2025-03-01T10:14:34,112.49
2025-03-01T10:14:35,94.4
2025-03-01T10:14:36,97.89
2025-03-01T10:14:37,101.51
2025-03-01T10:14:38,100.0
2025-03-01T10:14:39,
2025-03-01T10:14:40,101.09
2025-03-01T10:14:41,89.0
2025-03-01T10:14:42,103.28
2025-03-01T10:14:43,99.33
2025-03-01T10:14:44,99.26
2025-03-01T10:14:45,100.02
2025-03-01T10:14:46,90.96
2025-03-01T10:14:47,99.57
2025-03-01T10:14:48,96.96
2025-03-01T10:14:49,
2025-03-01T10:14:50,101.3
2025-03-01T10:14:51,100.62
2025-03-01T10:14:52,103.37
2025-03-01T10:14:53,98.38
2025-03-01T10:14:54,103.12
2025-03-01T10:14:55,105.8
2025-03-01T10:14:56,97.72
2025-03-01T10:14:57,99.42
2025-03-01T10:14:58,108.61
2025-03-01T10:14:59,103.47
2025-03-01T10:15:00,93.94
2025-03-01T10:15:01,95.66
2025-03-01T10:15:02,96.41
2025-03-01T10:15:03,98.15
2025-03-01T10:15:04,104.51
2025-03-01T10:15:05,103.93
2025-03-01T10:15:06,99.96
2025-03-01T10:15:07,95.01
2025-03-01T10:15:08,102.3
2025-03-01T10:15:09,100.7
2025-03-01T10:15:10,99.91
2025-03-01T10:15:11,102.45
2025-03-01T10:15:12,106.32
2025-03-01T10:15:13,98.64
2025-03-01T10:15:14,96.5
2025-03-01T10:15:15,99.5
2025-03-01T10:15:16,107.7
2025-03-01T10:15:17,111.54
2025-03-01T10:15:18,106.08
2025-03-01T10:15:19,101.09
2025-03-01T10:15:20,100.06
2025-03-01T10:15:21,98.68
2025-03-01T10:15:22,95.34
2025-03-01T10:15:23,106.23
2025-03-01T10:15:24,98.52
2025-03-01T10:15:25,92.18
2025-03-01T10:15:26,108.0
2025-03-01T10:15:27,103.12
2025-03-01T10:15:28,95.61
2025-03-01T10:15:29,96.18
2025-03-01T10:15:30,92.35
2025-03-01T10:15:31,104.42
2025-03-01T10:15:32,97.15
2025-03-01T10:15:33,
2025-03-01T10:15:34,95.32
2025-03-01T10:15:35,106.11
2025-03-01T10:15:36,88.44
2025-03-01T10:15:37,101.78
2025-03-01T10:15:38,99.53
2025-03-01T10:15:39,109.48
2025-03-01T10:15:40,101.13
2025-03-01T10:15:41,107.82
2025-03-01T10:15:42,105.91
2025-03-01T10:15:43,99.98
2025-03-01T10:15:44,105.5
2025-03-01T10:15:45,100.81
2025-03-01T10:15:46,105.79
2025-03-01T10:15:47,100.99
2025-03-01T10:15:48,110.45
2025-03-01T10:15:49,92.17
2025-03-01T10:15:50,104.5
2025-03-01T10:15:51,100.3
2025-03-01T10:15:52,109.96
2025-03-01T10:15:53,100.93
2025-03-01T10:15:54,93.79
2025-03-01T10:15:55,90.68
2025-03-01T10:15:56,98.85
2025-03-01T10:15:57,91.99
2025-03-01T10:15:58,105.46
2025-03-01T10:15:59,97.69
2025-03-01T10:16:00,100.26
2025-03-01T10:16:01,98.62
2025-03-01T10:16:02,95.13
2025-03-01T10:16:03,92.96
2025-03-01T10:16:04,94.27
2025-03-01T10:16:05,97.62
2025-03-01T10:16:06,89.59
2025-03-01T10:16:07,96.5
2025-03-01T10:16:08,100.42
2025-03-01T10:16:09,95.53
2025-03-01T10:16:10,96.67
2025-03-01T10:16:11,
2025-03-01T10:16:12,103.72
,101.07
2025-03-01T10:16:14,99.78
,98.11
2025-03-01T10:16:16,98.12
2025-03-01T10:16:17,100.64
2025-03-01T10:16:18,107.4
2025-03-01T10:16:19,97.36
2025-03-01T10:16:20,92.82
2025-03-01T10:16:21,102.65
2025-03-01T10:16:22,101.26
2025-03-01T10:16:23,95.54
2025-03-01T10:16:24,97.85
2025-03-01T10:16:25,
2025-03-01T10:16:26,103.85
2025-03-01T10:16:27,105.72
2025-03-01T10:16:28,101.89
2025-03-01T10:16:29,95.04
2025-03-01T10:16:30,100.5
2025-03-01T10:16:31,102.29
2025-03-01T10:16:32,100.19
2025-03-01T10:16:33,95.83
2025-03-01T10:16:34,102.77
2025-03-01T10:16:35,107.52
2025-03-01T10:16:36,85.33
2025-03-01T10:16:37,
2025-03-01T10:16:38,100.62
2025-03-01T10:16:39,101.13
2025-03-01T10:16:40,102.04
2025-03-01T10:16:41,98.1
2025-03-01T10:16:42,107.91
2025-03-01T10:16:43,98.73
2025-03-01T10:16:44,102.97
2025-03-01T10:16:45,96.42
2025-03-01T10:16:46,93.56
2025-03-01T10:16:47,103.86
2025-03-01T10:16:48,100.05
2025-03-01T10:16:49,99.71
2025-03-01T10:16:50,94.38
2025-03-01T10:16:51,88.59
2025-03-01T10:16:52,91.62
2025-03-01T10:16:53,95.1
2025-03-01T10:16:54,
2025-03-01T10:16:55,99.55
2025-03-01T10:16:56,105.0
2025-03-01T10:16:57,100.53
2025-03-01T10:16:58,90.93
2025-03-01T10:16:59,98.91
2025-03-01T10:17:00,97.94
2025-03-01T10:17:01,101.3
2025-03-01T10:17:02,101.27
2025-03-01T10:17:03,94.61
,102.72
2025-03-01T10:17:05,104.13
2025-03-01T10:17:06,102.25
2025-03-01T10:17:07,99.32
2025-03-01T10:17:08,94.35
2025-03-01T10:17:09,101.17
2025-03-01T10:17:10,109.67
2025-03-01T10:17:11,99.54
2025-03-01T10:17:12,98.57
2025-03-01T10:17:13,99.61
2025-03-01T10:17:14,94.41
2025-03-01T10:17:15,95.51
2025-03-01T10:17:16,103.54
2025-03-01T10:17:17,97.93
2025-03-01T10:17:18,94.07
2025-03-01T10:17:19,103.88
2025-03-01T10:17:20,107.91
2025-03-01T10:17:21,106.06
2025-03-01T10:17:22,92.02
2025-03-01T10:17:23,90.23
2025-03-01T10:17:24,
2025-03-01T10:17:25,99.9
2025-03-01T10:17:26,96.16
2025-03-01T10:17:27,95.78
2025-03-01T10:17:28,99.05
2025-03-01T10:17:29,99.47
2025-03-01T10:17:30,94.97
2025-03-01T10:17:31,106.02
2025-03-01T10:17:32,99.59
2025-03-01T10:17:33,102.46
2025-03-01T10:17:34,101.58
2025-03-01T10:17:35,99.27
2025-03-01T10:17:36,102.23
2025-03-01T10:17:37,100.57
2025-03-01T10:17:38,104.02
2025-03-01T10:17:39,97.06
2025-03-01T10:17:40,112.55
2025-03-01T10:17:41,88.82
,104.81
2025-03-01T10:17:43,99.91
2025-03-01T10:17:44,93.02
2025-03-01T10:17:45,98.81
2025-03-01T10:17:46,96.42
2025-03-01T10:17:47,96.92
2025-03-01T10:17:48,103.99
,95.13
2025-03-01T10:17:50,95.61
2025-03-01T10:17:51,99.7
2025-03-01T10:17:52,104.59
,95.3
2025-03-01T10:17:54,100.69
2025-03-01T10:17:55,96.67
2025-03-01T10:17:56,104.41
2025-03-01T10:17:57,101.14
2025-03-01T10:17:58,99.22
2025-03-01T10:17:59,102.59
2025-03-01T10:18:00,106.13
2025-03-01T10:18:01,93.3
2025-03-01T10:18:02,106.8
2025-03-01T10:18:03,92.61
2025-03-01T10:18:04,96.72
2025-03-01T10:18:05,97.19
2025-03-01T10:18:06,100.01
2025-03-01T10:18:07,111.08
2025-03-01T10:18:08,95.9
2025-03-01T10:18:09,109.61
2025-03-01T10:18:10,97.77
2025-03-01T10:18:11,98.21
2025-03-01T10:18:12,109.44
2025-03-01T10:18:13,95.38
2025-03-01T10:18:14,94.99
2025-03-01T10:18:15,103.47
2025-03-01T10:18:16,97.58
,101.03
2025-03-01T10:18:18,103.77
2025-03-01T10:18:19,100.18
2025-03-01T10:18:20,102.59
2025-03-01T10:18:21,102.82
2025-03-01T10:18:22,101.45
2025-03-01T10:18:23,101.0
2025-03-01T10:18:24,102.85
2025-03-01T10:18:25,106.76
2025-03-01T10:18:26,105.48
2025-03-01T10:18:27,108.71
2025-03-01T10:18:28,104.98
2025-03-01T10:18:29,100.36
2025-03-01T10:18:30,102.37
2025-03-01T10:18:31,97.04
2025-03-01T10:18:32,104.19
2025-03-01T10:18:33,99.73
2025-03-01T10:18:34,97.12
2025-03-01T10:18:35,93.76
2025-03-01T10:18:36,102.82
2025-03-01T10:18:37,105.79
2025-03-01T10:18:38,106.02
2025-03-01T10:18:39,92.68
2025-03-01T10:18:40,106.63
2025-03-01T10:18:41,101.16
2025-03-01T10:18:42,89.47
2025-03-01T10:18:43,86.85
2025-03-01T10:18:44,103.42
2025-03-01T10:18:45,98.07
2025-03-01T10:18:46,105.43
2025-03-01T10:18:47,97.88
2025-03-01T10:18:48,99.99
2025-03-01T10:18:49,97.92
,103.42
2025-03-01T10:18:51,94.86
2025-03-01T10:18:52,103.82
2025-03-01T10:18:53,
2025-03-01T10:18:54,102.9
2025-03-01T10:18:55,92.04
2025-03-01T10:18:56,103.2
2025-03-01T10:18:57,97.06
,98.13
2025-03-01T10:18:59,99.77
2025-03-01T10:19:00,100.57
2025-03-01T10:19:01,95.35
2025-03-01T10:19:02,101.96
2025-03-01T10:19:03,105.51
2025-03-01T10:19:04,102.74
2025-03-01T10:19:05,99.85
2025-03-01T10:19:06,101.53
2025-03-01T10:19:07,103.48
2025-03-01T10:19:08,98.82
2025-03-01T10:19:09,99.41
2025-03-01T10:19:10,102.77
2025-03-01T10:19:11,95.27
2025-03-01T10:19:12,97.22
2025-03-01T10:19:13,101.79
2025-03-01T10:19:14,101.01
2025-03-01T10:19:15,102.6
2025-03-01T10:19:16,102.65
2025-03-01T10:19:17,96.18
2025-03-01T10:19:18,100.5
2025-03-01T10:19:19,91.21
2025-03-01T10:19:20,97.93
2025-03-01T10:19:21,104.77
2025-03-01T10:19:22,102.18
2025-03-01T10:19:23,96.6
2025-03-01T10:19:24,96.55
2025-03-01T10:19:25,107.51
2025-03-01T10:19:26,94.17
2025-03-01T10:19:27,89.62
2025-03-01T10:19:28,106.23
2025-03-01T10:19:29,101.89
2025-03-01T10:19:30,110.83
2025-03-01T10:19:31,
2025-03-01T10:19:32,106.77
2025-03-01T10:19:33,96.62
2025-03-01T10:19:34,105.15
2025-03-01T10:19:35,97.86
2025-03-01T10:19:36,101.49
2025-03-01T10:19:37,95.26
2025-03-01T10:19:38,99.74
2025-03-01T10:19:39,99.14
2025-03-01T10:19:40,101.31
2025-03-01T10:19:41,103.24
2025-03-01T10:19:42,94.96
2025-03-01T10:19:43,97.21
2025-03-01T10:19:44,95.39
2025-03-01T10:19:45,102.79
2025-03-01T10:19:46,92.98
2025-03-01T10:19:47,100.67
2025-03-01T10:19:48,103.58
2025-03-01T10:19:49,103.23
2025-03-01T10:19:50,96.42
2025-03-01T10:19:51,106.29
,98.47
2025-03-01T10:19:53,102.91
2025-03-01T10:19:54,104.02
2025-03-01T10:19:55,104.15
2025-03-01T10:19:56,101.72
2025-03-01T10:19:57,97.73
2025-03-01T10:19:58,100.55
2025-03-01T10:19:59,106.76
2025-03-01T10:20:00,104.97
2025-03-01T10:20:01,92.56
2025-03-01T10:20:02,
2025-03-01T10:20:03,105.99
2025-03-01T10:20:04,100.54
2025-03-01T10:20:05,92.43
2025-03-01T10:20:06,99.43
2025-03-01T10:20:07,96.53
2025-03-01T10:20:08,101.15
2025-03-01T10:20:09,108.36
2025-03-01T10:20:10,95.98
2025-03-01T10:20:11,106.44
2025-03-01T10:20:12,99.58
2025-03-01T10:20:13,99.1
2025-03-01T10:20:14,96.05
2025-03-01T10:20:15,102.62
2025-03-01T10:20:16,100.39
2025-03-01T10:20:17,102.75
2025-03-01T10:20:18,89.07
2025-03-01T10:20:19,104.89
2025-03-01T10:20:20,103.59
2025-03-01T10:20:21,94.68
2025-03-01T10:20:22,101.31
2025-03-01T10:20:23,90.42
2025-03-01T10:20:24,101.85
2025-03-01T10:20:25,102.94
2025-03-01T10:20:26,98.49
2025-03-01T10:20:27,97.25
2025-03-01T10:20:28,101.47
2025-03-01T10:20:29,93.34
2025-03-01T10:20:30,100.7
2025-03-01T10:20:31,91.04
2025-03-01T10:20:32,91.2
2025-03-01T10:20:33,95.82
2025-03-01T10:20:34,108.04
2025-03-01T10:20:35,100.9
2025-03-01T10:20:36,101.46
2025-03-01T10:20:37,109.03
2025-03-01T10:20:38,96.18
2025-03-01T10:20:39,102.44
2025-03-01T10:20:40,91.5
2025-03-01T10:20:41,97.27
2025-03-01T10:20:42,100.16
2025-03-01T10:20:43,99.69
2025-03-01T10:20:44,100.42
2025-03-01T10:20:45,104.15
2025-03-01T10:20:46,101.06
2025-03-01T10:20:47,95.74
2025-03-01T10:20:48,108.89
2025-03-01T10:20:49,102.72
2025-03-01T10:20:50,111.1
2025-03-01T10:20:51,103.9
2025-03-01T10:20:52,94.72
,97.76
2025-03-01T10:20:54,92.4
2025-03-01T10:20:55,96.57
2025-03-01T10:20:56,108.09
2025-03-01T10:20:57,95.06
2025-03-01T10:20:58,101.66
2025-03-01T10:20:59,96.95
2025-03-01T10:21:00,99.34
2025-03-01T10:21:01,100.19
2025-03-01T10:21:02,99.15
2025-03-01T10:21:03,95.18
2025-03-01T10:21:04,99.41
2025-03-01T10:21:05,98.16
2025-03-01T10:21:06,105.26
2025-03-01T10:21:07,102.29
2025-03-01T10:21:08,111.86
2025-03-01T10:21:09,97.1
2025-03-01T10:21:10,104.54
2025-03-01T10:21:11,95.94
2025-03-01T10:21:12,104.07
2025-03-01T10:21:13,96.02
2025-03-01T10:21:14,110.65
2025-03-01T10:21:15,103.56
2025-03-01T10:21:16,101.45
2025-03-01T10:21:17,94.0
2025-03-01T10:21:18,94.53
2025-03-01T10:21:19,95.13
2025-03-01T10:21:20,93.79
2025-03-01T10:21:21,102.64
2025-03-01T10:21:22,118.05
2025-03-01T10:21:23,98.89
2025-03-01T10:21:24,87.73
2025-03-01T10:21:25,96.08
2025-03-01T10:21:26,110.04
2025-03-01T10:21:27,98.05
2025-03-01T10:21:28,105.29
2025-03-01T10:21:29,101.94
2025-03-01T10:21:30,102.2
,101.63
2025-03-01T10:21:32,104.75
2025-03-01T10:21:33,102.83
2025-03-01T10:21:34,103.79
2025-03-01T10:21:35,101.68
2025-03-01T10:21:36,93.3
2025-03-01T10:21:37,98.08
2025-03-01T10:21:38,108.27
2025-03-01T10:21:39,97.5
2025-03-01T10:21:40,98.52
2025-03-01T10:21:41,103.46
,93.06
2025-03-01T10:21:43,91.75
2025-03-01T10:21:44,97.49
2025-03-01T10:21:45,107.21
2025-03-01T10:21:46,93.96
2025-03-01T10:21:47,95.25
2025-03-01T10:21:48,98.84
2025-03-01T10:21:49,105.2
2025-03-01T10:21:50,106.69
2025-03-01T10:21:51,89.67
2025-03-01T10:21:52,95.81
2025-03-01T10:21:53,109.31
2025-03-01T10:21:54,99.37
2025-03-01T10:21:55,91.99
2025-03-01T10:21:56,92.36
2025-03-01T10:21:57,99.54
2025-03-01T10:21:58,96.46
2025-03-01T10:21:59,100.37
2025-03-01T10:22:00,95.93
2025-03-01T10:22:01,93.86
2025-03-01T10:22:02,103.7
2025-03-01T10:22:03,103.01
2025-03-01T10:22:04,94.96
2025-03-01T10:22:05,105.61
2025-03-01T10:22:06,96.88
2025-03-01T10:22:07,99.74
2025-03-01T10:22:08,101.59
2025-03-01T10:22:09,101.56
2025-03-01T10:22:10,100.98
2025-03-01T10:22:11,103.82
2025-03-01T10:22:12,98.11
2025-03-01T10:22:13,102.63
2025-03-01T10:22:14,95.42
2025-03-01T10:22:15,93.15
2025-03-01T10:22:16,95.6
2025-03-01T10:22:17,102.34
2025-03-01T10:22:18,91.7
2025-03-01T10:22:19,106.83
2025-03-01T10:22:20,101.9
2025-03-01T10:22:21,96.17
2025-03-01T10:22:22,101.72
2025-03-01T10:22:23,100.24
2025-03-01T10:22:24,94.99
2025-03-01T10:22:25,98.19
2025-03-01T10:22:26,93.11
2025-03-01T10:22:27,106.86
2025-03-01T10:22:28,90.06
2025-03-01T10:22:29,93.19
2025-03-01T10:22:30,93.35
2025-03-01T10:22:31,102.9
2025-03-01T10:22:32,104.08
2025-03-01T10:22:33,97.02
2025-03-01T10:22:34,99.57
2025-03-01T10:22:35,100.63
2025-03-01T10:22:36,105.96
2025-03-01T10:22:37,99.86
2025-03-01T10:22:38,93.31
2025-03-01T10:22:39,100.33
2025-03-01T10:22:40,97.36
2025-03-01T10:22:41,92.32
2025-03-01T10:22:42,95.67
2025-03-01T10:22:43,103.45
2025-03-01T10:22:44,
2025-03-01T10:22:45,101.47
2025-03-01T10:22:46,95.68
2025-03-01T10:22:47,104.48
2025-03-01T10:22:48,100.18
2025-03-01T10:22:49,98.06
2025-03-01T10:22:50,98.9
2025-03-01T10:22:51,103.63
2025-03-01T10:22:52,105.4
2025-03-01T10:22:53,101.97
2025-03-01T10:22:54,103.68
2025-03-01T10:22:55,94.3
2025-03-01T10:22:56,102.14
2025-03-01T10:22:57,101.55
2025-03-01T10:22:58,97.18
2025-03-01T10:22:59,98.77
2025-03-01T10:23:00,108.01
2025-03-01T10:23:01,108.76
2025-03-01T10:23:02,106.46
2025-03-01T10:23:03,102.39
2025-03-01T10:23:04,92.41
2025-03-01T10:23:05,104.51
,96.78
2025-03-01T10:23:07,103.21
2025-03-01T10:23:08,102.81
,97.9
2025-03-01T10:23:10,
2025-03-01T10:23:11,95.58
2025-03-01T10:23:12,105.74
2025-03-01T10:23:13,100.01
2025-03-01T10:23:14,91.47
2025-03-01T10:23:15,107.18
2025-03-01T10:23:16,97.31
2025-03-01T10:23:17,102.76
2025-03-01T10:23:18,97.38
2025-03-01T10:23:19,100.2
2025-03-01T10:23:20,93.18
2025-03-01T10:23:21,96.67
2025-03-01T10:23:22,102.13
2025-03-01T10:23:23,105.73
2025-03-01T10:23:24,110.41
2025-03-01T10:23:25,94.02
2025-03-01T10:23:26,97.27
2025-03-01T10:23:27,99.49
2025-03-01T10:23:28,108.53
2025-03-01T10:23:29,102.44
2025-03-01T10:23:30,
2025-03-01T10:23:31,105.7
2025-03-01T10:23:32,104.34
2025-03-01T10:23:33,92.92
2025-03-01T10:23:34,105.99
2025-03-01T10:23:35,97.87
2025-03-01T10:23:36,101.5
2025-03-01T10:23:37,97.41
2025-03-01T10:23:38,102.55
2025-03-01T10:23:39,98.3
2025-03-01T10:23:40,109.29
2025-03-01T10:23:41,106.68
2025-03-01T10:23:42,95.26
,96.09
2025-03-01T10:23:44,106.47
2025-03-01T10:23:45,105.59
2025-03-01T10:23:46,103.65
2025-03-01T10:23:47,101.21
2025-03-01T10:23:48,106.8
2025-03-01T10:23:49,90.45
2025-03-01T10:23:50,86.05
2025-03-01T10:23:51,105.95
2025-03-01T10:23:52,103.87
2025-03-01T10:23:53,99.31
,97.92
2025-03-01T10:23:55,94.2
2025-03-01T10:23:56,96.55
2025-03-01T10:23:57,97.71
2025-03-01T10:23:58,99.88
2025-03-01T10:23:59,100.79
2025-03-01T10:24:00,104.37
2025-03-01T10:24:01,101.97
2025-03-01T10:24:02,99.07
2025-03-01T10:24:03,107.01
2025-03-01T10:24:04,107.76
2025-03-01T10:24:05,102.97
2025-03-01T10:24:06,90.68
2025-03-01T10:24:07,102.53
2025-03-01T10:24:08,95.47
2025-03-01T10:24:09,107.13
2025-03-01T10:24:10,106.81
2025-03-01T10:24:11,89.23
2025-03-01T10:24:12,102.56
2025-03-01T10:24:13,107.87
2025-03-01T10:24:14,108.44
2025-03-01T10:24:15,98.7
2025-03-01T10:24:16,99.75
2025-03-01T10:24:17,104.15
2025-03-01T10:24:18,110.12
2025-03-01T10:24:19,97.55
2025-03-01T10:24:20,101.65
2025-03-01T10:24:21,100.86
2025-03-01T10:24:22,100.26
2025-03-01T10:24:23,98.14
2025-03-01T10:24:24,99.01
2025-03-01T10:24:25,93.72
2025-03-01T10:24:26,108.42
2025-03-01T10:24:27,103.34
2025-03-01T10:24:28,106.28
2025-03-01T10:24:29,102.16
2025-03-01T10:24:30,102.62
2025-03-01T10:24:31,103.54
2025-03-01T10:24:32,92.29
2025-03-01T10:24:33,94.26
2025-03-01T10:24:34,103.18
2025-03-01T10:24:35,110.19
2025-03-01T10:24:36,99.56
2025-03-01T10:24:37,103.06
2025-03-01T10:24:38,108.55
2025-03-01T10:24:39,100.02
2025-03-01T10:24:40,108.2
2025-03-01T10:24:41,90.57
2025-03-01T10:24:42,102.94
2025-03-01T10:24:43,105.79
2025-03-01T10:24:44,100.67
2025-03-01T10:24:45,88.74
2025-03-01T10:24:46,95.97
2025-03-01T10:24:47,95.59
2025-03-01T10:24:48,97.22
2025-03-01T10:24:49,111.63
2025-03-01T10:24:50,102.97
2025-03-01T10:24:51,95.46
2025-03-01T10:24:52,96.73
2025-03-01T10:24:53,97.45
2025-03-01T10:24:54,89.83
2025-03-01T10:24:55,99.08
2025-03-01T10:24:56,94.64
2025-03-01T10:24:57,101.64
2025-03-01T10:24:58,103.81
2025-03-01T10:24:59,103.75
,101.12
2025-03-01T10:25:01,97.93
2025-03-01T10:25:02,103.77
2025-03-01T10:25:03,89.28
2025-03-01T10:25:04,92.88
2025-03-01T10:25:05,104.0
2025-03-01T10:25:06,103.18
2025-03-01T10:25:07,110.09
2025-03-01T10:25:08,97.67
2025-03-01T10:25:09,102.41
2025-03-01T10:25:10,89.66
,94.96
2025-03-01T10:25:12,97.39
2025-03-01T10:25:13,102.86
2025-03-01T10:25:14,99.14
2025-03-01T10:25:15,95.17
2025-03-01T10:25:16,99.85
2025-03-01T10:25:17,101.42
2025-03-01T10:25:18,112.95
2025-03-01T10:25:19,101.81
2025-03-01T10:25:20,
2025-03-01T10:25:21,95.36
2025-03-01T10:25:22,94.9
2025-03-01T10:25:23,104.61
2025-03-01T10:25:24,103.24
2025-03-01T10:25:25,106.58
2025-03-01T10:25:26,95.88
2025-03-01T10:25:27,102.95
2025-03-01T10:25:28,100.8
2025-03-01T10:25:29,95.34
2025-03-01T10:25:30,98.25
2025-03-01T10:25:31,98.14
2025-03-01T10:25:32,92.48
2025-03-01T10:25:33,98.21
2025-03-01T10:25:34,98.97
2025-03-01T10:25:35,105.18
2025-03-01T10:25:36,102.49
2025-03-01T10:25:37,97.68
2025-03-01T10:25:38,100.57
2025-03-01T10:25:39,102.46
2025-03-01T10:25:40,99.55
2025-03-01T10:25:41,106.47
2025-03-01T10:25:42,105.56
2025-03-01T10:25:43,96.45
2025-03-01T10:25:44,95.47
2025-03-01T10:25:45,95.38
2025-03-01T10:25:46,96.45
2025-03-01T10:25:47,96.32
2025-03-01T10:25:48,105.7
2025-03-01T10:25:49,99.08
2025-03-01T10:25:50,101.29
2025-03-01T10:25:51,102.43
2025-03-01T10:25:52,99.67
2025-03-01T10:25:53,97.15
2025-03-01T10:25:54,101.54
2025-03-01T10:25:55,99.96
2025-03-01T10:25:56,85.59
2025-03-01T10:25:57,103.3
2025-03-01T10:25:58,99.07
2025-03-01T10:25:59,92.61
2025-03-01T10:26:00,107.66
2025-03-01T10:26:01,97.39
2025-03-01T10:26:02,96.27
2025-03-01T10:26:03,96.07
2025-03-01T10:26:04,103.83
2025-03-01T10:26:05,109.86
2025-03-01T10:26:06,103.58
2025-03-01T10:26:07,100.29
2025-03-01T10:26:08,101.29
2025-03-01T10:26:09,94.44
2025-03-01T10:26:10,107.18
2025-03-01T10:26:11,99.29
2025-03-01T10:26:12,107.35
2025-03-01T10:26:13,101.64
2025-03-01T10:26:14,92.69
2025-03-01T10:26:15,109.02
2025-03-01T10:26:16,92.85
2025-03-01T10:26:17,92.87
2025-03-01T10:26:18,103.45
2025-03-01T10:26:19,96.12
2025-03-01T10:26:20,92.94
2025-03-01T10:26:21,95.88
2025-03-01T10:26:22,99.88
2025-03-01T10:26:23,95.1
2025-03-01T10:26:24,90.69
2025-03-01T10:26:25,99.23
2025-03-01T10:26:26,89.27
2025-03-01T10:26:27,105.03
2025-03-01T10:26:28,106.29
2025-03-01T10:26:29,106.17
2025-03-01T10:26:30,107.17
2025-03-01T10:26:31,93.84
2025-03-01T10:26:32,103.28
2025-03-01T10:26:33,93.89
2025-03-01T10:26:34,100.68
2025-03-01T10:26:35,99.32
2025-03-01T10:26:36,106.32
2025-03-01T10:26:37,100.96
2025-03-01T10:26:38,100.77
2025-03-01T10:26:39,93.67
2025-03-01T10:26:40,98.59
2025-03-01T10:26:41,98.9
2025-03-01T10:26:42,108.1
2025-03-01T10:26:43,105.83
2025-03-01T10:26:44,100.45
2025-03-01T10:26:45,99.11
2025-03-01T10:26:46,102.65
2025-03-01T10:26:47,101.87
2025-03-01T10:26:48,98.02
2025-03-01T10:26:49,98.32
2025-03-01T10:26:50,107.37
2025-03-01T10:26:51,94.46
2025-03-01T10:26:52,92.09
2025-03-01T10:26:53,98.46
2025-03-01T10:26:54,103.5
2025-03-01T10:26:55,93.26
2025-03-01T10:26:56,96.12
2025-03-01T10:26:57,105.7
2025-03-01T10:26:58,104.68
2025-03-01T10:26:59,99.3
2025-03-01T10:27:00,96.3
2025-03-01T10:27:01,96.94
2025-03-01T10:27:02,105.38
2025-03-01T10:27:03,106.49
2025-03-01T10:27:04,98.9
2025-03-01T10:27:05,98.37
2025-03-01T10:27:06,109.53
2025-03-01T10:27:07,99.22
2025-03-01T10:27:08,96.7
2025-03-01T10:27:09,103.66
2025-03-01T10:27:10,96.86
2025-03-01T10:27:11,106.86
2025-03-01T10:27:12,96.43
2025-03-01T10:27:13,96.38
2025-03-01T10:27:14,99.16
2025-03-01T10:27:15,93.7
2025-03-01T10:27:16,88.87
2025-03-01T10:27:17,102.19
,98.77
2025-03-01T10:27:19,97.05
2025-03-01T10:27:20,97.24
2025-03-01T10:27:21,99.81
2025-03-01T10:27:22,106.04
2025-03-01T10:27:23,98.03
,97.45
,92.44
2025-03-01T10:27:26,97.75
2025-03-01T10:27:27,112.68
2025-03-01T10:27:28,105.31
2025-03-01T10:27:29,97.31
2025-03-01T10:27:30,99.41
2025-03-01T10:27:31,104.82
2025-03-01T10:27:32,100.75
2025-03-01T10:27:33,
2025-03-01T10:27:34,103.66
2025-03-01T10:27:35,103.96
2025-03-01T10:27:36,98.65
2025-03-01T10:27:37,106.17
2025-03-01T10:27:38,106.89
2025-03-01T10:27:39,98.3
2025-03-01T10:27:40,97.45
2025-03-01T10:27:41,98.25
2025-03-01T10:27:42,95.82
2025-03-01T10:27:43,94.56
2025-03-01T10:27:44,108.08
2025-03-01T10:27:45,95.92
2025-03-01T10:27:46,104.79
2025-03-01T10:27:47,99.09
2025-03-01T10:27:48,98.94
2025-03-01T10:27:49,105.72
2025-03-01T10:27:50,106.39
2025-03-01T10:27:51,105.41
2025-03-01T10:27:52,100.66
2025-03-01T10:27:53,90.06
2025-03-01T10:27:54,103.66
2025-03-01T10:27:55,92.96
2025-03-01T10:27:56,102.05
2025-03-01T10:27:57,108.85
2025-03-01T10:27:58,95.15
2025-03-01T10:27:59,99.47
2025-03-01T10:28:00,102.91
2025-03-01T10:28:01,101.24
2025-03-01T10:28:02,103.89
2025-03-01T10:28:03,99.07
2025-03-01T10:28:04,99.3
2025-03-01T10:28:05,98.08
,103.25
,98.24
2025-03-01T10:28:08,99.11
2025-03-01T10:28:09,104.79
2025-03-01T10:28:10,96.8
2025-03-01T10:28:11,104.46
2025-03-01T10:28:12,91.0
2025-03-01T10:28:13,96.0
2025-03-01T10:28:14,100.02
2025-03-01T10:28:15,99.11
2025-03-01T10:28:16,97.2
2025-03-01T10:28:17,96.47
2025-03-01T10:28:18,89.53
2025-03-01T10:28:19,103.75
2025-03-01T10:28:20,106.72
2025-03-01T10:28:21,98.95
2025-03-01T10:28:22,102.32
2025-03-01T10:28:23,102.41
2025-03-01T10:28:24,99.63
2025-03-01T10:28:25,98.82
2025-03-01T10:28:26,105.31
2025-03-01T10:28:27,97.69
2025-03-01T10:28:28,105.65
2025-03-01T10:28:29,96.33
2025-03-01T10:28:30,106.11
2025-03-01T10:28:31,105.16
2025-03-01T10:28:32,102.44
2025-03-01T10:28:33,96.95
2025-03-01T10:28:34,99.97
2025-03-01T10:28:35,95.74
2025-03-01T10:28:36,103.94
2025-03-01T10:28:37,98.57
,101.1
2025-03-01T10:28:39,100.93
2025-03-01T10:28:40,106.79
2025-03-01T10:28:41,99.46
2025-03-01T10:28:42,101.79
2025-03-01T10:28:43,100.49
2025-03-01T10:28:44,100.92
2025-03-01T10:28:45,101.34
2025-03-01T10:28:46,100.75
2025-03-01T10:28:47,103.57
2025-03-01T10:28:48,102.95
2025-03-01T10:28:49,102.21
2025-03-01T10:28:50,101.07
2025-03-01T10:28:51,100.63
2025-03-01T10:28:52,99.65
2025-03-01T10:28:53,92.27
2025-03-01T10:28:54,99.34
2025-03-01T10:28:55,100.65
2025-03-01T10:28:56,95.93
2025-03-01T10:28:57,101.48
2025-03-01T10:28:58,91.05
2025-03-01T10:28:59,100.92
2025-03-01T10:29:00,98.79
2025-03-01T10:29:01,101.61
2025-03-01T10:29:02,93.2
,99.93
2025-03-01T10:29:04,99.19
2025-03-01T10:29:05,94.41
2025-03-01T10:29:06,96.02
2025-03-01T10:29:07,101.09
2025-03-01T10:29:08,102.47
2025-03-01T10:29:09,99.48
2025-03-01T10:29:10,101.8
2025-03-01T10:29:11,99.57
2025-03-01T10:29:12,101.77
2025-03-01T10:29:13,99.58
2025-03-01T10:29:14,102.93
2025-03-01T10:29:15,98.98
2025-03-01T10:29:16,105.72
2025-03-01T10:29:17,89.78
2025-03-01T10:29:18,96.13
2025-03-01T10:29:19,104.75
2025-03-01T10:29:20,95.56
2025-03-01T10:29:21,100.54
2025-03-01T10:29:22,92.91
2025-03-01T10:29:23,92.96
2025-03-01T10:29:24,92.85
2025-03-01T10:29:25,104.73
2025-03-01T10:29:26,102.19
2025-03-01T10:29:27,101.14
2025-03-01T10:29:28,94.54
2025-03-01T10:29:29,108.69
2025-03-01T10:29:30,95.72
2025-03-01T10:29:31,87.61
2025-03-01T10:29:32,94.66
2025-03-01T10:29:33,98.85
2025-03-01T10:29:34,98.52
2025-03-01T10:29:35,100.11
2025-03-01T10:29:36,94.96
2025-03-01T10:29:37,95.73
2025-03-01T10:29:38,94.62
2025-03-01T10:29:39,101.93
2025-03-01T10:29:40,110.46
2025-03-01T10:29:41,101.32
2025-03-01T10:29:42,99.01
2025-03-01T10:29:43,100.94
2025-03-01T10:29:44,99.78
2025-03-01T10:29:45,106.97
2025-03-01T10:29:46,104.82
2025-03-01T10:29:47,93.43
2025-03-01T10:29:48,95.44
2025-03-01T10:29:49,107.93
2025-03-01T10:29:50,103.52
2025-03-01T10:29:51,101.17
2025-03-01T10:29:52,108.59
2025-03-01T10:29:53,99.5
2025-03-01T10:29:54,103.46
2025-03-01T10:29:55,96.77
2025-03-01T10:29:56,102.82
2025-03-01T10:29:57,99.34
2025-03-01T10:29:58,98.73
2025-03-01T10:29:59,104.76
2025-03-01T10:30:00,107.26
2025-03-01T10:30:01,101.86
2025-03-01T10:30:02,98.61
2025-03-01T10:30:03,100.7
2025-03-01T10:30:04,99.36
2025-03-01T10:30:05,95.18
2025-03-01T10:30:06,100.46
2025-03-01T10:30:07,95.88
2025-03-01T10:30:08,84.02
2025-03-01T10:30:09,105.67
2025-03-01T10:30:10,95.65
2025-03-01T10:30:11,
2025-03-01T10:30:12,104.11
2025-03-01T10:30:13,95.57
2025-03-01T10:30:14,103.91
2025-03-01T10:30:15,95.78
2025-03-01T10:30:16,101.45
2025-03-01T10:30:17,109.22
2025-03-01T10:30:18,92.93
2025-03-01T10:30:19,105.76
2025-03-01T10:30:20,102.22
2025-03-01T10:30:21,98.68
2025-03-01T10:30:22,101.21
2025-03-01T10:30:23,94.59
2025-03-01T10:30:24,94.97
2025-03-01T10:30:25,105.23
2025-03-01T10:30:26,98.14
2025-03-01T10:30:27,108.4
2025-03-01T10:30:28,104.95
2025-03-01T10:30:29,98.17
2025-03-01T10:30:30,97.57
2025-03-01T10:30:31,113.63
2025-03-01T10:30:32,104.88
2025-03-01T10:30:33,101.64
,110.93
2025-03-01T10:30:35,96.95
2025-03-01T10:30:36,93.0
2025-03-01T10:30:37,96.62
2025-03-01T10:30:38,97.15
2025-03-01T10:30:39,100.79
2025-03-01T10:30:40,109.13
2025-03-01T10:30:41,98.78
2025-03-01T10:30:42,86.72
2025-03-01T10:30:43,96.75
2025-03-01T10:30:44,91.41
2025-03-01T10:30:45,102.2
2025-03-01T10:30:46,100.74
2025-03-01T10:30:47,105.37
2025-03-01T10:30:48,97.95
,100.49
2025-03-01T10:30:50,96.13
2025-03-01T10:30:51,97.55
2025-03-01T10:30:52,96.13
2025-03-01T10:30:53,93.94
2025-03-01T10:30:54,100.8
2025-03-01T10:30:55,99.79
2025-03-01T10:30:56,105.28
2025-03-01T10:30:57,98.4
2025-03-01T10:30:58,102.61
2025-03-01T10:30:59,99.97
2025-03-01T10:31:00,104.64
2025-03-01T10:31:01,92.83
2025-03-01T10:31:02,103.71
2025-03-01T10:31:03,97.14
2025-03-01T10:31:04,
2025-03-01T10:31:05,97.68
2025-03-01T10:31:06,103.03
2025-03-01T10:31:07,92.81
2025-03-01T10:31:08,99.92
2025-03-01T10:31:09,100.68
2025-03-01T10:31:10,100.37
2025-03-01T10:31:11,99.19
2025-03-01T10:31:12,104.46
2025-03-01T10:31:13,100.12
2025-03-01T10:31:14,96.99
2025-03-01T10:31:15,97.34
2025-03-01T10:31:16,94.7
2025-03-01T10:31:17,104.69
2025-03-01T10:31:18,102.95
2025-03-01T10:31:19,
2025-03-01T10:31:20,103.21
2025-03-01T10:31:21,94.72
2025-03-01T10:31:22,99.41
2025-03-01T10:31:23,101.84
2025-03-01T10:31:24,105.46
2025-03-01T10:31:25,95.88
2025-03-01T10:31:26,97.25
2025-03-01T10:31:27,108.82
2025-03-01T10:31:28,86.65
2025-03-01T10:31:29,96.37
2025-03-01T10:31:30,104.87
2025-03-01T10:31:31,94.92
2025-03-01T10:31:32,100.49
2025-03-01T10:31:33,96.35
2025-03-01T10:31:34,99.53
2025-03-01T10:31:35,95.15
2025-03-01T10:31:36,110.62
2025-03-01T10:31:37,104.29
2025-03-01T10:31:38,95.44
2025-03-01T10:31:39,98.62
2025-03-01T10:31:40,95.96
2025-03-01T10:31:41,99.08
2025-03-01T10:31:42,102.51
2025-03-01T10:31:43,
2025-03-01T10:31:44,101.65
2025-03-01T10:31:45,108.62
2025-03-01T10:31:46,97.43
2025-03-01T10:31:47,101.25
2025-03-01T10:31:48,105.27
2025-03-01T10:31:49,99.28
2025-03-01T10:31:50,107.77
2025-03-01T10:31:51,98.19
2025-03-01T10:31:52,89.69
2025-03-01T10:31:53,98.64
2025-03-01T10:31:54,102.06
2025-03-01T10:31:55,96.3
2025-03-01T10:31:56,99.34
2025-03-01T10:31:57,102.87
2025-03-01T10:31:58,93.68
2025-03-01T10:31:59,94.72
2025-03-01T10:32:00,98.42
2025-03-01T10:32:01,102.01
2025-03-01T10:32:02,94.42
2025-03-01T10:32:03,97.82
2025-03-01T10:32:04,98.62
2025-03-01T10:32:05,104.27
2025-03-01T10:32:06,98.18
2025-03-01T10:32:07,96.68
2025-03-01T10:32:08,101.32
2025-03-01T10:32:09,99.49
2025-03-01T10:32:10,92.98
2025-03-01T10:32:11,91.78
2025-03-01T10:32:12,99.48
2025-03-01T10:32:13,101.05
2025-03-01T10:32:14,96.12
2025-03-01T10:32:15,95.32
2025-03-01T10:32:16,103.79
2025-03-01T10:32:17,106.1
2025-03-01T10:32:18,99.37
2025-03-01T10:32:19,103.48
2025-03-01T10:32:20,104.88
2025-03-01T10:32:21,97.31
2025-03-01T10:32:22,99.65
2025-03-01T10:32:23,99.11
2025-03-01T10:32:24,98.69
2025-03-01T10:32:25,100.71
2025-03-01T10:32:26,109.54
2025-03-01T10:32:27,95.06
2025-03-01T10:32:28,104.18
2025-03-01T10:32:29,100.08
2025-03-01T10:32:30,100.07
2025-03-01T10:32:31,97.58
2025-03-01T10:32:32,100.67
2025-03-01T10:32:33,
2025-03-01T10:32:34,103.59
2025-03-01T10:32:35,98.47
2025-03-01T10:32:36,104.56
2025-03-01T10:32:37,98.61
2025-03-01T10:32:38,94.07
2025-03-01T10:32:39,94.19
2025-03-01T10:32:40,99.8
2025-03-01T10:32:41,97.39
,92.98
2025-03-01T10:32:43,96.08
2025-03-01T10:32:44,96.56
2025-03-01T10:32:45,94.53
2025-03-01T10:32:46,106.24
2025-03-01T10:32:47,103.61
,
2025-03-01T10:32:49,98.14
2025-03-01T10:32:50,94.55
2025-03-01T10:32:51,98.33
2025-03-01T10:32:52,97.79
2025-03-01T10:32:53,113.1
2025-03-01T10:32:54,97.62
2025-03-01T10:32:55,103.45
2025-03-01T10:32:56,
2025-03-01T10:32:57,93.43
2025-03-01T10:32:58,103.84
2025-03-01T10:32:59,102.25
2025-03-01T10:33:00,103.34
2025-03-01T10:33:01,104.76
2025-03-01T10:33:02,107.72
2025-03-01T10:33:03,105.53
2025-03-01T10:33:04,109.98
2025-03-01T10:33:05,97.68
2025-03-01T10:33:06,95.2
2025-03-01T10:33:07,103.07
2025-03-01T10:33:08,103.98
2025-03-01T10:33:09,96.8
2025-03-01T10:33:10,95.14
2025-03-01T10:33:11,101.54
2025-03-01T10:33:12,90.7
2025-03-01T10:33:13,103.51
2025-03-01T10:33:14,102.58
2025-03-01T10:33:15,96.72
2025-03-01T10:33:16,95.51
2025-03-01T10:33:17,90.07
2025-03-01T10:33:18,110.77
,91.31
2025-03-01T10:33:20,91.22
2025-03-01T10:33:21,97.52
2025-03-01T10:33:22,97.55
2025-03-01T10:33:23,107.52
2025-03-01T10:33:24,103.75
2025-03-01T10:33:25,103.19
2025-03-01T10:33:26,102.95
2025-03-01T10:33:27,102.25
2025-03-01T10:33:28,88.38
2025-03-01T10:33:29,97.81
,100.14
2025-03-01T10:33:31,104.27
2025-03-01T10:33:32,101.03
2025-03-01T10:33:33,98.81
2025-03-01T10:33:34,105.5
2025-03-01T10:33:35,103.24
2025-03-01T10:33:36,89.73
2025-03-01T10:33:37,102.86
2025-03-01T10:33:38,110.94
2025-03-01T10:33:39,96.0
2025-03-01T10:33:40,91.6
2025-03-01T10:33:41,99.16
2025-03-01T10:33:42,95.36
2025-03-01T10:33:43,102.33
2025-03-01T10:33:44,98.2
2025-03-01T10:33:45,106.55
2025-03-01T10:33:46,101.3
2025-03-01T10:33:47,104.4
2025-03-01T10:33:48,103.08
2025-03-01T10:33:49,98.56
2025-03-01T10:33:50,101.54
2025-03-01T10:33:51,106.73
,102.83
2025-03-01T10:33:53,94.61
2025-03-01T10:33:54,91.52
2025-03-01T10:33:55,93.41
2025-03-01T10:33:56,103.29
2025-03-01T10:33:57,97.21
2025-03-01T10:33:58,92.53
2025-03-01T10:33:59,103.44
2025-03-01T10:34:00,95.74
2025-03-01T10:34:01,92.35
2025-03-01T10:34:02,96.12
2025-03-01T10:34:03,99.83
2025-03-01T10:34:04,93.66
2025-03-01T10:34:05,90.84
2025-03-01T10:34:06,105.75
2025-03-01T10:34:07,106.37
2025-03-01T10:34:08,99.2
2025-03-01T10:34:09,95.64
2025-03-01T10:34:10,104.09
2025-03-01T10:34:11,100.02
2025-03-01T10:34:12,95.53
2025-03-01T10:34:13,101.42
2025-03-01T10:34:14,109.84
2025-03-01T10:34:15,102.95
2025-03-01T10:34:16,96.02
2025-03-01T10:34:17,101.44
2025-03-01T10:34:18,95.54
,86.05
2025-03-01T10:34:20,96.85
2025-03-01T10:34:21,104.23
2025-03-01T10:34:22,95.8
2025-03-01T10:34:23,107.0
2025-03-01T10:34:24,107.1
2025-03-01T10:34:25,104.97
2025-03-01T10:34:26,97.01
2025-03-01T10:34:27,84.35
2025-03-01T10:34:28,89.19
2025-03-01T10:34:29,91.22
2025-03-01T10:34:30,96.35
2025-03-01T10:34:31,100.61
2025-03-01T10:34:32,96.39
2025-03-01T10:34:33,101.92
2025-03-01T10:34:34,106.48
2025-03-01T10:34:35,97.74
2025-03-01T10:34:36,94.64
2025-03-01T10:34:37,91.86
2025-03-01T10:34:38,97.71
2025-03-01T10:34:39,105.32
2025-03-01T10:34:40,96.88
2025-03-01T10:34:41,99.1
2025-03-01T10:34:42,102.37
2025-03-01T10:34:43,99.36
2025-03-01T10:34:44,97.71
2025-03-01T10:34:45,99.58
2025-03-01T10:34:46,106.47
2025-03-01T10:34:47,101.06
2025-03-01T10:34:48,101.39
2025-03-01T10:34:49,100.02
2025-03-01T10:34:50,102.82
2025-03-01T10:34:51,102.35
2025-03-01T10:34:52,93.84
2025-03-01T10:34:53,92.94
2025-03-01T10:34:54,100.53
2025-03-01T10:34:55,107.75
2025-03-01T10:34:56,96.54
2025-03-01T10:34:57,102.42
2025-03-01T10:34:58,96.97
2025-03-01T10:34:59,100.78
2025-03-01T10:35:00,99.42
2025-03-01T10:35:01,99.78
2025-03-01T10:35:02,100.57
2025-03-01T10:35:03,103.09
2025-03-01T10:35:04,103.31
2025-03-01T10:35:05,95.39
2025-03-01T10:35:06,
2025-03-01T10:35:07,94.04
2025-03-01T10:35:08,100.0
2025-03-01T10:35:09,100.3
2025-03-01T10:35:10,95.66
2025-03-01T10:35:11,98.97
,95.39
2025-03-01T10:35:13,98.46
2025-03-01T10:35:14,96.97
2025-03-01T10:35:15,95.63
2025-03-01T10:35:16,106.11
2025-03-01T10:35:17,94.91
2025-03-01T10:35:18,99.77
2025-03-01T10:35:19,101.51
2025-03-01T10:35:20,97.08
2025-03-01T10:35:21,93.51
2025-03-01T10:35:22,95.57
2025-03-01T10:35:23,99.4
2025-03-01T10:35:24,101.31
2025-03-01T10:35:25,104.41
2025-03-01T10:35:26,101.53
2025-03-01T10:35:27,109.35
2025-03-01T10:35:28,94.41
2025-03-01T10:35:29,104.72
2025-03-01T10:35:30,102.35
2025-03-01T10:35:31,97.32
2025-03-01T10:35:32,106.26
,98.03
2025-03-01T10:35:34,103.6
2025-03-01T10:35:35,93.7
2025-03-01T10:35:36,99.97
2025-03-01T10:35:37,100.49
2025-03-01T10:35:38,
2025-03-01T10:35:39,97.49
2025-03-01T10:35:40,96.53
2025-03-01T10:35:41,105.08
2025-03-01T10:35:42,94.91
,95.49
2025-03-01T10:35:44,100.83
2025-03-01T10:35:45,101.78
2025-03-01T10:35:46,90.28
2025-03-01T10:35:47,96.69
2025-03-01T10:35:48,101.74
,95.89
2025-03-01T10:35:50,102.68
2025-03-01T10:35:51,96.27
2025-03-01T10:35:52,96.84
2025-03-01T10:35:53,104.89
2025-03-01T10:35:54,96.33
2025-03-01T10:35:55,105.61
2025-03-01T10:35:56,98.94
2025-03-01T10:35:57,110.88
2025-03-01T10:35:58,102.9
2025-03-01T10:35:59,97.64
2025-03-01T10:36:00,104.21
2025-03-01T10:36:01,106.06
2025-03-01T10:36:02,100.3
2025-03-01T10:36:03,100.89
2025-03-01T10:36:04,99.51
2025-03-01T10:36:05,98.08
2025-03-01T10:36:06,103.13
2025-03-01T10:36:07,109.45
2025-03-01T10:36:08,107.65
2025-03-01T10:36:09,92.1
2025-03-01T10:36:10,110.6
2025-03-01T10:36:11,95.82
2025-03-01T10:36:12,96.48
2025-03-01T10:36:13,106.92
2025-03-01T10:36:14,108.66
2025-03-01T10:36:15,92.26
2025-03-01T10:36:16,103.42
2025-03-01T10:36:17,
2025-03-01T10:36:18,95.42
2025-03-01T10:36:19,100.84
2025-03-01T10:36:20,96.9
2025-03-01T10:36:21,105.06
2025-03-01T10:36:22,93.88
2025-03-01T10:36:23,116.28
2025-03-01T10:36:24,104.96
2025-03-01T10:36:25,92.97
2025-03-01T10:36:26,107.13
2025-03-01T10:36:27,103.02
2025-03-01T10:36:28,98.73
2025-03-01T10:36:29,104.65
2025-03-01T10:36:30,96.1
,107.55
2025-03-01T10:36:32,106.62
2025-03-01T10:36:33,98.58
2025-03-01T10:36:34,101.68
2025-03-01T10:36:35,95.78
,110.93
2025-03-01T10:36:37,104.27
2025-03-01T10:36:38,91.78
2025-03-01T10:36:39,98.58
2025-03-01T10:36:40,110.31
2025-03-01T10:36:41,105.59
2025-03-01T10:36:42,102.28
2025-03-01T10:36:43,93.98
2025-03-01T10:36:44,100.41
2025-03-01T10:36:45,92.74
2025-03-01T10:36:46,100.83
2025-03-01T10:36:47,103.54
2025-03-01T10:36:48,102.14
2025-03-01T10:36:49,91.45
2025-03-01T10:36:50,93.37
2025-03-01T10:36:51,102.31
2025-03-01T10:36:52,96.22
2025-03-01T10:36:53,101.72
2025-03-01T10:36:54,103.95
2025-03-01T10:36:55,102.3
2025-03-01T10:36:56,109.43
2025-03-01T10:36:57,99.77
2025-03-01T10:36:58,111.25
2025-03-01T10:36:59,104.44
2025-03-01T10:37:00,97.02
2025-03-01T10:37:01,101.15
2025-03-01T10:37:02,101.24
2025-03-01T10:37:03,99.4
2025-03-01T10:37:04,91.92
2025-03-01T10:37:05,94.92
2025-03-01T10:37:06,94.1
2025-03-01T10:37:07,86.07
2025-03-01T10:37:08,90.76
2025-03-01T10:37:09,110.21
2025-03-01T10:37:10,98.11
2025-03-01T10:37:11,107.57
2025-03-01T10:37:12,97.96
2025-03-01T10:37:13,98.66
2025-03-01T10:37:14,98.95
2025-03-01T10:37:15,113.21
2025-03-01T10:37:16,99.36
2025-03-01T10:37:17,105.17
2025-03-01T10:37:18,101.61
2025-03-01T10:37:19,95.37
2025-03-01T10:37:20,90.8
2025-03-01T10:37:21,92.67
2025-03-01T10:37:22,103.13
2025-03-01T10:37:23,102.25
,103.62
2025-03-01T10:37:25,102.7
2025-03-01T10:37:26,91.14
2025-03-01T10:37:27,107.84
2025-03-01T10:37:28,105.64
2025-03-01T10:37:29,97.1
2025-03-01T10:37:30,97.91
2025-03-01T10:37:31,98.89
2025-03-01T10:37:32,100.3
2025-03-01T10:37:33,85.31
2025-03-01T10:37:34,105.08
2025-03-01T10:37:35,101.48
2025-03-01T10:37:36,98.16
2025-03-01T10:37:37,96.35
2025-03-01T10:37:38,91.01
2025-03-01T10:37:39,115.15
2025-03-01T10:37:40,103.65
2025-03-01T10:37:41,104.97
2025-03-01T10:37:42,91.43
2025-03-01T10:37:43,105.85
2025-03-01T10:37:44,90.81
2025-03-01T10:37:45,93.92
2025-03-01T10:37:46,104.06
2025-03-01T10:37:47,102.72
2025-03-01T10:37:48,103.62
2025-03-01T10:37:49,102.68
2025-03-01T10:37:50,94.25
2025-03-01T10:37:51,97.15
2025-03-01T10:37:52,102.59
2025-03-01T10:37:53,102.63
2025-03-01T10:37:54,107.95
2025-03-01T10:37:55,96.45
2025-03-01T10:37:56,95.29
2025-03-01T10:37:57,97.79
2025-03-01T10:37:58,97.84
2025-03-01T10:37:59,96.23
2025-03-01T10:38:00,102.25
2025-03-01T10:38:01,94.17
2025-03-01T10:38:02,97.68
2025-03-01T10:38:03,100.46
2025-03-01T10:38:04,92.99
2025-03-01T10:38:05,97.85
2025-03-01T10:38:06,93.93
,101.52
2025-03-01T10:38:08,99.02
2025-03-01T10:38:09,103.93
2025-03-01T10:38:10,99.91
2025-03-01T10:38:11,92.09
2025-03-01T10:38:12,97.47
2025-03-01T10:38:13,100.47
2025-03-01T10:38:14,97.52
2025-03-01T10:38:15,99.25
2025-03-01T10:38:16,102.88
2025-03-01T10:38:17,102.63
2025-03-01T10:38:18,104.55
2025-03-01T10:38:19,91.21
2025-03-01T10:38:20,95.99
2025-03-01T10:38:21,92.79
2025-03-01T10:38:22,103.77
2025-03-01T10:38:23,98.46
,104.23
2025-03-01T10:38:25,104.36
2025-03-01T10:38:26,105.78
2025-03-01T10:38:27,95.4
2025-03-01T10:38:28,97.54
2025-03-01T10:38:29,104.56
2025-03-01T10:38:30,109.09
2025-03-01T10:38:31,99.71
2025-03-01T10:38:32,104.88
,101.92
2025-03-01T10:38:34,98.47
2025-03-01T10:38:35,90.38
2025-03-01T10:38:36,99.94
2025-03-01T10:38:37,92.06
2025-03-01T10:38:38,99.97
2025-03-01T10:38:39,99.48
2025-03-01T10:38:40,102.8
2025-03-01T10:38:41,92.49
2025-03-01T10:38:42,95.34
2025-03-01T10:38:43,93.28
2025-03-01T10:38:44,105.56
2025-03-01T10:38:45,103.03
2025-03-01T10:38:46,95.15
2025-03-01T10:38:47,114.73
2025-03-01T10:38:48,94.35
2025-03-01T10:38:49,100.37
2025-03-01T10:38:50,99.91
2025-03-01T10:38:51,101.18
2025-03-01T10:38:52,90.22
,100.22
2025-03-01T10:38:54,105.42
2025-03-01T10:38:55,98.22
2025-03-01T10:38:56,96.97
2025-03-01T10:38:57,99.52
2025-03-01T10:38:58,96.41
2025-03-01T10:38:59,108.76
2025-03-01T10:39:00,
2025-03-01T10:39:01,102.43
2025-03-01T10:39:02,99.79
2025-03-01T10:39:03,100.19
2025-03-01T10:39:04,93.91
2025-03-01T10:39:05,99.55
2025-03-01T10:39:06,100.18
2025-03-01T10:39:07,110.04
2025-03-01T10:39:08,94.67
2025-03-01T10:39:09,100.51
2025-03-01T10:39:10,98.75
2025-03-01T10:39:11,103.43
2025-03-01T10:39:12,99.04
2025-03-01T10:39:13,101.07
2025-03-01T10:39:14,95.19
2025-03-01T10:39:15,103.87
2025-03-01T10:39:16,92.99
2025-03-01T10:39:17,104.2
2025-03-01T10:39:18,94.81
2025-03-01T10:39:19,102.73
2025-03-01T10:39:20,95.02
2025-03-01T10:39:21,95.19
2025-03-01T10:39:22,105.22
2025-03-01T10:39:23,98.54
2025-03-01T10:39:24,96.63
2025-03-01T10:39:25,101.39
2025-03-01T10:39:26,105.67
2025-03-01T10:39:27,98.9
2025-03-01T10:39:28,105.68
2025-03-01T10:39:29,102.5
2025-03-01T10:39:30,97.3
2025-03-01T10:39:31,99.27
2025-03-01T10:39:32,102.27
2025-03-01T10:39:33,100.24
2025-03-01T10:39:34,104.77
2025-03-01T10:39:35,93.65
2025-03-01T10:39:36,107.3
2025-03-01T10:39:37,101.13
2025-03-01T10:39:38,94.23
2025-03-01T10:39:39,94.86
2025-03-01T10:39:40,91.54
2025-03-01T10:39:41,107.62
2025-03-01T10:39:42,102.46
2025-03-01T10:39:43,93.22
2025-03-01T10:39:44,96.13
2025-03-01T10:39:45,101.63
2025-03-01T10:39:46,106.19
2025-03-01T10:39:47,100.56
2025-03-01T10:39:48,97.54
2025-03-01T10:39:49,95.43
2025-03-01T10:39:50,93.99
2025-03-01T10:39:51,105.62
2025-03-01T10:39:52,110.36
2025-03-01T10:39:53,101.5
2025-03-01T10:39:54,102.66
2025-03-01T10:39:55,99.29
2025-03-01T10:39:56,99.31
2025-03-01T10:39:57,103.86
2025-03-01T10:39:58,104.76
2025-03-01T10:39:59,105.06
2025-03-01T10:40:00,105.73
2025-03-01T10:40:01,95.23
2025-03-01T10:40:02,99.65
2025-03-01T10:40:03,94.12
2025-03-01T10:40:04,95.85
2025-03-01T10:40:05,104.99
2025-03-01T10:40:06,95.11
2025-03-01T10:40:07,99.38
2025-03-01T10:40:08,101.43
2025-03-01T10:40:09,92.8
2025-03-01T10:40:10,99.05
2025-03-01T10:40:11,98.61
2025-03-01T10:40:12,95.76
2025-03-01T10:40:13,98.59
2025-03-01T10:40:14,95.05
2025-03-01T10:40:15,107.79
2025-03-01T10:40:16,107.18
2025-03-01T10:40:17,101.18
2025-03-01T10:40:18,102.42
2025-03-01T10:40:19,100.6
2025-03-01T10:40:20,98.38
2025-03-01T10:40:21,100.74
2025-03-01T10:40:22,105.05
2025-03-01T10:40:23,93.54
2025-03-01T10:40:24,97.8
2025-03-01T10:40:25,95.44
,109.74
2025-03-01T10:40:27,101.07
2025-03-01T10:40:28,104.17
2025-03-01T10:40:29,94.92
2025-03-01T10:40:30,102.78
2025-03-01T10:40:31,94.91
2025-03-01T10:40:32,96.23
2025-03-01T10:40:33,97.18
2025-03-01T10:40:34,97.53
2025-03-01T10:40:35,106.48
2025-03-01T10:40:36,98.74
2025-03-01T10:40:37,104.29
2025-03-01T10:40:38,107.74
2025-03-01T10:40:39,101.06
2025-03-01T10:40:40,102.57
2025-03-01T10:40:41,97.92
,103.9
2025-03-01T10:40:43,86.58
2025-03-01T10:40:44,102.33
2025-03-01T10:40:45,95.86
2025-03-01T10:40:46,98.55
2025-03-01T10:40:47,92.83
2025-03-01T10:40:48,101.95
2025-03-01T10:40:49,99.23
2025-03-01T10:40:50,97.52
2025-03-01T10:40:51,101.31
2025-03-01T10:40:52,96.3
2025-03-01T10:40:53,99.17
2025-03-01T10:40:54,95.41
2025-03-01T10:40:55,93.95
2025-03-01T10:40:56,104.92
2025-03-01T10:40:57,102.69
2025-03-01T10:40:58,100.89
2025-03-01T10:40:59,103.48
2025-03-01T10:41:00,106.22
2025-03-01T10:41:01,93.56
2025-03-01T10:41:02,96.09
2025-03-01T10:41:03,106.61
2025-03-01T10:41:04,103.27
2025-03-01T10:41:05,102.16
2025-03-01T10:41:06,91.88
2025-03-01T10:41:07,99.39
2025-03-01T10:41:08,100.99
2025-03-01T10:41:09,95.92
2025-03-01T10:41:10,96.44
2025-03-01T10:41:11,94.9
2025-03-01T10:41:12,102.73
2025-03-01T10:41:13,104.06
2025-03-01T10:41:14,102.25
2025-03-01T10:41:15,97.09
2025-03-01T10:41:16,101.45
2025-03-01T10:41:17,103.11
2025-03-01T10:41:18,103.35
2025-03-01T10:41:19,101.54
2025-03-01T10:41:20,107.51
2025-03-01T10:41:21,87.59
,102.89
2025-03-01T10:41:23,104.28
2025-03-01T10:41:24,98.37
2025-03-01T10:41:25,101.61
2025-03-01T10:41:26,95.26
2025-03-01T10:41:27,101.99
2025-03-01T10:41:28,93.08
2025-03-01T10:41:29,95.86
2025-03-01T10:41:30,
2025-03-01T10:41:31,94.8
2025-03-01T10:41:32,99.82
2025-03-01T10:41:33,100.81
2025-03-01T10:41:34,98.59
2025-03-01T10:41:35,101.4
2025-03-01T10:41:36,100.59
2025-03-01T10:41:37,101.1
2025-03-01T10:41:38,97.05
2025-03-01T10:41:39,101.22
2025-03-01T10:41:40,102.45
2025-03-01T10:41:41,98.41
2025-03-01T10:41:42,106.2
2025-03-01T10:41:43,96.6
2025-03-01T10:41:44,103.4
2025-03-01T10:41:45,97.46
2025-03-01T10:41:46,97.26
2025-03-01T10:41:47,105.16
2025-03-01T10:41:48,91.91
2025-03-01T10:41:49,96.12
2025-03-01T10:41:50,104.75
2025-03-01T10:41:51,95.93
2025-03-01T10:41:52,98.8
2025-03-01T10:41:53,100.69
2025-03-01T10:41:54,94.44
2025-03-01T10:41:55,99.1
2025-03-01T10:41:56,108.7
2025-03-01T10:41:57,100.71
2025-03-01T10:41:58,90.47
2025-03-01T10:41:59,97.42
2025-03-01T10:42:00,102.76
2025-03-01T10:42:01,108.14
2025-03-01T10:42:02,94.31
2025-03-01T10:42:03,103.63
2025-03-01T10:42:04,98.08
2025-03-01T10:42:05,99.5
2025-03-01T10:42:06,95.53
2025-03-01T10:42:07,101.17
2025-03-01T10:42:08,105.52
2025-03-01T10:42:09,106.34
2025-03-01T10:42:10,105.24
2025-03-01T10:42:11,97.57
2025-03-01T10:42:12,96.49
2025-03-01T10:42:13,105.23
2025-03-01T10:42:14,109.78
2025-03-01T10:42:15,106.19
2025-03-01T10:42:16,107.3
2025-03-01T10:42:17,93.17
2025-03-01T10:42:18,95.4
2025-03-01T10:42:19,105.99
2025-03-01T10:42:20,95.77
2025-03-01T10:42:21,92.98
2025-03-01T10:42:22,99.3
2025-03-01T10:42:23,99.9
2025-03-01T10:42:24,101.01
2025-03-01T10:42:25,98.63
2025-03-01T10:42:26,98.13
2025-03-01T10:42:27,101.23
2025-03-01T10:42:28,109.43
2025-03-01T10:42:29,111.55
2025-03-01T10:42:30,107.49
2025-03-01T10:42:31,102.38
2025-03-01T10:42:32,96.83
2025-03-01T10:42:33,94.74
2025-03-01T10:42:34,93.04
,103.19
2025-03-01T10:42:36,97.01
2025-03-01T10:42:37,101.79
2025-03-01T10:42:38,102.2
2025-03-01T10:42:39,93.83
,94.9
2025-03-01T10:42:41,100.09
2025-03-01T10:42:42,104.63
2025-03-01T10:42:43,95.57
2025-03-01T10:42:44,101.84
2025-03-01T10:42:45,98.42
2025-03-01T10:42:46,104.26
2025-03-01T10:42:47,100.23
2025-03-01T10:42:48,91.38
2025-03-01T10:42:49,100.43
2025-03-01T10:42:50,109.34
2025-03-01T10:42:51,94.84
2025-03-01T10:42:52,98.96
2025-03-01T10:42:53,104.28
2025-03-01T10:42:54,103.58
2025-03-01T10:42:55,95.32
2025-03-01T10:42:56,92.99
2025-03-01T10:42:57,101.2
2025-03-01T10:42:58,96.16
2025-03-01T10:42:59,97.3
2025-03-01T10:43:00,103.07
2025-03-01T10:43:01,98.61
2025-03-01T10:43:02,99.1
2025-03-01T10:43:03,106.55
2025-03-01T10:43:04,101.28
2025-03-01T10:43:05,101.72
2025-03-01T10:43:06,103.85
2025-03-01T10:43:07,99.75
2025-03-01T10:43:08,98.58
2025-03-01T10:43:09,97.85
2025-03-01T10:43:10,102.14
2025-03-01T10:43:11,86.06
2025-03-01T10:43:12,96.44
2025-03-01T10:43:13,93.55
2025-03-01T10:43:14,101.17
2025-03-01T10:43:15,91.48
2025-03-01T10:43:16,94.0
2025-03-01T10:43:17,104.99
2025-03-01T10:43:18,102.02
2025-03-01T10:43:19,104.63
2025-03-01T10:43:20,99.72
2025-03-01T10:43:21,109.59
2025-03-01T10:43:22,106.77
2025-03-01T10:43:23,98.67
2025-03-01T10:43:24,104.92
2025-03-01T10:43:25,102.59
2025-03-01T10:43:26,95.51
2025-03-01T10:43:27,88.37
2025-03-01T10:43:28,103.37
2025-03-01T10:43:29,107.25
2025-03-01T10:43:30,104.38
,108.45
2025-03-01T10:43:32,93.33
2025-03-01T10:43:33,101.19
2025-03-01T10:43:34,96.86
2025-03-01T10:43:35,106.19
2025-03-01T10:43:36,96.98
2025-03-01T10:43:37,105.77
2025-03-01T10:43:38,100.75
2025-03-01T10:43:39,104.13
2025-03-01T10:43:40,93.38
2025-03-01T10:43:41,103.92
2025-03-01T10:43:42,103.55
2025-03-01T10:43:43,102.31
2025-03-01T10:43:44,102.16
2025-03-01T10:43:45,110.08
2025-03-01T10:43:46,104.57
2025-03-01T10:43:47,101.03
2025-03-01T10:43:48,97.86
2025-03-01T10:43:49,102.69
2025-03-01T10:43:50,107.91
2025-03-01T10:43:51,97.93
2025-03-01T10:43:52,93.88
2025-03-01T10:43:53,94.29
2025-03-01T10:43:54,97.49
2025-03-01T10:43:55,106.27
2025-03-01T10:43:56,107.82
2025-03-01T10:43:57,97.95
2025-03-01T10:43:58,100.37
2025-03-01T10:43:59,95.46
2025-03-01T10:44:00,103.23
2025-03-01T10:44:01,98.0
2025-03-01T10:44:02,103.32
2025-03-01T10:44:03,98.19
2025-03-01T10:44:04,109.21
2025-03-01T10:44:05,106.91
2025-03-01T10:44:06,97.81
2025-03-01T10:44:07,95.82
2025-03-01T10:44:08,102.89
2025-03-01T10:44:09,90.62
2025-03-01T10:44:10,
2025-03-01T10:44:11,98.93
2025-03-01T10:44:12,105.07
2025-03-01T10:44:13,96.75
2025-03-01T10:44:14,88.73
2025-03-01T10:44:15,100.95
2025-03-01T10:44:16,95.36
2025-03-01T10:44:17,105.98
2025-03-01T10:44:18,95.58
2025-03-01T10:44:19,101.32
2025-03-01T10:44:20,106.14
2025-03-01T10:44:21,87.43
2025-03-01T10:44:22,93.5
2025-03-01T10:44:23,95.35
2025-03-01T10:44:24,101.44
2025-03-01T10:44:25,101.96
2025-03-01T10:44:26,97.37
,112.71
2025-03-01T10:44:28,97.52
2025-03-01T10:44:29,98.76
2025-03-01T10:44:30,100.07
2025-03-01T10:44:31,109.34
2025-03-01T10:44:32,93.44
2025-03-01T10:44:33,92.62
2025-03-01T10:44:34,105.1
2025-03-01T10:44:35,
2025-03-01T10:44:36,98.72
2025-03-01T10:44:37,103.54
2025-03-01T10:44:38,101.03
2025-03-01T10:44:39,100.47
2025-03-01T10:44:40,96.38
2025-03-01T10:44:41,99.76
2025-03-01T10:44:42,102.57
2025-03-01T10:44:43,96.44
2025-03-01T10:44:44,105.89
2025-03-01T10:44:45,94.76
2025-03-01T10:44:46,106.81
2025-03-01T10:44:47,97.41
2025-03-01T10:44:48,96.86
2025-03-01T10:44:49,99.65
2025-03-01T10:44:50,94.04
2025-03-01T10:44:51,91.7
2025-03-01T10:44:52,98.06
2025-03-01T10:44:53,91.55
2025-03-01T10:44:54,103.16
2025-03-01T10:44:55,96.85
2025-03-01T10:44:56,99.44
2025-03-01T10:44:57,105.8
2025-03-01T10:44:58,103.67
,101.23
2025-03-01T10:45:00,101.55
2025-03-01T10:45:01,101.01
2025-03-01T10:45:02,99.6
2025-03-01T10:45:03,103.0
2025-03-01T10:45:04,98.31
2025-03-01T10:45:05,
2025-03-01T10:45:06,101.92
2025-03-01T10:45:07,96.11
2025-03-01T10:45:08,101.94
2025-03-01T10:45:09,99.63
2025-03-01T10:45:10,100.14
2025-03-01T10:45:11,110.33
2025-03-01T10:45:12,92.69
2025-03-01T10:45:13,104.84
2025-03-01T10:45:14,96.62
2025-03-01T10:45:15,106.06
2025-03-01T10:45:16,93.37
2025-03-01T10:45:17,96.38
2025-03-01T10:45:18,108.18
2025-03-01T10:45:19,101.19
2025-03-01T10:45:20,100.6
2025-03-01T10:45:21,93.9
2025-03-01T10:45:22,102.43
2025-03-01T10:45:23,97.77
2025-03-01T10:45:24,96.32
2025-03-01T10:45:25,
2025-03-01T10:45:26,97.89
2025-03-01T10:45:27,98.4
2025-03-01T10:45:28,89.88
2025-03-01T10:45:29,104.75
2025-03-01T10:45:30,107.25
2025-03-01T10:45:31,103.2
2025-03-01T10:45:32,107.95
2025-03-01T10:45:33,97.93
2025-03-01T10:45:34,95.61
2025-03-01T10:45:35,107.01
2025-03-01T10:45:36,100.02
2025-03-01T10:45:37,97.12
2025-03-01T10:45:38,89.63
2025-03-01T10:45:39,100.75
2025-03-01T10:45:40,103.66
2025-03-01T10:45:41,95.9
2025-03-01T10:45:42,96.55
2025-03-01T10:45:43,96.57
2025-03-01T10:45:44,103.02
2025-03-01T10:45:45,99.15
,94.26
2025-03-01T10:45:47,105.17
2025-03-01T10:45:48,98.51
2025-03-01T10:45:49,101.44
2025-03-01T10:45:50,93.26
2025-03-01T10:45:51,102.2
2025-03-01T10:45:52,100.8
2025-03-01T10:45:53,100.26
2025-03-01T10:45:54,95.89
2025-03-01T10:45:55,107.71
2025-03-01T10:45:56,90.4
2025-03-01T10:45:57,95.42
,98.4
2025-03-01T10:45:59,99.03
2025-03-01T10:46:00,98.8
2025-03-01T10:46:01,97.31
2025-03-01T10:46:02,102.9
2025-03-01T10:46:03,97.3
2025-03-01T10:46:04,
2025-03-01T10:46:05,91.89
2025-03-01T10:46:06,98.43
2025-03-01T10:46:07,
2025-03-01T10:46:08,105.57
2025-03-01T10:46:09,102.81
2025-03-01T10:46:10,102.2
,98.25
2025-03-01T10:46:12,107.75
2025-03-01T10:46:13,106.21
2025-03-01T10:46:14,91.7
2025-03-01T10:46:15,97.72
2025-03-01T10:46:16,98.33
2025-03-01T10:46:17,101.42
2025-03-01T10:46:18,106.53
2025-03-01T10:46:19,97.1
2025-03-01T10:46:20,98.01
2025-03-01T10:46:21,103.23
2025-03-01T10:46:22,102.3
2025-03-01T10:46:23,106.25
2025-03-01T10:46:24,110.28
2025-03-01T10:46:25,
2025-03-01T10:46:26,97.36
2025-03-01T10:46:27,96.02
2025-03-01T10:46:28,88.34
2025-03-01T10:46:29,105.81
2025-03-01T10:46:30,108.43
2025-03-01T10:46:31,100.77
2025-03-01T10:46:32,94.77
2025-03-01T10:46:33,96.97
2025-03-01T10:46:34,105.19
2025-03-01T10:46:35,95.85
2025-03-01T10:46:36,101.7
2025-03-01T10:46:37,97.62
2025-03-01T10:46:38,98.99
2025-03-01T10:46:39,99.12
2025-03-01T10:46:40,105.25
2025-03-01T10:46:41,90.49
2025-03-01T10:46:42,96.12
2025-03-01T10:46:43,96.12
2025-03-01T10:46:44,94.46
2025-03-01T10:46:45,96.52
2025-03-01T10:46:46,97.66
2025-03-01T10:46:47,98.85
2025-03-01T10:46:48,99.87
2025-03-01T10:46:49,99.78
,110.95
2025-03-01T10:46:51,101.56
2025-03-01T10:46:52,105.15
2025-03-01T10:46:53,108.94
2025-03-01T10:46:54,99.02
2025-03-01T10:46:55,98.53
2025-03-01T10:46:56,93.71
2025-03-01T10:46:57,99.11
2025-03-01T10:46:58,93.08
2025-03-01T10:46:59,102.32
2025-03-01T10:47:00,101.34
2025-03-01T10:47:01,102.06
2025-03-01T10:47:02,100.35
2025-03-01T10:47:03,97.03
2025-03-01T10:47:04,103.26
2025-03-01T10:47:05,99.5
2025-03-01T10:47:06,98.29
2025-03-01T10:47:07,103.43
2025-03-01T10:47:08,103.23
2025-03-01T10:47:09,101.49
2025-03-01T10:47:10,97.48
2025-03-01T10:47:11,106.71
2025-03-01T10:47:12,101.42
2025-03-01T10:47:13,89.42
2025-03-01T10:47:14,103.15
2025-03-01T10:47:15,102.94
2025-03-01T10:47:16,98.05
,99.13
2025-03-01T10:47:18,100.36
2025-03-01T10:47:19,100.66
,101.17
2025-03-01T10:47:21,99.23
2025-03-01T10:47:22,106.75
2025-03-01T10:47:23,99.11
2025-03-01T10:47:24,95.64
2025-03-01T10:47:25,105.15
2025-03-01T10:47:26,103.8
2025-03-01T10:47:27,97.13
,99.82
2025-03-01T10:47:29,105.48
2025-03-01T10:47:30,96.59
,104.56
2025-03-01T10:47:32,101.93
2025-03-01T10:47:33,106.09
2025-03-01T10:47:34,94.62
2025-03-01T10:47:35,95.43
2025-03-01T10:47:36,88.94
2025-03-01T10:47:37,103.91
2025-03-01T10:47:38,92.93
2025-03-01T10:47:39,95.95
2025-03-01T10:47:40,97.44
2025-03-01T10:47:41,106.12
2025-03-01T10:47:42,107.97
2025-03-01T10:47:43,96.13
2025-03-01T10:47:44,99.76
2025-03-01T10:47:45,106.14
2025-03-01T10:47:46,95.41
2025-03-01T10:47:47,108.8
2025-03-01T10:47:48,100.3
,104.19
2025-03-01T10:47:50,94.56
2025-03-01T10:47:51,108.93
2025-03-01T10:47:52,102.6
2025-03-01T10:47:53,107.05
2025-03-01T10:47:54,95.08
2025-03-01T10:47:55,109.99
2025-03-01T10:47:56,100.65
2025-03-01T10:47:57,105.13
2025-03-01T10:47:58,100.8
,108.04
2025-03-01T10:48:00,103.76
2025-03-01T10:48:01,104.15
2025-03-01T10:48:02,103.71
2025-03-01T10:48:03,99.71
2025-03-01T10:48:04,103.63
2025-03-01T10:48:05,100.26
2025-03-01T10:48:06,102.46
2025-03-01T10:48:07,90.94
2025-03-01T10:48:08,98.86
2025-03-01T10:48:09,103.6
2025-03-01T10:48:10,97.08
2025-03-01T10:48:11,83.84
2025-03-01T10:48:12,101.05
2025-03-01T10:48:13,95.03
2025-03-01T10:48:14,95.3
2025-03-01T10:48:15,98.27
2025-03-01T10:48:16,102.67
2025-03-01T10:48:17,94.45
2025-03-01T10:48:18,107.03
2025-03-01T10:48:19,91.89
2025-03-01T10:48:20,101.3
2025-03-01T10:48:21,100.49
2025-03-01T10:48:22,97.43
2025-03-01T10:48:23,100.87
2025-03-01T10:48:24,91.24
2025-03-01T10:48:25,108.91
2025-03-01T10:48:26,107.94
2025-03-01T10:48:27,112.44
2025-03-01T10:48:28,97.82
2025-03-01T10:48:29,96.63
2025-03-01T10:48:30,101.16
2025-03-01T10:48:31,97.76
,105.85
2025-03-01T10:48:33,106.49
2025-03-01T10:48:34,92.11
2025-03-01T10:48:35,99.72
2025-03-01T10:48:36,108.42
2025-03-01T10:48:37,99.52
2025-03-01T10:48:38,94.81
2025-03-01T10:48:39,105.02
2025-03-01T10:48:40,99.77
2025-03-01T10:48:41,89.34
2025-03-01T10:48:42,98.58
2025-03-01T10:48:43,102.62
2025-03-01T10:48:44,109.87
2025-03-01T10:48:45,103.98
2025-03-01T10:48:46,104.82
2025-03-01T10:48:47,102.41
2025-03-01T10:48:48,90.72
2025-03-01T10:48:49,99.03
2025-03-01T10:48:50,110.86
2025-03-01T10:48:51,
2025-03-01T10:48:52,98.76
2025-03-01T10:48:53,96.36
2025-03-01T10:48:54,94.72
2025-03-01T10:48:55,95.4
2025-03-01T10:48:56,101.98
2025-03-01T10:48:57,95.17
2025-03-01T10:48:58,100.07
2025-03-01T10:48:59,103.33
2025-03-01T10:49:00,99.78
2025-03-01T10:49:01,101.54
2025-03-01T10:49:02,91.1
2025-03-01T10:49:03,99.76
2025-03-01T10:49:04,98.31
2025-03-01T10:49:05,98.86
2025-03-01T10:49:06,105.56
2025-03-01T10:49:07,92.58
2025-03-01T10:49:08,95.19
2025-03-01T10:49:09,93.27
2025-03-01T10:49:10,98.88
2025-03-01T10:49:11,93.33
2025-03-01T10:49:12,101.98
2025-03-01T10:49:13,106.92
2025-03-01T10:49:14,109.69
2025-03-01T10:49:15,104.97
2025-03-01T10:49:16,100.38
2025-03-01T10:49:17,101.43
2025-03-01T10:49:18,102.15
2025-03-01T10:49:19,104.38
2025-03-01T10:49:20,101.19
2025-03-01T10:49:21,101.63
2025-03-01T10:49:22,102.6
2025-03-01T10:49:23,103.92
2025-03-01T10:49:24,101.83
2025-03-01T10:49:25,104.29
2025-03-01T10:49:26,95.56
2025-03-01T10:49:27,93.77
2025-03-01T10:49:28,104.3
2025-03-01T10:49:29,95.74
2025-03-01T10:49:30,93.21
2025-03-01T10:49:31,98.19
2025-03-01T10:49:32,99.27
2025-03-01T10:49:33,106.38
2025-03-01T10:49:34,102.56
2025-03-01T10:49:35,103.81
2025-03-01T10:49:36,113.86
2025-03-01T10:49:37,107.95
2025-03-01T10:49:38,99.0
2025-03-01T10:49:39,99.82
2025-03-01T10:49:40,105.03
2025-03-01T10:49:41,94.16
2025-03-01T10:49:42,100.38
2025-03-01T10:49:43,106.27
2025-03-01T10:49:44,98.49
2025-03-01T10:49:45,95.93
2025-03-01T10:49:46,
2025-03-01T10:49:47,108.96
2025-03-01T10:49:48,100.73
2025-03-01T10:49:49,102.17
2025-03-01T10:49:50,92.69
2025-03-01T10:49:51,92.57
2025-03-01T10:49:52,96.94
2025-03-01T10:49:53,94.71
2025-03-01T10:49:54,101.63
2025-03-01T10:49:55,95.39
2025-03-01T10:49:56,100.05
2025-03-01T10:49:57,100.74
,93.4
2025-03-01T10:49:59,90.84
2025-03-01T10:50:00,104.15
2025-03-01T10:50:01,93.61
2025-03-01T10:50:02,101.69
2025-03-01T10:50:03,96.56
2025-03-01T10:50:04,95.62
2025-03-01T10:50:05,102.08
2025-03-01T10:50:06,92.5
2025-03-01T10:50:07,104.09
2025-03-01T10:50:08,97.38
2025-03-01T10:50:09,
2025-03-01T10:50:10,94.09
2025-03-01T10:50:11,101.42
2025-03-01T10:50:12,101.94
2025-03-01T10:50:13,95.31
2025-03-01T10:50:14,93.29
2025-03-01T10:50:15,98.97
2025-03-01T10:50:16,100.33
2025-03-01T10:50:17,99.76
2025-03-01T10:50:18,94.39
2025-03-01T10:50:19,99.33
2025-03-01T10:50:20,108.69
2025-03-01T10:50:21,100.61
2025-03-01T10:50:22,98.9
2025-03-01T10:50:23,94.2
2025-03-01T10:50:24,97.97
2025-03-01T10:50:25,104.1
2025-03-01T10:50:26,100.56
2025-03-01T10:50:27,113.49
2025-03-01T10:50:28,98.67
2025-03-01T10:50:29,101.71
2025-03-01T10:50:30,102.1
2025-03-01T10:50:31,96.34
2025-03-01T10:50:32,110.59
2025-03-01T10:50:33,95.22
2025-03-01T10:50:34,100.71
2025-03-01T10:50:35,104.6
2025-03-01T10:50:36,97.86
2025-03-01T10:50:37,98.01
2025-03-01T10:50:38,100.02
2025-03-01T10:50:39,94.41
2025-03-01T10:50:40,96.18
2025-03-01T10:50:41,93.31
2025-03-01T10:50:42,99.68
2025-03-01T10:50:43,103.67
2025-03-01T10:50:44,102.53
2025-03-01T10:50:45,102.95
2025-03-01T10:50:46,96.69
2025-03-01T10:50:47,102.18
2025-03-01T10:50:48,106.23
2025-03-01T10:50:49,
2025-03-01T10:50:50,104.13
2025-03-01T10:50:51,100.29
2025-03-01T10:50:52,98.81
2025-03-01T10:50:53,93.93
2025-03-01T10:50:54,96.54
2025-03-01T10:50:55,108.04
2025-03-01T10:50:56,105.06
2025-03-01T10:50:57,99.31
2025-03-01T10:50:58,100.07
2025-03-01T10:50:59,99.34
2025-03-01T10:51:00,99.63
2025-03-01T10:51:01,101.02
2025-03-01T10:51:02,99.43
2025-03-01T10:51:03,99.37
2025-03-01T10:51:04,103.03
2025-03-01T10:51:05,91.5
2025-03-01T10:51:06,92.86
2025-03-01T10:51:07,100.4
2025-03-01T10:51:08,98.98
2025-03-01T10:51:09,103.88
2025-03-01T10:51:10,102.52
2025-03-01T10:51:11,107.06
2025-03-01T10:51:12,97.92
2025-03-01T10:51:13,102.64
2025-03-01T10:51:14,96.07
2025-03-01T10:51:15,101.74
2025-03-01T10:51:16,107.17
2025-03-01T10:51:17,104.17
2025-03-01T10:51:18,103.45
2025-03-01T10:51:19,91.38
2025-03-01T10:51:20,99.36
2025-03-01T10:51:21,
2025-03-01T10:51:22,101.2
2025-03-01T10:51:23,108.86
2025-03-01T10:51:24,104.42
2025-03-01T10:51:25,95.62
2025-03-01T10:51:26,95.01
,97.66
2025-03-01T10:51:28,91.64
2025-03-01T10:51:29,102.41
2025-03-01T10:51:30,111.25
2025-03-01T10:51:31,104.64
2025-03-01T10:51:32,92.54
2025-03-01T10:51:33,101.54
2025-03-01T10:51:34,95.43
2025-03-01T10:51:35,108.14
2025-03-01T10:51:36,104.4
2025-03-01T10:51:37,102.3
2025-03-01T10:51:38,105.99
2025-03-01T10:51:39,100.26
2025-03-01T10:51:40,105.43
2025-03-01T10:51:41,94.37
2025-03-01T10:51:42,108.45
2025-03-01T10:51:43,95.63
2025-03-01T10:51:44,94.83
2025-03-01T10:51:45,102.51
2025-03-01T10:51:46,92.34
2025-03-01T10:51:47,95.64
2025-03-01T10:51:48,103.53
2025-03-01T10:51:49,104.1
2025-03-01T10:51:50,99.64
2025-03-01T10:51:51,90.54
2025-03-01T10:51:52,96.38
2025-03-01T10:51:53,95.34
2025-03-01T10:51:54,97.03
2025-03-01T10:51:55,97.27
2025-03-01T10:51:56,113.34
2025-03-01T10:51:57,
2025-03-01T10:51:58,98.23
2025-03-01T10:51:59,106.05
2025-03-01T10:52:00,100.49
2025-03-01T10:52:01,105.37
2025-03-01T10:52:02,109.07
2025-03-01T10:52:03,102.49
2025-03-01T10:52:04,96.73
2025-03-01T10:52:05,104.34
2025-03-01T10:52:06,102.72
2025-03-01T10:52:07,95.39
2025-03-01T10:52:08,95.12
2025-03-01T10:52:09,99.74
2025-03-01T10:52:10,100.08
2025-03-01T10:52:11,87.73
2025-03-01T10:52:12,103.41
2025-03-01T10:52:13,102.62
2025-03-01T10:52:14,94.37
2025-03-01T10:52:15,96.68
2025-03-01T10:52:16,100.2
2025-03-01T10:52:17,
2025-03-01T10:52:18,
2025-03-01T10:52:19,101.12
2025-03-01T10:52:20,105.53
2025-03-01T10:52:21,96.26
2025-03-01T10:52:22,101.53
2025-03-01T10:52:23,101.25
2025-03-01T10:52:24,
2025-03-01T10:52:25,100.87
2025-03-01T10:52:26,108.31
2025-03-01T10:52:27,98.53
2025-03-01T10:52:28,109.52
2025-03-01T10:52:29,100.28
2025-03-01T10:52:30,
2025-03-01T10:52:31,99.15
2025-03-01T10:52:32,106.41
2025-03-01T10:52:33,103.01
2025-03-01T10:52:34,103.06
2025-03-01T10:52:35,98.5
2025-03-01T10:52:36,109.34
2025-03-01T10:52:37,105.64
2025-03-01T10:52:38,109.23
2025-03-01T10:52:39,97.49
2025-03-01T10:52:40,98.56
2025-03-01T10:52:41,100.53
2025-03-01T10:52:42,95.0
2025-03-01T10:52:43,106.45
2025-03-01T10:52:44,85.12
2025-03-01T10:52:45,98.46
2025-03-01T10:52:46,97.62
2025-03-01T10:52:47,109.9
2025-03-01T10:52:48,96.58
2025-03-01T10:52:49,99.47
2025-03-01T10:52:50,96.33
2025-03-01T10:52:51,100.91
2025-03-01T10:52:52,99.43
2025-03-01T10:52:53,106.95
2025-03-01T10:52:54,106.16
,100.67
2025-03-01T10:52:56,100.71
2025-03-01T10:52:57,99.49
2025-03-01T10:52:58,97.22
2025-03-01T10:52:59,98.75
2025-03-01T10:53:00,97.18
2025-03-01T10:53:01,103.62
2025-03-01T10:53:02,95.88
2025-03-01T10:53:03,104.06
2025-03-01T10:53:04,98.84
2025-03-01T10:53:05,98.64
2025-03-01T10:53:06,91.14
2025-03-01T10:53:07,105.18
2025-03-01T10:53:08,109.35
2025-03-01T10:53:09,99.37
2025-03-01T10:53:10,99.35
2025-03-01T10:53:11,96.91
2025-03-01T10:53:12,100.9
2025-03-01T10:53:13,99.72
2025-03-01T10:53:14,107.56
2025-03-01T10:53:15,97.57
2025-03-01T10:53:16,104.56
2025-03-01T10:53:17,92.76
2025-03-01T10:53:18,95.04
2025-03-01T10:53:19,90.83
2025-03-01T10:53:20,99.83
2025-03-01T10:53:21,100.61
2025-03-01T10:53:22,95.89
2025-03-01T10:53:23,94.26
2025-03-01T10:53:24,97.24
2025-03-01T10:53:25,99.06
2025-03-01T10:53:26,95.8
2025-03-01T10:53:27,91.11
2025-03-01T10:53:28,90.39
2025-03-01T10:53:29,94.0
2025-03-01T10:53:30,91.74
2025-03-01T10:53:31,102.53
2025-03-01T10:53:32,101.9
2025-03-01T10:53:33,
2025-03-01T10:53:34,102.85
2025-03-01T10:53:35,93.43
2025-03-01T10:53:36,99.61
2025-03-01T10:53:37,104.0
2025-03-01T10:53:38,101.26
2025-03-01T10:53:39,99.91
2025-03-01T10:53:40,103.61
2025-03-01T10:53:41,95.18
2025-03-01T10:53:42,103.44
2025-03-01T10:53:43,110.55
2025-03-01T10:53:44,96.13
2025-03-01T10:53:45,89.88
2025-03-01T10:53:46,104.74
2025-03-01T10:53:47,99.83
2025-03-01T10:53:48,100.19
2025-03-01T10:53:49,
2025-03-01T10:53:50,99.74
2025-03-01T10:53:51,92.65
2025-03-01T10:53:52,103.65
2025-03-01T10:53:53,102.53
2025-03-01T10:53:54,102.36
2025-03-01T10:53:55,96.98
2025-03-01T10:53:56,104.38
2025-03-01T10:53:57,98.28
2025-03-01T10:53:58,96.67
2025-03-01T10:53:59,97.36
2025-03-01T10:54:00,91.61
2025-03-01T10:54:01,99.01
2025-03-01T10:54:02,101.21
,102.58
2025-03-01T10:54:04,100.46
2025-03-01T10:54:05,103.6
2025-03-01T10:54:06,100.69
2025-03-01T10:54:07,112.84
2025-03-01T10:54:08,100.31
2025-03-01T10:54:09,96.51
2025-03-01T10:54:10,96.29
2025-03-01T10:54:11,106.24
2025-03-01T10:54:12,99.14
2025-03-01T10:54:13,112.89
2025-03-01T10:54:14,109.64
2025-03-01T10:54:15,
2025-03-01T10:54:16,102.04
2025-03-01T10:54:17,101.67
2025-03-01T10:54:18,96.14
2025-03-01T10:54:19,108.56
2025-03-01T10:54:20,104.94
2025-03-01T10:54:21,99.73
2025-03-01T10:54:22,111.17
2025-03-01T10:54:23,
2025-03-01T10:54:24,101.82
2025-03-01T10:54:25,115.16
2025-03-01T10:54:26,107.47
2025-03-01T10:54:27,103.97
2025-03-01T10:54:28,97.35
2025-03-01T10:54:29,97.16
2025-03-01T10:54:30,106.53
2025-03-01T10:54:31,105.6
2025-03-01T10:54:32,97.53
2025-03-01T10:54:33,102.72
2025-03-01T10:54:34,102.68
2025-03-01T10:54:35,96.93
2025-03-01T10:54:36,
2025-03-01T10:54:37,105.27
2025-03-01T10:54:38,94.25
2025-03-01T10:54:39,100.39
,106.98
2025-03-01T10:54:41,99.02
2025-03-01T10:54:42,98.05
2025-03-01T10:54:43,97.7
2025-03-01T10:54:44,92.08
2025-03-01T10:54:45,93.58
2025-03-01T10:54:46,100.64
2025-03-01T10:54:47,96.7
2025-03-01T10:54:48,107.94
2025-03-01T10:54:49,99.08
2025-03-01T10:54:50,107.8
2025-03-01T10:54:51,94.39
2025-03-01T10:54:52,103.09
2025-03-01T10:54:53,95.02
2025-03-01T10:54:54,104.75
2025-03-01T10:54:55,99.67
2025-03-01T10:54:56,100.25
2025-03-01T10:54:57,102.17
2025-03-01T10:54:58,108.17
2025-03-01T10:54:59,109.31
2025-03-01T10:55:00,95.85
2025-03-01T10:55:01,102.19
2025-03-01T10:55:02,99.16
2025-03-01T10:55:03,99.96
2025-03-01T10:55:04,92.22
2025-03-01T10:55:05,99.65
2025-03-01T10:55:06,94.87
2025-03-01T10:55:07,108.01
2025-03-01T10:55:08,101.86
2025-03-01T10:55:09,96.33
2025-03-01T10:55:10,101.62
2025-03-01T10:55:11,102.18
2025-03-01T10:55:12,107.34
2025-03-01T10:55:13,93.29
2025-03-01T10:55:14,98.5
2025-03-01T10:55:15,93.9
2025-03-01T10:55:16,
2025-03-01T10:55:17,98.58
2025-03-01T10:55:18,102.37
2025-03-01T10:55:19,96.08
2025-03-01T10:55:20,95.67
2025-03-01T10:55:21,110.83
2025-03-01T10:55:22,102.38
2025-03-01T10:55:23,107.11
2025-03-01T10:55:24,99.08
2025-03-01T10:55:25,102.4
2025-03-01T10:55:26,105.08
2025-03-01T10:55:27,100.82
2025-03-01T10:55:28,109.68
2025-03-01T10:55:29,91.79
2025-03-01T10:55:30,97.43
2025-03-01T10:55:31,98.69
2025-03-01T10:55:32,95.32
2025-03-01T10:55:33,100.88
2025-03-01T10:55:34,102.17
2025-03-01T10:55:35,101.09
2025-03-01T10:55:36,96.9
2025-03-01T10:55:37,116.0
2025-03-01T10:55:38,99.19
2025-03-01T10:55:39,95.87
2025-03-01T10:55:40,107.54
2025-03-01T10:55:41,100.73
2025-03-01T10:55:42,104.86
2025-03-01T10:55:43,104.52
2025-03-01T10:55:44,95.6
2025-03-01T10:55:45,102.48
2025-03-01T10:55:46,91.93
2025-03-01T10:55:47,
2025-03-01T10:55:48,101.16
2025-03-01T10:55:49,103.74
2025-03-01T10:55:50,103.64
2025-03-01T10:55:51,97.78
2025-03-01T10:55:52,97.71
2025-03-01T10:55:53,96.56
2025-03-01T10:55:54,94.9
2025-03-01T10:55:55,105.15
2025-03-01T10:55:56,97.72
2025-03-01T10:55:57,100.67
2025-03-01T10:55:58,103.31
2025-03-01T10:55:59,98.3
2025-03-01T10:56:00,96.71
2025-03-01T10:56:01,101.83
2025-03-01T10:56:02,107.51
2025-03-01T10:56:03,97.61
2025-03-01T10:56:04,99.96
2025-03-01T10:56:05,103.87
2025-03-01T10:56:06,104.6
2025-03-01T10:56:07,105.68
2025-03-01T10:56:08,103.14
2025-03-01T10:56:09,
2025-03-01T10:56:10,100.47
2025-03-01T10:56:11,105.85
2025-03-01T10:56:12,92.42
2025-03-01T10:56:13,100.94
2025-03-01T10:56:14,95.35
2025-03-01T10:56:15,97.47
2025-03-01T10:56:16,98.35
2025-03-01T10:56:17,101.11
2025-03-01T10:56:18,108.64
2025-03-01T10:56:19,100.55
2025-03-01T10:56:20,105.5
2025-03-01T10:56:21,109.12
2025-03-01T10:56:22,
2025-03-01T10:56:23,94.98
2025-03-01T10:56:24,99.89
2025-03-01T10:56:25,100.55
2025-03-01T10:56:26,98.36
2025-03-01T10:56:27,102.59
2025-03-01T10:56:28,103.74
2025-03-01T10:56:29,98.13
2025-03-01T10:56:30,
2025-03-01T10:56:31,106.26
2025-03-01T10:56:32,93.48
2025-03-01T10:56:33,100.79
2025-03-01T10:56:34,91.26
2025-03-01T10:56:35,102.9
2025-03-01T10:56:36,102.79
2025-03-01T10:56:37,100.5
2025-03-01T10:56:38,101.95
2025-03-01T10:56:39,98.4
2025-03-01T10:56:40,95.95
2025-03-01T10:56:41,101.83
2025-03-01T10:56:42,102.37
2025-03-01T10:56:43,102.19
2025-03-01T10:56:44,98.54
2025-03-01T10:56:45,96.65
2025-03-01T10:56:46,108.04
2025-03-01T10:56:47,112.67
2025-03-01T10:56:48,107.25
2025-03-01T10:56:49,98.13
2025-03-01T10:56:50,101.89
2025-03-01T10:56:51,109.74
2025-03-01T10:56:52,99.99
2025-03-01T10:56:53,95.67
2025-03-01T10:56:54,100.17
2025-03-01T10:56:55,92.57
2025-03-01T10:56:56,101.49
2025-03-01T10:56:57,100.22
2025-03-01T10:56:58,95.88
2025-03-01T10:56:59,96.31
2025-03-01T10:57:00,100.53
2025-03-01T10:57:01,97.32
2025-03-01T10:57:02,100.67
2025-03-01T10:57:03,96.98
2025-03-01T10:57:04,107.86
2025-03-01T10:57:05,101.98
2025-03-01T10:57:06,103.5
2025-03-01T10:57:07,94.7
2025-03-01T10:57:08,92.06
2025-03-01T10:57:09,98.48
2025-03-01T10:57:10,104.53
2025-03-01T10:57:11,100.24
2025-03-01T10:57:12,97.35
2025-03-01T10:57:13,102.34
2025-03-01T10:57:14,104.98
2025-03-01T10:57:15,107.01
2025-03-01T10:57:16,96.03
2025-03-01T10:57:17,99.91
2025-03-01T10:57:18,92.95
2025-03-01T10:57:19,103.34
2025-03-01T10:57:20,102.11
2025-03-01T10:57:21,105.87
2025-03-01T10:57:22,97.73
2025-03-01T10:57:23,98.94
2025-03-01T10:57:24,93.76
2025-03-01T10:57:25,
2025-03-01T10:57:26,98.84
2025-03-01T10:57:27,91.92
2025-03-01T10:57:28,102.18
2025-03-01T10:57:29,97.45
2025-03-01T10:57:30,108.82
2025-03-01T10:57:31,97.25
2025-03-01T10:57:32,99.48
2025-03-01T10:57:33,105.08
2025-03-01T10:57:34,97.09
2025-03-01T10:57:35,
2025-03-01T10:57:36,100.15
2025-03-01T10:57:37,106.16
2025-03-01T10:57:38,95.89
2025-03-01T10:57:39,98.91
2025-03-01T10:57:40,96.3
2025-03-01T10:57:41,99.09
2025-03-01T10:57:42,92.49
2025-03-01T10:57:43,99.02
2025-03-01T10:57:44,91.45
2025-03-01T10:57:45,108.45
2025-03-01T10:57:46,102.04
,98.76
2025-03-01T10:57:48,111.09
,96.13
2025-03-01T10:57:50,93.61
2025-03-01T10:57:51,102.53
2025-03-01T10:57:52,103.37
2025-03-01T10:57:53,104.65
2025-03-01T10:57:54,102.24
2025-03-01T10:57:55,102.07
2025-03-01T10:57:56,103.62
2025-03-01T10:57:57,98.25
2025-03-01T10:57:58,99.02
2025-03-01T10:57:59,94.03
2025-03-01T10:58:00,103.69
2025-03-01T10:58:01,106.54
2025-03-01T10:58:02,99.04
2025-03-01T10:58:03,101.02
2025-03-01T10:58:04,102.01
2025-03-01T10:58:05,96.97
2025-03-01T10:58:06,98.33
2025-03-01T10:58:07,94.14
2025-03-01T10:58:08,96.2
2025-03-01T10:58:09,103.66
2025-03-01T10:58:10,99.46
2025-03-01T10:58:11,91.28
2025-03-01T10:58:12,107.6
2025-03-01T10:58:13,95.45
2025-03-01T10:58:14,92.25
2025-03-01T10:58:15,107.67
2025-03-01T10:58:16,110.49
2025-03-01T10:58:17,102.01
2025-03-01T10:58:18,98.35
2025-03-01T10:58:19,98.81
2025-03-01T10:58:20,95.14
2025-03-01T10:58:21,98.89
2025-03-01T10:58:22,
2025-03-01T10:58:23,106.22
2025-03-01T10:58:24,106.53
2025-03-01T10:58:25,107.71
2025-03-01T10:58:26,
2025-03-01T10:58:27,94.14
2025-03-01T10:58:28,97.86
2025-03-01T10:58:29,94.97
2025-03-01T10:58:30,100.46
2025-03-01T10:58:31,96.28
2025-03-01T10:58:32,102.45
,96.4
2025-03-01T10:58:34,103.01
2025-03-01T10:58:35,92.29
2025-03-01T10:58:36,98.68
2025-03-01T10:58:37,102.2
2025-03-01T10:58:38,100.0
2025-03-01T10:58:39,91.77
2025-03-01T10:58:40,95.49
2025-03-01T10:58:41,105.04
2025-03-01T10:58:42,102.36
2025-03-01T10:58:43,98.75
2025-03-01T10:58:44,90.98
2025-03-01T10:58:45,106.64
2025-03-01T10:58:46,110.63
2025-03-01T10:58:47,98.1
2025-03-01T10:58:48,90.87
2025-03-01T10:58:49,99.03
2025-03-01T10:58:50,93.69
2025-03-01T10:58:51,94.93
2025-03-01T10:58:52,97.91
2025-03-01T10:58:53,100.2
2025-03-01T10:58:54,98.25
2025-03-01T10:58:55,104.07
2025-03-01T10:58:56,101.05
2025-03-01T10:58:57,102.25
2025-03-01T10:58:58,92.22
2025-03-01T10:58:59,102.21
2025-03-01T10:59:00,99.94
2025-03-01T10:59:01,102.26
2025-03-01T10:59:02,95.66
2025-03-01T10:59:03,109.89
2025-03-01T10:59:04,98.75
2025-03-01T10:59:05,99.68
2025-03-01T10:59:06,96.73
2025-03-01T10:59:07,100.35
2025-03-01T10:59:08,97.55
2025-03-01T10:59:09,96.3
2025-03-01T10:59:10,101.13
2025-03-01T10:59:11,
2025-03-01T10:59:12,99.4
2025-03-01T10:59:13,92.5
2025-03-01T10:59:14,98.24
2025-03-01T10:59:15,100.93
2025-03-01T10:59:16,97.63
2025-03-01T10:59:17,103.46
2025-03-01T10:59:18,91.56
2025-03-01T10:59:19,91.34
2025-03-01T10:59:20,106.1
2025-03-01T10:59:21,97.4
2025-03-01T10:59:22,99.28
2025-03-01T10:59:23,94.3
2025-03-01T10:59:24,100.41
2025-03-01T10:59:25,93.71
2025-03-01T10:59:26,102.48
2025-03-01T10:59:27,102.61
2025-03-01T10:59:28,95.53
2025-03-01T10:59:29,105.79
2025-03-01T10:59:30,95.5
2025-03-01T10:59:31,104.94
2025-03-01T10:59:32,102.62
2025-03-01T10:59:33,104.91
2025-03-01T10:59:34,95.66
2025-03-01T10:59:35,101.88
2025-03-01T10:59:36,97.55
2025-03-01T10:59:37,99.23
2025-03-01T10:59:38,102.03
2025-03-01T10:59:39,91.11
2025-03-01T10:59:40,110.41
2025-03-01T10:59:41,102.09
2025-03-01T10:59:42,98.48
2025-03-01T10:59:43,102.45
2025-03-01T10:59:44,106.3
2025-03-01T10:59:45,106.11
2025-03-01T10:59:46,
2025-03-01T10:59:47,100.79
2025-03-01T10:59:48,97.78
2025-03-01T10:59:49,98.35
2025-03-01T10:59:50,106.42
2025-03-01T10:59:51,101.4
2025-03-01T10:59:52,99.38
2025-03-01T10:59:53,106.1
2025-03-01T10:59:54,90.22
2025-03-01T10:59:55,106.48
2025-03-01T10:59:56,108.02
2025-03-01T10:59:57,107.09
2025-03-01T10:59:58,97.58
2025-03-01T10:59:59,101.41
2025-03-01T11:00:00,110.54
2025-03-01T11:00:01,92.45
2025-03-01T11:00:02,104.16
2025-03-01T11:00:03,89.65
2025-03-01T11:00:04,107.63
2025-03-01T11:00:05,104.97
2025-03-01T11:00:06,93.83
2025-03-01T11:00:07,100.64
2025-03-01T11:00:08,102.61
2025-03-01T11:00:09,108.21
2025-03-01T11:00:10,99.82
2025-03-01T11:00:11,107.85
2025-03-01T11:00:12,99.05
2025-03-01T11:00:13,95.5
2025-03-01T11:00:14,93.0
2025-03-01T11:00:15,103.02
2025-03-01T11:00:16,98.36
2025-03-01T11:00:17,102.0
2025-03-01T11:00:18,90.23
2025-03-01T11:00:19,98.76
2025-03-01T11:00:20,90.17
2025-03-01T11:00:21,92.96
2025-03-01T11:00:22,98.84
2025-03-01T11:00:23,98.29
2025-03-01T11:00:24,100.46
2025-03-01T11:00:25,109.49
2025-03-01T11:00:26,92.66
2025-03-01T11:00:27,108.17
2025-03-01T11:00:28,99.92
2025-03-01T11:00:29,103.27
2025-03-01T11:00:30,101.73
2025-03-01T11:00:31,88.21
2025-03-01T11:00:32,98.34
,100.46
2025-03-01T11:00:34,91.39
2025-03-01T11:00:35,
2025-03-01T11:00:36,105.98
2025-03-01T11:00:37,101.2
2025-03-01T11:00:38,97.93
2025-03-01T11:00:39,96.39
2025-03-01T11:00:40,94.92
2025-03-01T11:00:41,102.29
2025-03-01T11:00:42,101.48
2025-03-01T11:00:43,113.37
2025-03-01T11:00:44,95.69
2025-03-01T11:00:45,107.49
2025-03-01T11:00:46,93.68
2025-03-01T11:00:47,108.1
2025-03-01T11:00:48,100.13
2025-03-01T11:00:49,97.07
2025-03-01T11:00:50,98.81
,94.52
2025-03-01T11:00:52,99.99
2025-03-01T11:00:53,101.7
2025-03-01T11:00:54,106.36
2025-03-01T11:00:55,100.34
2025-03-01T11:00:56,
2025-03-01T11:00:57,96.38
2025-03-01T11:00:58,97.27
2025-03-01T11:00:59,105.1
2025-03-01T11:01:00,99.18
2025-03-01T11:01:01,101.99
2025-03-01T11:01:02,98.48
2025-03-01T11:01:03,97.3
2025-03-01T11:01:04,98.54
2025-03-01T11:01:05,93.31
2025-03-01T11:01:06,97.0
2025-03-01T11:01:07,88.56
2025-03-01T11:01:08,92.42
2025-03-01T11:01:09,105.14
2025-03-01T11:01:10,97.05
2025-03-01T11:01:11,99.11
2025-03-01T11:01:12,99.21
2025-03-01T11:01:13,95.73
2025-03-01T11:01:14,99.95
2025-03-01T11:01:15,101.42
2025-03-01T11:01:16,95.86
2025-03-01T11:01:17,98.51
2025-03-01T11:01:18,94.22
2025-03-01T11:01:19,97.99
2025-03-01T11:01:20,96.44
2025-03-01T11:01:21,90.72
2025-03-01T11:01:22,107.91
2025-03-01T11:01:23,105.49
2025-03-01T11:01:24,96.51
2025-03-01T11:01:25,102.41
2025-03-01T11:01:26,99.58
2025-03-01T11:01:27,101.86
2025-03-01T11:01:28,101.11
2025-03-01T11:01:29,97.62
2025-03-01T11:01:30,102.77
2025-03-01T11:01:31,93.55
,99.7
2025-03-01T11:01:33,100.0
,105.02
2025-03-01T11:01:35,98.81
,101.53
2025-03-01T11:01:37,105.81
2025-03-01T11:01:38,105.29
2025-03-01T11:01:39,101.08
2025-03-01T11:01:40,101.52
2025-03-01T11:01:41,103.17
2025-03-01T11:01:42,102.41
2025-03-01T11:01:43,105.93
2025-03-01T11:01:44,98.85
2025-03-01T11:01:45,102.86
2025-03-01T11:01:46,106.6
2025-03-01T11:01:47,96.31
2025-03-01T11:01:48,101.97
2025-03-01T11:01:49,96.51
2025-03-01T11:01:50,105.07
2025-03-01T11:01:51,100.97
2025-03-01T11:01:52,97.57
2025-03-01T11:01:53,106.62
2025-03-01T11:01:54,99.13
2025-03-01T11:01:55,100.59
2025-03-01T11:01:56,108.56
2025-03-01T11:01:57,104.66
2025-03-01T11:01:58,99.85
2025-03-01T11:01:59,104.17
2025-03-01T11:02:00,101.93
2025-03-01T11:02:01,102.59
2025-03-01T11:02:02,103.85
,97.38
2025-03-01T11:02:04,101.53
2025-03-01T11:02:05,101.84
2025-03-01T11:02:06,103.69
2025-03-01T11:02:07,98.57
2025-03-01T11:02:08,107.92
2025-03-01T11:02:09,101.53
2025-03-01T11:02:10,101.98
2025-03-01T11:02:11,98.16
2025-03-01T11:02:12,99.92
2025-03-01T11:02:13,89.12
2025-03-01T11:02:14,92.87
2025-03-01T11:02:15,99.27
2025-03-01T11:02:16,106.08
2025-03-01T11:02:17,100.24
2025-03-01T11:02:18,95.79
2025-03-01T11:02:19,
2025-03-01T11:02:20,100.43
2025-03-01T11:02:21,107.79
2025-03-01T11:02:22,106.61
2025-03-01T11:02:23,95.09
2025-03-01T11:02:24,100.08
2025-03-01T11:02:25,104.42
2025-03-01T11:02:26,102.44
2025-03-01T11:02:27,93.17
2025-03-01T11:02:28,101.05
2025-03-01T11:02:29,102.35
2025-03-01T11:02:30,99.37
2025-03-01T11:02:31,99.1
,111.3
2025-03-01T11:02:33,85.65
2025-03-01T11:02:34,100.25
2025-03-01T11:02:35,99.79
2025-03-01T11:02:36,99.72
2025-03-01T11:02:37,90.89
2025-03-01T11:02:38,99.76
2025-03-01T11:02:39,100.71
2025-03-01T11:02:40,96.24
2025-03-01T11:02:41,97.46
2025-03-01T11:02:42,
2025-03-01T11:02:43,103.81
2025-03-01T11:02:44,85.44
2025-03-01T11:02:45,100.64
2025-03-01T11:02:46,103.52
2025-03-01T11:02:47,87.65
2025-03-01T11:02:48,112.04
2025-03-01T11:02:49,103.26
2025-03-01T11:02:50,100.27
2025-03-01T11:02:51,101.93
2025-03-01T11:02:52,107.19
2025-03-01T11:02:53,108.79
2025-03-01T11:02:54,102.16
2025-03-01T11:02:55,102.25
2025-03-01T11:02:56,105.24
2025-03-01T11:02:57,107.64
2025-03-01T11:02:58,98.69
2025-03-01T11:02:59,103.81
2025-03-01T11:03:00,100.45
2025-03-01T11:03:01,100.78
2025-03-01T11:03:02,96.41
2025-03-01T11:03:03,95.14
2025-03-01T11:03:04,104.11
2025-03-01T11:03:05,99.04
,92.12
2025-03-01T11:03:07,99.24
2025-03-01T11:03:08,101.5
2025-03-01T11:03:09,93.23
,95.58
2025-03-01T11:03:11,106.33
2025-03-01T11:03:12,105.26
2025-03-01T11:03:13,98.13
2025-03-01T11:03:14,100.37
2025-03-01T11:03:15,91.11
2025-03-01T11:03:16,95.36
2025-03-01T11:03:17,100.22
2025-03-01T11:03:18,107.42
2025-03-01T11:03:19,105.31
2025-03-01T11:03:20,96.97
2025-03-01T11:03:21,100.34
2025-03-01T11:03:22,95.0
2025-03-01T11:03:23,100.38
2025-03-01T11:03:24,105.9
2025-03-01T11:03:25,99.17
2025-03-01T11:03:26,107.04
2025-03-01T11:03:27,103.46
2025-03-01T11:03:28,95.92
2025-03-01T11:03:29,95.07
2025-03-01T11:03:30,93.69
2025-03-01T11:03:31,103.79
,104.54
2025-03-01T11:03:33,117.99
2025-03-01T11:03:34,95.13
2025-03-01T11:03:35,98.64
2025-03-01T11:03:36,96.96
2025-03-01T11:03:37,103.86
2025-03-01T11:03:38,92.55
2025-03-01T11:03:39,
2025-03-01T11:03:40,103.25
2025-03-01T11:03:41,100.65
2025-03-01T11:03:42,96.5
2025-03-01T11:03:43,93.7
2025-03-01T11:03:44,104.99
2025-03-01T11:03:45,107.47
2025-03-01T11:03:46,91.29
2025-03-01T11:03:47,110.42
2025-03-01T11:03:48,107.92
2025-03-01T11:03:49,101.7
2025-03-01T11:03:50,95.29
2025-03-01T11:03:51,109.38
2025-03-01T11:03:52,95.16
2025-03-01T11:03:53,102.92
2025-03-01T11:03:54,95.44
2025-03-01T11:03:55,101.78
2025-03-01T11:03:56,105.63
2025-03-01T11:03:57,104.85
2025-03-01T11:03:58,88.22
2025-03-01T11:03:59,98.35
2025-03-01T11:04:00,92.94
2025-03-01T11:04:01,
2025-03-01T11:04:02,109.47
2025-03-01T11:04:03,102.2
2025-03-01T11:04:04,102.34
2025-03-01T11:04:05,106.51
2025-03-01T11:04:06,96.44
2025-03-01T11:04:07,94.85
2025-03-01T11:04:08,101.69
2025-03-01T11:04:09,
2025-03-01T11:04:10,109.9
2025-03-01T11:04:11,90.41
,109.31
2025-03-01T11:04:13,104.72
2025-03-01T11:04:14,94.6
2025-03-01T11:04:15,101.72
2025-03-01T11:04:16,100.85
2025-03-01T11:04:17,102.37
2025-03-01T11:04:18,104.51
2025-03-01T11:04:19,99.84
2025-03-01T11:04:20,107.12
2025-03-01T11:04:21,103.57
2025-03-01T11:04:22,94.59
2025-03-01T11:04:23,94.05
,94.97
2025-03-01T11:04:25,94.2
2025-03-01T11:04:26,99.9
2025-03-01T11:04:27,103.24
2025-03-01T11:04:28,
2025-03-01T11:04:29,106.12
2025-03-01T11:04:30,103.61
2025-03-01T11:04:31,100.27
2025-03-01T11:04:32,93.91
2025-03-01T11:04:33,94.57
2025-03-01T11:04:34,96.6
2025-03-01T11:04:35,103.53
2025-03-01T11:04:36,102.81
2025-03-01T11:04:37,97.18
2025-03-01T11:04:38,94.14
2025-03-01T11:04:39,90.28
2025-03-01T11:04:40,96.35
,105.65
2025-03-01T11:04:42,98.6
2025-03-01T11:04:43,102.87
2025-03-01T11:04:44,103.34
2025-03-01T11:04:45,99.52
2025-03-01T11:04:46,99.85
2025-03-01T11:04:47,102.84
2025-03-01T11:04:48,101.8
2025-03-01T11:04:49,96.24
2025-03-01T11:04:50,102.01
2025-03-01T11:04:51,101.3
2025-03-01T11:04:52,96.35
2025-03-01T11:04:53,95.01
2025-03-01T11:04:54,101.57
2025-03-01T11:04:55,91.88
2025-03-01T11:04:56,97.23
2025-03-01T11:04:57,100.63
2025-03-01T11:04:58,100.36
2025-03-01T11:04:59,104.24
2025-03-01T11:05:00,104.28
2025-03-01T11:05:01,96.15
2025-03-01T11:05:02,95.7
2025-03-01T11:05:03,103.49
2025-03-01T11:05:04,99.56
2025-03-01T11:05:05,92.11
2025-03-01T11:05:06,96.51
2025-03-01T11:05:07,99.37
2025-03-01T11:05:08,98.28
2025-03-01T11:05:09,103.76
2025-03-01T11:05:10,99.2
2025-03-01T11:05:11,106.82
2025-03-01T11:05:12,93.73
2025-03-01T11:05:13,106.44
2025-03-01T11:05:14,98.46
2025-03-01T11:05:15,104.65
2025-03-01T11:05:16,103.59
2025-03-01T11:05:17,104.8
2025-03-01T11:05:18,101.1
2025-03-01T11:05:19,97.55
2025-03-01T11:05:20,101.4
2025-03-01T11:05:21,104.62
2025-03-01T11:05:22,108.36
2025-03-01T11:05:23,105.82
2025-03-01T11:05:24,97.39
2025-03-01T11:05:25,105.07
2025-03-01T11:05:26,100.52
2025-03-01T11:05:27,103.87
2025-03-01T11:05:28,109.98
2025-03-01T11:05:29,95.51
2025-03-01T11:05:30,95.64
2025-03-01T11:05:31,106.82
2025-03-01T11:05:32,100.84
2025-03-01T11:05:33,94.84
2025-03-01T11:05:34,88.03
,106.79
2025-03-01T11:05:36,94.01
2025-03-01T11:05:37,102.74
2025-03-01T11:05:38,107.02
2025-03-01T11:05:39,97.69
2025-03-01T11:05:40,95.41
2025-03-01T11:05:41,89.31
2025-03-01T11:05:42,107.17
2025-03-01T11:05:43,91.36
2025-03-01T11:05:44,107.96
2025-03-01T11:05:45,103.1
2025-03-01T11:05:46,103.94
2025-03-01T11:05:47,107.37
2025-03-01T11:05:48,95.87
2025-03-01T11:05:49,97.4
2025-03-01T11:05:50,90.88
2025-03-01T11:05:51,93.72
2025-03-01T11:05:52,96.41
2025-03-01T11:05:53,99.98
2025-03-01T11:05:54,98.15
2025-03-01T11:05:55,92.49
2025-03-01T11:05:56,87.54
2025-03-01T11:05:57,94.88
2025-03-01T11:05:58,92.15
2025-03-01T11:05:59,105.68
2025-03-01T11:06:00,96.03
2025-03-01T11:06:01,99.05
2025-03-01T11:06:02,97.54
2025-03-01T11:06:03,96.62
2025-03-01T11:06:04,92.93
2025-03-01T11:06:05,97.39
2025-03-01T11:06:06,101.97
2025-03-01T11:06:07,104.76
2025-03-01T11:06:08,96.28
2025-03-01T11:06:09,99.99
2025-03-01T11:06:10,109.09
2025-03-01T11:06:11,94.75
2025-03-01T11:06:12,95.78
2025-03-01T11:06:13,100.47
2025-03-01T11:06:14,99.43
2025-03-01T11:06:15,95.36
2025-03-01T11:06:16,101.32
2025-03-01T11:06:17,100.87
2025-03-01T11:06:18,101.43
2025-03-01T11:06:19,99.74
2025-03-01T11:06:20,104.93
2025-03-01T11:06:21,103.35
2025-03-01T11:06:22,102.83
2025-03-01T11:06:23,92.92
2025-03-01T11:06:24,97.02
,98.53
2025-03-01T11:06:26,102.98
2025-03-01T11:06:27,107.04
2025-03-01T11:06:28,98.25
2025-03-01T11:06:29,95.93
2025-03-01T11:06:30,91.48
2025-03-01T11:06:31,99.96
2025-03-01T11:06:32,95.65
2025-03-01T11:06:33,100.23
2025-03-01T11:06:34,101.3
2025-03-01T11:06:35,112.23
2025-03-01T11:06:36,93.54
2025-03-01T11:06:37,94.9
2025-03-01T11:06:38,106.1
2025-03-01T11:06:39,106.61
2025-03-01T11:06:40,104.44
2025-03-01T11:06:41,105.45
2025-03-01T11:06:42,103.04
2025-03-01T11:06:43,101.33
2025-03-01T11:06:44,100.61
2025-03-01T11:06:45,108.32
2025-03-01T11:06:46,96.32
2025-03-01T11:06:47,86.87
2025-03-01T11:06:48,101.71
2025-03-01T11:06:49,98.87
2025-03-01T11:06:50,99.35
2025-03-01T11:06:51,97.66
2025-03-01T11:06:52,100.7
2025-03-01T11:06:53,92.91
2025-03-01T11:06:54,95.33
2025-03-01T11:06:55,96.65
2025-03-01T11:06:56,100.33
2025-03-01T11:06:57,94.78
2025-03-01T11:06:58,99.88
2025-03-01T11:06:59,106.54
2025-03-01T11:07:00,102.41
2025-03-01T11:07:01,105.85
2025-03-01T11:07:02,105.47
2025-03-01T11:07:03,97.61
2025-03-01T11:07:04,109.1
2025-03-01T11:07:05,100.82
2025-03-01T11:07:06,99.25
2025-03-01T11:07:07,102.81
2025-03-01T11:07:08,101.72
2025-03-01T11:07:09,81.68
2025-03-01T11:07:10,94.26
2025-03-01T11:07:11,96.56
2025-03-01T11:07:12,102.79
2025-03-01T11:07:13,89.46
,97.99
2025-03-01T11:07:15,102.55
2025-03-01T11:07:16,90.72
2025-03-01T11:07:17,104.07
2025-03-01T11:07:18,105.87
2025-03-01T11:07:19,101.29
2025-03-01T11:07:20,103.22
2025-03-01T11:07:21,101.09
2025-03-01T11:07:22,99.55
2025-03-01T11:07:23,101.52
2025-03-01T11:07:24,96.35
2025-03-01T11:07:25,100.12
2025-03-01T11:07:26,96.56
2025-03-01T11:07:27,98.81
2025-03-01T11:07:28,98.85
2025-03-01T11:07:29,105.12
2025-03-01T11:07:30,107.1
,
2025-03-01T11:07:32,94.88
2025-03-01T11:07:33,94.37
2025-03-01T11:07:34,95.57
2025-03-01T11:07:35,
2025-03-01T11:07:36,96.44
2025-03-01T11:07:37,105.35
2025-03-01T11:07:38,98.16
2025-03-01T11:07:39,
2025-03-01T11:07:40,96.16
2025-03-01T11:07:41,105.74
2025-03-01T11:07:42,104.09
2025-03-01T11:07:43,94.76
2025-03-01T11:07:44,98.82
2025-03-01T11:07:45,101.47
2025-03-01T11:07:46,91.71
2025-03-01T11:07:47,92.74
2025-03-01T11:07:48,99.41
2025-03-01T11:07:49,97.45
2025-03-01T11:07:50,103.94
2025-03-01T11:07:51,94.48
2025-03-01T11:07:52,96.47
2025-03-01T11:07:53,110.5
2025-03-01T11:07:54,103.14
2025-03-01T11:07:55,96.95
2025-03-01T11:07:56,100.82
2025-03-01T11:07:57,101.26
2025-03-01T11:07:58,106.55
2025-03-01T11:07:59,94.45
2025-03-01T11:08:00,
2025-03-01T11:08:01,103.68
,102.79
2025-03-01T11:08:03,96.75
2025-03-01T11:08:04,103.62
2025-03-01T11:08:05,96.76
2025-03-01T11:08:06,98.48
2025-03-01T11:08:07,101.31
2025-03-01T11:08:08,98.57
2025-03-01T11:08:09,102.43
2025-03-01T11:08:10,100.21
2025-03-01T11:08:11,95.23
2025-03-01T11:08:12,97.43
2025-03-01T11:08:13,106.67
2025-03-01T11:08:14,102.54
2025-03-01T11:08:15,101.08
2025-03-01T11:08:16,97.01
2025-03-01T11:08:17,95.78
2025-03-01T11:08:18,94.29
2025-03-01T11:08:19,95.12
2025-03-01T11:08:20,
2025-03-01T11:08:21,97.75
2025-03-01T11:08:22,96.53
2025-03-01T11:08:23,89.94
2025-03-01T11:08:24,104.53
2025-03-01T11:08:25,104.0
,105.61
2025-03-01T11:08:27,100.19
2025-03-01T11:08:28,93.51
2025-03-01T11:08:29,91.46
2025-03-01T11:08:30,99.96
2025-03-01T11:08:31,107.04
2025-03-01T11:08:32,107.13
2025-03-01T11:08:33,96.66
2025-03-01T11:08:34,104.0
2025-03-01T11:08:35,96.62
2025-03-01T11:08:36,96.75
2025-03-01T11:08:37,97.24
2025-03-01T11:08:38,96.94
2025-03-01T11:08:39,98.59
2025-03-01T11:08:40,105.96
2025-03-01T11:08:41,101.15
2025-03-01T11:08:42,96.97
2025-03-01T11:08:43,86.37
2025-03-01T11:08:44,109.81
2025-03-01T11:08:45,91.35
2025-03-01T11:08:46,98.38
2025-03-01T11:08:47,103.58
2025-03-01T11:08:48,100.45
2025-03-01T11:08:49,104.1
2025-03-01T11:08:50,97.3
2025-03-01T11:08:51,95.44
2025-03-01T11:08:52,110.04
2025-03-01T11:08:53,101.72
2025-03-01T11:08:54,98.72
2025-03-01T11:08:55,90.08
2025-03-01T11:08:56,102.87
2025-03-01T11:08:57,104.99
2025-03-01T11:08:58,102.14
2025-03-01T11:08:59,105.7
2025-03-01T11:09:00,94.44
,102.43
2025-03-01T11:09:02,98.01
2025-03-01T11:09:03,105.28
2025-03-01T11:09:04,96.85
2025-03-01T11:09:05,89.31
2025-03-01T11:09:06,96.17
2025-03-01T11:09:07,106.21
2025-03-01T11:09:08,96.53
2025-03-01T11:09:09,95.04
2025-03-01T11:09:10,106.81
2025-03-01T11:09:11,95.14
2025-03-01T11:09:12,109.95
2025-03-01T11:09:13,98.79
2025-03-01T11:09:14,100.45
2025-03-01T11:09:15,90.78
2025-03-01T11:09:16,100.61
2025-03-01T11:09:17,89.91
2025-03-01T11:09:18,92.06
2025-03-01T11:09:19,94.57
2025-03-01T11:09:20,101.56
2025-03-01T11:09:21,103.51
2025-03-01T11:09:22,106.39
2025-03-01T11:09:23,99.74
2025-03-01T11:09:24,104.22
2025-03-01T11:09:25,102.62
2025-03-01T11:09:26,106.06
2025-03-01T11:09:27,100.54
2025-03-01T11:09:28,105.39
2025-03-01T11:09:29,106.12
2025-03-01T11:09:30,101.67
2025-03-01T11:09:31,101.22
2025-03-01T11:09:32,99.26
2025-03-01T11:09:33,91.28
2025-03-01T11:09:34,105.07
2025-03-01T11:09:35,102.74
2025-03-01T11:09:36,96.9
2025-03-01T11:09:37,97.74
2025-03-01T11:09:38,104.3
2025-03-01T11:09:39,90.08
2025-03-01T11:09:40,99.01
2025-03-01T11:09:41,96.11
2025-03-01T11:09:42,102.1
2025-03-01T11:09:43,108.24
2025-03-01T11:09:44,94.82
2025-03-01T11:09:45,97.64
2025-03-01T11:09:46,102.98
2025-03-01T11:09:47,100.86
2025-03-01T11:09:48,
2025-03-01T11:09:49,96.14
2025-03-01T11:09:50,101.01
2025-03-01T11:09:51,107.79
2025-03-01T11:09:52,106.91
2025-03-01T11:09:53,100.53
2025-03-01T11:09:54,95.9
2025-03-01T11:09:55,99.41
2025-03-01T11:09:56,99.68
2025-03-01T11:09:57,102.41
2025-03-01T11:09:58,97.65
2025-03-01T11:09:59,89.39
2025-03-01T11:10:00,105.79
2025-03-01T11:10:01,107.5
2025-03-01T11:10:02,94.85
2025-03-01T11:10:03,95.07
2025-03-01T11:10:04,105.92
2025-03-01T11:10:05,96.44
2025-03-01T11:10:06,108.67
2025-03-01T11:10:07,96.04
2025-03-01T11:10:08,103.85
2025-03-01T11:10:09,103.88
2025-03-01T11:10:10,94.78
2025-03-01T11:10:11,96.02
2025-03-01T11:10:12,91.52
2025-03-01T11:10:13,110.88
2025-03-01T11:10:14,90.47
2025-03-01T11:10:15,100.8
,111.63
2025-03-01T11:10:17,102.61
2025-03-01T11:10:18,103.69
2025-03-01T11:10:19,104.46
2025-03-01T11:10:20,110.72
2025-03-01T11:10:21,103.36
2025-03-01T11:10:22,91.55
2025-03-01T11:10:23,98.15
2025-03-01T11:10:24,92.35
2025-03-01T11:10:25,98.55
2025-03-01T11:10:26,97.81
2025-03-01T11:10:27,102.08
2025-03-01T11:10:28,99.59
2025-03-01T11:10:29,99.61
2025-03-01T11:10:30,98.85
2025-03-01T11:10:31,98.84
2025-03-01T11:10:32,96.81
2025-03-01T11:10:33,95.54
2025-03-01T11:10:34,105.68
2025-03-01T11:10:35,101.48
2025-03-01T11:10:36,101.3
2025-03-01T11:10:37,104.06
2025-03-01T11:10:38,107.56
2025-03-01T11:10:39,101.02
2025-03-01T11:10:40,110.3
2025-03-01T11:10:41,102.39
2025-03-01T11:10:42,92.86
2025-03-01T11:10:43,104.72
2025-03-01T11:10:44,96.27
2025-03-01T11:10:45,97.95
2025-03-01T11:10:46,100.62
2025-03-01T11:10:47,94.97
2025-03-01T11:10:48,90.46
2025-03-01T11:10:49,104.42
2025-03-01T11:10:50,89.94
2025-03-01T11:10:51,98.88
2025-03-01T11:10:52,95.85
2025-03-01T11:10:53,100.8
2025-03-01T11:10:54,97.51
2025-03-01T11:10:55,88.42
2025-03-01T11:10:56,96.46
2025-03-01T11:10:57,100.17
2025-03-01T11:10:58,85.78
2025-03-01T11:10:59,103.59
2025-03-01T11:11:00,99.09
2025-03-01T11:11:01,101.35
2025-03-01T11:11:02,90.19
2025-03-01T11:11:03,99.46
2025-03-01T11:11:04,91.02
2025-03-01T11:11:05,110.18
2025-03-01T11:11:06,94.3
2025-03-01T11:11:07,96.85
2025-03-01T11:11:08,100.24
2025-03-01T11:11:09,99.44
2025-03-01T11:11:10,107.6
2025-03-01T11:11:11,109.25
2025-03-01T11:11:12,100.83
2025-03-01T11:11:13,95.18
2025-03-01T11:11:14,95.52
2025-03-01T11:11:15,105.04
2025-03-01T11:11:16,95.32
2025-03-01T11:11:17,95.45
2025-03-01T11:11:18,93.81
2025-03-01T11:11:19,106.16
2025-03-01T11:11:20,96.21
2025-03-01T11:11:21,100.01
2025-03-01T11:11:22,105.73
2025-03-01T11:11:23,100.18
2025-03-01T11:11:24,104.44
2025-03-01T11:11:25,101.31
2025-03-01T11:11:26,97.86
2025-03-01T11:11:27,100.37
2025-03-01T11:11:28,94.94
2025-03-01T11:11:29,103.68
2025-03-01T11:11:30,99.23
2025-03-01T11:11:31,100.03
2025-03-01T11:11:32,100.72
2025-03-01T11:11:33,93.9
2025-03-01T11:11:34,90.15
2025-03-01T11:11:35,105.84
2025-03-01T11:11:36,99.04
2025-03-01T11:11:37,99.99
2025-03-01T11:11:38,94.58
2025-03-01T11:11:39,94.99
2025-03-01T11:11:40,108.25
2025-03-01T11:11:41,104.25
2025-03-01T11:11:42,90.98
2025-03-01T11:11:43,103.34
2025-03-01T11:11:44,97.81
2025-03-01T11:11:45,104.01
2025-03-01T11:11:46,98.02
2025-03-01T11:11:47,104.46
2025-03-01T11:11:48,100.58
2025-03-01T11:11:49,98.94
2025-03-01T11:11:50,94.6
2025-03-01T11:11:51,98.3
2025-03-01T11:11:52,100.22
2025-03-01T11:11:53,
2025-03-01T11:11:54,101.75
2025-03-01T11:11:55,99.22
2025-03-01T11:11:56,90.87
2025-03-01T11:11:57,97.43
2025-03-01T11:11:58,108.69
2025-03-01T11:11:59,89.74
2025-03-01T11:12:00,92.69
2025-03-01T11:12:01,95.78
2025-03-01T11:12:02,96.4
2025-03-01T11:12:03,92.27
2025-03-01T11:12:04,
2025-03-01T11:12:05,91.65
2025-03-01T11:12:06,81.89
2025-03-01T11:12:07,98.75
2025-03-01T11:12:08,103.23
2025-03-01T11:12:09,98.42
2025-03-01T11:12:10,104.14
2025-03-01T11:12:11,96.22
2025-03-01T11:12:12,103.15
2025-03-01T11:12:13,105.03
2025-03-01T11:12:14,98.65
2025-03-01T11:12:15,102.86
2025-03-01T11:12:16,99.86
2025-03-01T11:12:17,109.76
2025-03-01T11:12:18,98.47
2025-03-01T11:12:19,100.19
2025-03-01T11:12:20,100.58
2025-03-01T11:12:21,103.86
2025-03-01T11:12:22,98.75
2025-03-01T11:12:23,99.6
2025-03-01T11:12:24,94.69
2025-03-01T11:12:25,100.7
2025-03-01T11:12:26,96.04
2025-03-01T11:12:27,99.85
2025-03-01T11:12:28,105.33
2025-03-01T11:12:29,99.19
2025-03-01T11:12:30,100.68
2025-03-01T11:12:31,102.06
2025-03-01T11:12:32,95.54
2025-03-01T11:12:33,92.07
2025-03-01T11:12:34,95.27
2025-03-01T11:12:35,99.81
2025-03-01T11:12:36,103.42
2025-03-01T11:12:37,106.95
2025-03-01T11:12:38,99.49
2025-03-01T11:12:39,101.72
2025-03-01T11:12:40,107.1
2025-03-01T11:12:41,105.79
2025-03-01T11:12:42,97.58
2025-03-01T11:12:43,105.04
2025-03-01T11:12:44,100.48
2025-03-01T11:12:45,99.53
2025-03-01T11:12:46,105.26
2025-03-01T11:12:47,99.56
2025-03-01T11:12:48,104.46
2025-03-01T11:12:49,101.84
2025-03-01T11:12:50,97.83
2025-03-01T11:12:51,97.17
2025-03-01T11:12:52,96.85
2025-03-01T11:12:53,96.26
2025-03-01T11:12:54,97.71
2025-03-01T11:12:55,99.41
2025-03-01T11:12:56,96.26
2025-03-01T11:12:57,102.0
2025-03-01T11:12:58,103.24
2025-03-01T11:12:59,99.07
2025-03-01T11:13:00,95.98
2025-03-01T11:13:01,100.65
2025-03-01T11:13:02,
2025-03-01T11:13:03,
2025-03-01T11:13:04,96.76
2025-03-01T11:13:05,102.61
2025-03-01T11:13:06,103.04
2025-03-01T11:13:07,97.83
2025-03-01T11:13:08,99.06
2025-03-01T11:13:09,100.13
2025-03-01T11:13:10,99.34
2025-03-01T11:13:11,94.14
2025-03-01T11:13:12,98.1
2025-03-01T11:13:13,88.52
2025-03-01T11:13:14,94.99
2025-03-01T11:13:15,101.36
2025-03-01T11:13:16,99.98
2025-03-01T11:13:17,103.29
2025-03-01T11:13:18,99.04
2025-03-01T11:13:19,89.35
2025-03-01T11:13:20,100.53
2025-03-01T11:13:21,104.44
2025-03-01T11:13:22,98.17
2025-03-01T11:13:23,106.23
2025-03-01T11:13:24,93.8
2025-03-01T11:13:25,107.18
2025-03-01T11:13:26,98.51
2025-03-01T11:13:27,104.59
2025-03-01T11:13:28,112.01
2025-03-01T11:13:29,93.11
2025-03-01T11:13:30,93.87
2025-03-01T11:13:31,99.4
2025-03-01T11:13:32,103.35
2025-03-01T11:13:33,101.23
2025-03-01T11:13:34,97.28
2025-03-01T11:13:35,109.84
2025-03-01T11:13:36,99.16
2025-03-01T11:13:37,97.1
,95.8
2025-03-01T11:13:39,104.06
2025-03-01T11:13:40,103.19
2025-03-01T11:13:41,103.49
2025-03-01T11:13:42,105.42
2025-03-01T11:13:43,101.48
2025-03-01T11:13:44,103.61
2025-03-01T11:13:45,101.12
2025-03-01T11:13:46,99.65
2025-03-01T11:13:47,100.5
2025-03-01T11:13:48,109.57
2025-03-01T11:13:49,98.18
2025-03-01T11:13:50,103.71
2025-03-01T11:13:51,101.92
2025-03-01T11:13:52,96.95
2025-03-01T11:13:53,94.86
2025-03-01T11:13:54,103.73
2025-03-01T11:13:55,101.31
2025-03-01T11:13:56,104.54
2025-03-01T11:13:57,106.21
2025-03-01T11:13:58,103.02
2025-03-01T11:13:59,98.49
2025-03-01T11:14:00,101.17
2025-03-01T11:14:01,99.56
2025-03-01T11:14:02,102.55
2025-03-01T11:14:03,106.04
2025-03-01T11:14:04,92.78
2025-03-01T11:14:05,104.97
2025-03-01T11:14:06,108.51
2025-03-01T11:14:07,105.73
2025-03-01T11:14:08,103.76
2025-03-01T11:14:09,97.13
2025-03-01T11:14:10,93.6
2025-03-01T11:14:11,98.62
2025-03-01T11:14:12,96.49
2025-03-01T11:14:13,97.23
2025-03-01T11:14:14,97.66
2025-03-01T11:14:15,99.51
,95.35
2025-03-01T11:14:17,98.9
2025-03-01T11:14:18,94.23
2025-03-01T11:14:19,106.02
2025-03-01T11:14:20,98.43
2025-03-01T11:14:21,97.28
2025-03-01T11:14:22,93.88
2025-03-01T11:14:23,102.08
2025-03-01T11:14:24,92.45
2025-03-01T11:14:25,94.27
2025-03-01T11:14:26,99.87
2025-03-01T11:14:27,100.71
2025-03-01T11:14:28,99.27
2025-03-01T11:14:29,100.11
2025-03-01T11:14:30,93.5
2025-03-01T11:14:31,97.58
2025-03-01T11:14:32,103.35
2025-03-01T11:14:33,106.31
2025-03-01T11:14:34,91.71
2025-03-01T11:14:35,102.73
2025-03-01T11:14:36,105.88
2025-03-01T11:14:37,104.36
2025-03-01T11:14:38,103.71
2025-03-01T11:14:39,107.64
,100.75
2025-03-01T11:14:41,100.08
2025-03-01T11:14:42,93.52
2025-03-01T11:14:43,103.14
2025-03-01T11:14:44,104.41
2025-03-01T11:14:45,98.07
2025-03-01T11:14:46,109.36
2025-03-01T11:14:47,92.4
2025-03-01T11:14:48,90.98
2025-03-01T11:14:49,100.7
2025-03-01T11:14:50,100.59
2025-03-01T11:14:51,93.62
2025-03-01T11:14:52,106.54
2025-03-01T11:14:53,99.7
2025-03-01T11:14:54,102.06
2025-03-01T11:14:55,99.1
2025-03-01T11:14:56,101.2
2025-03-01T11:14:57,96.89
2025-03-01T11:14:58,
2025-03-01T11:14:59,96.79
2025-03-01T11:15:00,97.04
2025-03-01T11:15:01,93.89
2025-03-01T11:15:02,106.44
2025-03-01T11:15:03,100.18
2025-03-01T11:15:04,101.7
2025-03-01T11:15:05,105.87
2025-03-01T11:15:06,100.8
2025-03-01T11:15:07,86.24
2025-03-01T11:15:08,99.16
2025-03-01T11:15:09,103.63
2025-03-01T11:15:10,98.46
2025-03-01T11:15:11,103.08
2025-03-01T11:15:12,99.8
2025-03-01T11:15:13,97.54
2025-03-01T11:15:14,86.76
2025-03-01T11:15:15,102.25
2025-03-01T11:15:16,104.73
2025-03-01T11:15:17,104.05
2025-03-01T11:15:18,93.62
2025-03-01T11:15:19,104.65
2025-03-01T11:15:20,96.85
2025-03-01T11:15:21,96.11
2025-03-01T11:15:22,106.89
2025-03-01T11:15:23,105.7
2025-03-01T11:15:24,105.42
,97.39
2025-03-01T11:15:26,101.37
2025-03-01T11:15:27,100.07
2025-03-01T11:15:28,91.57
2025-03-01T11:15:29,99.03
2025-03-01T11:15:30,101.24
2025-03-01T11:15:31,102.37
2025-03-01T11:15:32,104.26
2025-03-01T11:15:33,101.31
2025-03-01T11:15:34,100.51
2025-03-01T11:15:35,101.15
2025-03-01T11:15:36,95.52
2025-03-01T11:15:37,111.22
2025-03-01T11:15:38,102.38
2025-03-01T11:15:39,103.78
2025-03-01T11:15:40,99.17
2025-03-01T11:15:41,95.52
2025-03-01T11:15:42,104.72
2025-03-01T11:15:43,98.33
2025-03-01T11:15:44,95.31
2025-03-01T11:15:45,98.05
2025-03-01T11:15:46,97.54
2025-03-01T11:15:47,97.16
2025-03-01T11:15:48,95.43
2025-03-01T11:15:49,99.74
2025-03-01T11:15:50,97.72
2025-03-01T11:15:51,98.09
2025-03-01T11:15:52,94.45
2025-03-01T11:15:53,93.24
2025-03-01T11:15:54,101.99
2025-03-01T11:15:55,105.47
,96.7
2025-03-01T11:15:57,102.83
2025-03-01T11:15:58,92.7
2025-03-01T11:15:59,
2025-03-01T11:16:00,91.62
2025-03-01T11:16:01,100.44
2025-03-01T11:16:02,94.2
2025-03-01T11:16:03,98.45
2025-03-01T11:16:04,108.37
2025-03-01T11:16:05,95.6
2025-03-01T11:16:06,90.15
2025-03-01T11:16:07,91.92
2025-03-01T11:16:08,101.86
2025-03-01T11:16:09,
2025-03-01T11:16:10,94.73
2025-03-01T11:16:11,112.14
2025-03-01T11:16:12,88.75
2025-03-01T11:16:13,103.1
2025-03-01T11:16:14,99.27
2025-03-01T11:16:15,101.26
2025-03-01T11:16:16,91.75
2025-03-01T11:16:17,98.33
2025-03-01T11:16:18,100.79
2025-03-01T11:16:19,94.96
2025-03-01T11:16:20,88.98
2025-03-01T11:16:21,93.94
2025-03-01T11:16:22,99.49
2025-03-01T11:16:23,104.03
2025-03-01T11:16:24,95.35
2025-03-01T11:16:25,96.46
2025-03-01T11:16:26,97.23
2025-03-01T11:16:27,94.44
2025-03-01T11:16:28,108.42
2025-03-01T11:16:29,100.58
2025-03-01T11:16:30,102.2
2025-03-01T11:16:31,100.16
2025-03-01T11:16:32,104.42
2025-03-01T11:16:33,98.42
2025-03-01T11:16:34,102.96
2025-03-01T11:16:35,102.1
2025-03-01T11:16:36,100.62
2025-03-01T11:16:37,100.53
2025-03-01T11:16:38,104.59
2025-03-01T11:16:39,106.04
2025-03-01T11:16:40,101.4
2025-03-01T11:16:41,95.24
2025-03-01T11:16:42,98.83
2025-03-01T11:16:43,100.51
2025-03-01T11:16:44,106.77
2025-03-01T11:16:45,97.12
2025-03-01T11:16:46,106.51
2025-03-01T11:16:47,101.79
2025-03-01T11:16:48,101.99
2025-03-01T11:16:49,109.79
2025-03-01T11:16:50,107.2
2025-03-01T11:16:51,93.27
2025-03-01T11:16:52,110.47
2025-03-01T11:16:53,100.08
2025-03-01T11:16:54,101.06
2025-03-01T11:16:55,99.99
2025-03-01T11:16:56,101.27
2025-03-01T11:16:57,98.74
2025-03-01T11:16:58,107.71
2025-03-01T11:16:59,101.96
2025-03-01T11:17:00,99.44
2025-03-01T11:17:01,105.42
2025-03-01T11:17:02,99.07
2025-03-01T11:17:03,103.76
2025-03-01T11:17:04,100.57
2025-03-01T11:17:05,100.59
2025-03-01T11:17:06,103.03
2025-03-01T11:17:07,96.77
2025-03-01T11:17:08,98.15
2025-03-01T11:17:09,101.79
2025-03-01T11:17:10,97.78
2025-03-01T11:17:11,104.82
2025-03-01T11:17:12,97.57
2025-03-01T11:17:13,102.51
2025-03-01T11:17:14,105.69
2025-03-01T11:17:15,102.88
2025-03-01T11:17:16,108.46
2025-03-01T11:17:17,92.31
2025-03-01T11:17:18,89.13
2025-03-01T11:17:19,93.11
2025-03-01T11:17:20,91.41
2025-03-01T11:17:21,103.92
2025-03-01T11:17:22,101.0
2025-03-01T11:17:23,92.23
2025-03-01T11:17:24,102.41
2025-03-01T11:17:25,97.28
2025-03-01T11:17:26,100.17
2025-03-01T11:17:27,101.57
2025-03-01T11:17:28,96.07
2025-03-01T11:17:29,102.09
2025-03-01T11:17:30,95.72
2025-03-01T11:17:31,96.22
2025-03-01T11:17:32,93.72
2025-03-01T11:17:33,103.6
2025-03-01T11:17:34,105.2
2025-03-01T11:17:35,103.73
2025-03-01T11:17:36,95.19
2025-03-01T11:17:37,100.44
2025-03-01T11:17:38,99.62
2025-03-01T11:17:39,100.36
2025-03-01T11:17:40,108.32
2025-03-01T11:17:41,102.88
2025-03-01T11:17:42,99.5
2025-03-01T11:17:43,94.67
2025-03-01T11:17:44,92.27
2025-03-01T11:17:45,
2025-03-01T11:17:46,90.81
2025-03-01T11:17:47,102.3
2025-03-01T11:17:48,91.15
2025-03-01T11:17:49,94.24
2025-03-01T11:17:50,104.59
,96.19
2025-03-01T11:17:52,97.16
2025-03-01T11:17:53,99.67
2025-03-01T11:17:54,106.6
2025-03-01T11:17:55,100.78
2025-03-01T11:17:56,103.11
2025-03-01T11:17:57,96.6
2025-03-01T11:17:58,110.99
2025-03-01T11:17:59,105.07
2025-03-01T11:18:00,102.46
2025-03-01T11:18:01,91.87
2025-03-01T11:18:02,105.05
2025-03-01T11:18:03,107.07
2025-03-01T11:18:04,89.5
2025-03-01T11:18:05,103.95
,106.51
2025-03-01T11:18:07,
2025-03-01T11:18:08,91.21
2025-03-01T11:18:09,102.55
2025-03-01T11:18:10,89.95
2025-03-01T11:18:11,90.83
2025-03-01T11:18:12,96.64
2025-03-01T11:18:13,95.25
2025-03-01T11:18:14,
2025-03-01T11:18:15,92.41
2025-03-01T11:18:16,91.92
2025-03-01T11:18:17,100.48
2025-03-01T11:18:18,104.21
2025-03-01T11:18:19,106.64
2025-03-01T11:18:20,101.63
2025-03-01T11:18:21,101.66
2025-03-01T11:18:22,100.01
2025-03-01T11:18:23,111.85
2025-03-01T11:18:24,99.35
2025-03-01T11:18:25,100.88
2025-03-01T11:18:26,95.48
2025-03-01T11:18:27,103.7
2025-03-01T11:18:28,90.84
2025-03-01T11:18:29,96.96
2025-03-01T11:18:30,105.01
2025-03-01T11:18:31,102.73
,102.05
2025-03-01T11:18:33,94.27
2025-03-01T11:18:34,96.22
2025-03-01T11:18:35,97.63
2025-03-01T11:18:36,91.99
2025-03-01T11:18:37,95.2
2025-03-01T11:18:38,106.48
2025-03-01T11:18:39,97.65
2025-03-01T11:18:40,93.76
2025-03-01T11:18:41,102.63
2025-03-01T11:18:42,103.42
2025-03-01T11:18:43,93.46
2025-03-01T11:18:44,97.38
2025-03-01T11:18:45,98.76
2025-03-01T11:18:46,101.39
2025-03-01T11:18:47,92.16
2025-03-01T11:18:48,93.7
2025-03-01T11:18:49,101.22
2025-03-01T11:18:50,98.57
2025-03-01T11:18:51,105.85
2025-03-01T11:18:52,106.09
2025-03-01T11:18:53,97.5
2025-03-01T11:18:54,107.3
2025-03-01T11:18:55,106.17
2025-03-01T11:18:56,101.28
2025-03-01T11:18:57,103.17
2025-03-01T11:18:58,
2025-03-01T11:18:59,100.76
2025-03-01T11:19:00,107.26
2025-03-01T11:19:01,97.16
2025-03-01T11:19:02,103.87
2025-03-01T11:19:03,103.31
2025-03-01T11:19:04,100.85
2025-03-01T11:19:05,103.14
2025-03-01T11:19:06,101.09
2025-03-01T11:19:07,99.11
2025-03-01T11:19:08,98.05
2025-03-01T11:19:09,95.06
2025-03-01T11:19:10,101.32
2025-03-01T11:19:11,94.63
2025-03-01T11:19:12,98.72
2025-03-01T11:19:13,97.88
2025-03-01T11:19:14,96.54
2025-03-01T11:19:15,98.52
2025-03-01T11:19:16,96.74
2025-03-01T11:19:17,96.73
2025-03-01T11:19:18,103.67
2025-03-01T11:19:19,104.68
2025-03-01T11:19:20,99.95
2025-03-01T11:19:21,104.41
2025-03-01T11:19:22,94.45
2025-03-01T11:19:23,100.97
2025-03-01T11:19:24,94.93
2025-03-01T11:19:25,89.15
2025-03-01T11:19:26,102.25
2025-03-01T11:19:27,98.64
2025-03-01T11:19:28,
2025-03-01T11:19:29,106.25
,96.46
2025-03-01T11:19:31,96.4
2025-03-01T11:19:32,100.02
2025-03-01T11:19:33,88.72
2025-03-01T11:19:34,99.77
2025-03-01T11:19:35,103.9
2025-03-01T11:19:36,105.55
2025-03-01T11:19:37,97.37
2025-03-01T11:19:38,99.56
2025-03-01T11:19:39,100.3
2025-03-01T11:19:40,100.22
2025-03-01T11:19:41,97.4
2025-03-01T11:19:42,96.22
2025-03-01T11:19:43,97.79
2025-03-01T11:19:44,96.6
2025-03-01T11:19:45,96.87
,97.87
2025-03-01T11:19:47,99.0
2025-03-01T11:19:48,98.71
2025-03-01T11:19:49,99.26
2025-03-01T11:19:50,105.91
2025-03-01T11:19:51,97.47
2025-03-01T11:19:52,96.55
2025-03-01T11:19:53,99.94
2025-03-01T11:19:54,105.11
2025-03-01T11:19:55,106.05
2025-03-01T11:19:56,102.57
2025-03-01T11:19:57,98.56
2025-03-01T11:19:58,99.13
2025-03-01T11:19:59,98.12
2025-03-01T11:20:00,95.56
2025-03-01T11:20:01,107.25
2025-03-01T11:20:02,98.16
2025-03-01T11:20:03,
2025-03-01T11:20:04,99.75
2025-03-01T11:20:05,111.38
2025-03-01T11:20:06,96.76
2025-03-01T11:20:07,96.35
2025-03-01T11:20:08,104.64
2025-03-01T11:20:09,100.3
2025-03-01T11:20:10,103.06
2025-03-01T11:20:11,107.53
2025-03-01T11:20:12,
2025-03-01T11:20:13,95.71
2025-03-01T11:20:14,87.18
2025-03-01T11:20:15,107.47
2025-03-01T11:20:16,104.35
2025-03-01T11:20:17,94.25
2025-03-01T11:20:18,99.6
2025-03-01T11:20:19,100.31
2025-03-01T11:20:20,106.61
2025-03-01T11:20:21,99.13
2025-03-01T11:20:22,95.36
2025-03-01T11:20:23,102.05
2025-03-01T11:20:24,91.54
2025-03-01T11:20:25,109.37
2025-03-01T11:20:26,99.12
2025-03-01T11:20:27,98.67
2025-03-01T11:20:28,99.91
2025-03-01T11:20:29,100.75
2025-03-01T11:20:30,99.19
2025-03-01T11:20:31,100.45
2025-03-01T11:20:32,102.85
2025-03-01T11:20:33,98.22
2025-03-01T11:20:34,105.25
2025-03-01T11:20:35,106.88
2025-03-01T11:20:36,94.36
2025-03-01T11:20:37,102.11
2025-03-01T11:20:38,89.88
2025-03-01T11:20:39,103.45
,97.46
2025-03-01T11:20:41,101.66
2025-03-01T11:20:42,112.17
2025-03-01T11:20:43,99.0
2025-03-01T11:20:44,95.14
2025-03-01T11:20:45,104.47
2025-03-01T11:20:46,101.67
2025-03-01T11:20:47,93.98
2025-03-01T11:20:48,97.16
2025-03-01T11:20:49,
2025-03-01T11:20:50,109.14
2025-03-01T11:20:51,97.52
2025-03-01T11:20:52,99.45
2025-03-01T11:20:53,97.04
2025-03-01T11:20:54,
2025-03-01T11:20:55,99.59
2025-03-01T11:20:56,97.55
2025-03-01T11:20:57,103.04
2025-03-01T11:20:58,101.18
2025-03-01T11:20:59,100.18
2025-03-01T11:21:00,104.81
2025-03-01T11:21:01,98.99
2025-03-01T11:21:02,104.44
2025-03-01T11:21:03,103.39
2025-03-01T11:21:04,101.75
2025-03-01T11:21:05,93.62
2025-03-01T11:21:06,93.63
2025-03-01T11:21:07,93.43
2025-03-01T11:21:08,108.77
2025-03-01T11:21:09,98.95
2025-03-01T11:21:10,109.34
2025-03-01T11:21:11,99.84
2025-03-01T11:21:12,104.85
2025-03-01T11:21:13,90.7
2025-03-01T11:21:14,103.31
2025-03-01T11:21:15,101.73
2025-03-01T11:21:16,102.22
2025-03-01T11:21:17,
2025-03-01T11:21:18,104.24
2025-03-01T11:21:19,98.19
2025-03-01T11:21:20,98.74
2025-03-01T11:21:21,97.68
2025-03-01T11:21:22,100.22
2025-03-01T11:21:23,95.05
2025-03-01T11:21:24,89.51
2025-03-01T11:21:25,102.63
2025-03-01T11:21:26,102.05
2025-03-01T11:21:27,93.49
2025-03-01T11:21:28,99.99
2025-03-01T11:21:29,95.72
2025-03-01T11:21:30,104.87
2025-03-01T11:21:31,103.86
2025-03-01T11:21:32,92.91
2025-03-01T11:21:33,95.6
2025-03-01T11:21:34,111.03
2025-03-01T11:21:35,99.13
2025-03-01T11:21:36,100.52
2025-03-01T11:21:37,97.81
2025-03-01T11:21:38,100.91
2025-03-01T11:21:39,97.44
2025-03-01T11:21:40,95.33
2025-03-01T11:21:41,102.15
,101.57
2025-03-01T11:21:43,111.95
2025-03-01T11:21:44,96.98
2025-03-01T11:21:45,
2025-03-01T11:21:46,93.73
2025-03-01T11:21:47,89.7
2025-03-01T11:21:48,100.97
2025-03-01T11:21:49,104.32
2025-03-01T11:21:50,99.27
2025-03-01T11:21:51,97.59
2025-03-01T11:21:52,98.3
2025-03-01T11:21:53,103.4
2025-03-01T11:21:54,90.06
2025-03-01T11:21:55,95.89
2025-03-01T11:21:56,93.67
2025-03-01T11:21:57,93.49
2025-03-01T11:21:58,109.78
2025-03-01T11:21:59,96.22
2025-03-01T11:22:00,99.06
2025-03-01T11:22:01,106.91
2025-03-01T11:22:02,102.1
2025-03-01T11:22:03,102.8
2025-03-01T11:22:04,95.17
2025-03-01T11:22:05,100.62
2025-03-01T11:22:06,93.12
2025-03-01T11:22:07,98.27
2025-03-01T11:22:08,97.22
2025-03-01T11:22:09,94.08
2025-03-01T11:22:10,101.08
2025-03-01T11:22:11,97.82
2025-03-01T11:22:12,100.26
,104.17
2025-03-01T11:22:14,93.65
2025-03-01T11:22:15,98.65
2025-03-01T11:22:16,106.77
2025-03-01T11:22:17,107.85
2025-03-01T11:22:18,102.16
2025-03-01T11:22:19,105.71
2025-03-01T11:22:20,101.48
2025-03-01T11:22:21,99.5
2025-03-01T11:22:22,101.58
2025-03-01T11:22:23,104.48
2025-03-01T11:22:24,107.58
2025-03-01T11:22:25,101.69
2025-03-01T11:22:26,93.91
2025-03-01T11:22:27,96.73
2025-03-01T11:22:28,93.32
2025-03-01T11:22:29,102.27
2025-03-01T11:22:30,97.08
2025-03-01T11:22:31,101.76
2025-03-01T11:22:32,105.78
2025-03-01T11:22:33,99.49
2025-03-01T11:22:34,94.99
2025-03-01T11:22:35,107.28
2025-03-01T11:22:36,99.17
2025-03-01T11:22:37,92.27
2025-03-01T11:22:38,103.54
2025-03-01T11:22:39,97.44
2025-03-01T11:22:40,105.66
2025-03-01T11:22:41,102.57
2025-03-01T11:22:42,95.3
2025-03-01T11:22:43,90.82
2025-03-01T11:22:44,104.99
2025-03-01T11:22:45,101.78
2025-03-01T11:22:46,102.02
2025-03-01T11:22:47,90.04
2025-03-01T11:22:48,98.56
2025-03-01T11:22:49,104.06
2025-03-01T11:22:50,102.33
2025-03-01T11:22:51,96.72
2025-03-01T11:22:52,84.76
2025-03-01T11:22:53,89.75
2025-03-01T11:22:54,99.33
2025-03-01T11:22:55,101.87
2025-03-01T11:22:56,93.55
2025-03-01T11:22:57,97.71
2025-03-01T11:22:58,96.4
2025-03-01T11:22:59,89.96
2025-03-01T11:23:00,101.88
2025-03-01T11:23:01,89.55
2025-03-01T11:23:02,96.06
2025-03-01T11:23:03,98.36
2025-03-01T11:23:04,100.51
2025-03-01T11:23:05,99.24
2025-03-01T11:23:06,100.8
2025-03-01T11:23:07,99.2
2025-03-01T11:23:08,99.95
2025-03-01T11:23:09,98.03
2025-03-01T11:23:10,104.98
2025-03-01T11:23:11,96.4
2025-03-01T11:23:12,101.41
2025-03-01T11:23:13,94.0
2025-03-01T11:23:14,107.0
2025-03-01T11:23:15,102.73
2025-03-01T11:23:16,93.79
2025-03-01T11:23:17,96.03
2025-03-01T11:23:18,108.53
2025-03-01T11:23:19,103.93
,103.61
2025-03-01T11:23:21,101.84
2025-03-01T11:23:22,99.75
2025-03-01T11:23:23,107.74
2025-03-01T11:23:24,96.96
2025-03-01T11:23:25,
2025-03-01T11:23:26,98.3
2025-03-01T11:23:27,109.66
2025-03-01T11:23:28,96.18
2025-03-01T11:23:29,107.48
2025-03-01T11:23:30,99.63
2025-03-01T11:23:31,91.32
2025-03-01T11:23:32,102.85
2025-03-01T11:23:33,97.13
2025-03-01T11:23:34,99.3
2025-03-01T11:23:35,107.01
2025-03-01T11:23:36,108.16
2025-03-01T11:23:37,94.04
2025-03-01T11:23:38,98.32
2025-03-01T11:23:39,103.17
2025-03-01T11:23:40,106.58
2025-03-01T11:23:41,111.69
2025-03-01T11:23:42,91.87
2025-03-01T11:23:43,94.62
2025-03-01T11:23:44,105.01
2025-03-01T11:23:45,99.53
2025-03-01T11:23:46,99.6
2025-03-01T11:23:47,106.94
2025-03-01T11:23:48,100.67
2025-03-01T11:23:49,95.31
2025-03-01T11:23:50,93.63
2025-03-01T11:23:51,96.44
2025-03-01T11:23:52,104.95
2025-03-01T11:23:53,98.92
2025-03-01T11:23:54,101.82
2025-03-01T11:23:55,88.14
2025-03-01T11:23:56,100.46
2025-03-01T11:23:57,99.18
2025-03-01T11:23:58,100.62
2025-03-01T11:23:59,101.4
2025-03-01T11:24:00,105.92
2025-03-01T11:24:01,104.56
2025-03-01T11:24:02,101.94
2025-03-01T11:24:03,109.02
2025-03-01T11:24:04,103.86
2025-03-01T11:24:05,99.84
2025-03-01T11:24:06,92.24
2025-03-01T11:24:07,98.63
2025-03-01T11:24:08,91.83
2025-03-01T11:24:09,94.45
2025-03-01T11:24:10,91.69
2025-03-01T11:24:11,105.31
2025-03-01T11:24:12,105.47
2025-03-01T11:24:13,92.82
2025-03-01T11:24:14,97.01
2025-03-01T11:24:15,97.08
2025-03-01T11:24:16,102.94
2025-03-01T11:24:17,100.38
2025-03-01T11:24:18,103.36
2025-03-01T11:24:19,100.7
2025-03-01T11:24:20,100.31
2025-03-01T11:24:21,95.76
2025-03-01T11:24:22,93.54
2025-03-01T11:24:23,98.73
2025-03-01T11:24:24,102.43
2025-03-01T11:24:25,95.9
2025-03-01T11:24:26,91.9
2025-03-01T11:24:27,97.56
2025-03-01T11:24:28,103.84
2025-03-01T11:24:29,99.36
2025-03-01T11:24:30,101.33
2025-03-01T11:24:31,107.95
2025-03-01T11:24:32,98.9
2025-03-01T11:24:33,98.03
2025-03-01T11:24:34,95.06
2025-03-01T11:24:35,96.92
2025-03-01T11:24:36,98.06
2025-03-01T11:24:37,105.92
2025-03-01T11:24:38,105.37
2025-03-01T11:24:39,97.7
2025-03-01T11:24:40,109.57
2025-03-01T11:24:41,110.76
2025-03-01T11:24:42,100.57
2025-03-01T11:24:43,103.12
2025-03-01T11:24:44,102.32
2025-03-01T11:24:45,102.0
2025-03-01T11:24:46,101.88
2025-03-01T11:24:47,102.89
2025-03-01T11:24:48,107.69
2025-03-01T11:24:49,100.26
2025-03-01T11:24:50,97.92
2025-03-01T11:24:51,96.35
2025-03-01T11:24:52,101.01
2025-03-01T11:24:53,98.04
2025-03-01T11:24:54,94.03
2025-03-01T11:24:55,95.98
2025-03-01T11:24:56,94.43
2025-03-01T11:24:57,97.69
2025-03-01T11:24:58,102.02
,96.72
2025-03-01T11:25:00,97.05
2025-03-01T11:25:01,100.25
2025-03-01T11:25:02,99.97
2025-03-01T11:25:03,99.88
2025-03-01T11:25:04,97.28
,100.86
2025-03-01T11:25:06,105.32
2025-03-01T11:25:07,101.22
2025-03-01T11:25:08,102.2
2025-03-01T11:25:09,98.16
2025-03-01T11:25:10,103.21
2025-03-01T11:25:11,96.37
2025-03-01T11:25:12,107.85
2025-03-01T11:25:13,105.57
2025-03-01T11:25:14,98.6
2025-03-01T11:25:15,95.15
2025-03-01T11:25:16,90.16
2025-03-01T11:25:17,91.64
2025-03-01T11:25:18,98.48
2025-03-01T11:25:19,103.9
2025-03-01T11:25:20,98.79
2025-03-01T11:25:21,101.72
2025-03-01T11:25:22,106.84
2025-03-01T11:25:23,99.87
2025-03-01T11:25:24,112.2
2025-03-01T11:25:25,97.24
2025-03-01T11:25:26,101.52
2025-03-01T11:25:27,94.4
2025-03-01T11:25:28,95.96
2025-03-01T11:25:29,98.12
2025-03-01T11:25:30,103.83
2025-03-01T11:25:31,105.31
2025-03-01T11:25:32,100.27
2025-03-01T11:25:33,102.66
2025-03-01T11:25:34,98.75
2025-03-01T11:25:35,92.87
2025-03-01T11:25:36,101.75
2025-03-01T11:25:37,105.08
2025-03-01T11:25:38,97.07
,98.95
2025-03-01T11:25:40,105.75
2025-03-01T11:25:41,103.32
2025-03-01T11:25:42,91.58
2025-03-01T11:25:43,97.93
2025-03-01T11:25:44,94.88
2025-03-01T11:25:45,102.35
2025-03-01T11:25:46,101.41
2025-03-01T11:25:47,95.39
2025-03-01T11:25:48,103.75
2025-03-01T11:25:49,97.54
2025-03-01T11:25:50,98.71
2025-03-01T11:25:51,107.08
2025-03-01T11:25:52,105.1
2025-03-01T11:25:53,94.37
2025-03-01T11:25:54,106.63
2025-03-01T11:25:55,90.24
2025-03-01T11:25:56,98.2
2025-03-01T11:25:57,99.19
2025-03-01T11:25:58,93.35
2025-03-01T11:25:59,95.6
2025-03-01T11:26:00,98.36
2025-03-01T11:26:01,96.41
2025-03-01T11:26:02,93.21
2025-03-01T11:26:03,
2025-03-01T11:26:04,100.47
2025-03-01T11:26:05,93.8
2025-03-01T11:26:06,108.59
2025-03-01T11:26:07,97.39
2025-03-01T11:26:08,100.51
2025-03-01T11:26:09,105.33
2025-03-01T11:26:10,102.81
2025-03-01T11:26:11,103.67
2025-03-01T11:26:12,100.64
2025-03-01T11:26:13,94.62
2025-03-01T11:26:14,101.16
2025-03-01T11:26:15,104.13
2025-03-01T11:26:16,105.26
2025-03-01T11:26:17,97.23
2025-03-01T11:26:18,98.19
2025-03-01T11:26:19,97.64
2025-03-01T11:26:20,99.27
2025-03-01T11:26:21,99.0
2025-03-01T11:26:22,107.8
2025-03-01T11:26:23,108.08
2025-03-01T11:26:24,97.04
2025-03-01T11:26:25,97.02
2025-03-01T11:26:26,96.33
2025-03-01T11:26:27,98.67
2025-03-01T11:26:28,108.89
2025-03-01T11:26:29,102.23
2025-03-01T11:26:30,115.01
2025-03-01T11:26:31,105.86
2025-03-01T11:26:32,104.76
2025-03-01T11:26:33,101.99
2025-03-01T11:26:34,101.38
2025-03-01T11:26:35,101.58
2025-03-01T11:26:36,99.0
2025-03-01T11:26:37,104.22
2025-03-01T11:26:38,97.86
2025-03-01T11:26:39,102.76
2025-03-01T11:26:40,99.35
2025-03-01T11:26:41,102.64
2025-03-01T11:26:42,94.83
2025-03-01T11:26:43,93.87
2025-03-01T11:26:44,99.58
2025-03-01T11:26:45,97.18
2025-03-01T11:26:46,97.65
2025-03-01T11:26:47,93.38
2025-03-01T11:26:48,104.28
2025-03-01T11:26:49,107.49
2025-03-01T11:26:50,99.62
2025-03-01T11:26:51,95.85
2025-03-01T11:26:52,92.66
2025-03-01T11:26:53,101.26
2025-03-01T11:26:54,102.66
2025-03-01T11:26:55,103.79
2025-03-01T11:26:56,98.84
2025-03-01T11:26:57,102.27
2025-03-01T11:26:58,88.41
2025-03-01T11:26:59,97.91
2025-03-01T11:27:00,111.58
2025-03-01T11:27:01,94.09
2025-03-01T11:27:02,99.65
2025-03-01T11:27:03,99.22
2025-03-01T11:27:04,97.82
2025-03-01T11:27:05,103.68
2025-03-01T11:27:06,101.89
2025-03-01T11:27:07,97.89
2025-03-01T11:27:08,98.79
2025-03-01T11:27:09,105.15
2025-03-01T11:27:10,107.7
2025-03-01T11:27:11,106.04
2025-03-01T11:27:12,101.18
2025-03-01T11:27:13,102.93
2025-03-01T11:27:14,102.71
2025-03-01T11:27:15,92.04
2025-03-01T11:27:16,99.29
2025-03-01T11:27:17,114.96
2025-03-01T11:27:18,96.47
2025-03-01T11:27:19,105.78
2025-03-01T11:27:20,100.51
2025-03-01T11:27:21,96.74
2025-03-01T11:27:22,101.78
2025-03-01T11:27:23,97.19
2025-03-01T11:27:24,98.32
2025-03-01T11:27:25,98.91
2025-03-01T11:27:26,95.3
2025-03-01T11:27:27,102.07
2025-03-01T11:27:28,106.13
2025-03-01T11:27:29,99.27
2025-03-01T11:27:30,95.74
2025-03-01T11:27:31,100.77
2025-03-01T11:27:32,96.3
2025-03-01T11:27:33,102.76
2025-03-01T11:27:34,97.97
2025-03-01T11:27:35,102.1
2025-03-01T11:27:36,93.58
,102.8
2025-03-01T11:27:38,106.87
2025-03-01T11:27:39,96.47
2025-03-01T11:27:40,99.17
2025-03-01T11:27:41,103.69
2025-03-01T11:27:42,100.44
2025-03-01T11:27:43,101.24
2025-03-01T11:27:44,103.11
2025-03-01T11:27:45,103.09
2025-03-01T11:27:46,109.45
2025-03-01T11:27:47,99.25
2025-03-01T11:27:48,101.63
2025-03-01T11:27:49,96.64
2025-03-01T11:27:50,102.55
2025-03-01T11:27:51,102.04
,98.66
2025-03-01T11:27:53,95.49
2025-03-01T11:27:54,96.62
2025-03-01T11:27:55,98.88
2025-03-01T11:27:56,102.17
2025-03-01T11:27:57,
2025-03-01T11:27:58,98.73
2025-03-01T11:27:59,100.64
2025-03-01T11:28:00,94.33
2025-03-01T11:28:01,103.41
2025-03-01T11:28:02,99.23
2025-03-01T11:28:03,109.39
2025-03-01T11:28:04,95.04
2025-03-01T11:28:05,99.6
2025-03-01T11:28:06,96.24
2025-03-01T11:28:07,104.97
2025-03-01T11:28:08,101.35
2025-03-01T11:28:09,91.71
2025-03-01T11:28:10,99.73
2025-03-01T11:28:11,85.03
2025-03-01T11:28:12,99.28
2025-03-01T11:28:13,102.85
2025-03-01T11:28:14,100.7
2025-03-01T11:28:15,102.09
2025-03-01T11:28:16,102.07
2025-03-01T11:28:17,105.35
2025-03-01T11:28:18,93.52
2025-03-01T11:28:19,112.35
2025-03-01T11:28:20,99.31
2025-03-01T11:28:21,96.45
2025-03-01T11:28:22,100.47
2025-03-01T11:28:23,
2025-03-01T11:28:24,103.47
2025-03-01T11:28:25,88.37
2025-03-01T11:28:26,102.12
2025-03-01T11:28:27,99.73
2025-03-01T11:28:28,101.54
2025-03-01T11:28:29,91.53
2025-03-01T11:28:30,99.53
2025-03-01T11:28:31,96.14
2025-03-01T11:28:32,107.53
2025-03-01T11:28:33,98.63
2025-03-01T11:28:34,102.36
2025-03-01T11:28:35,85.55
2025-03-01T11:28:36,96.58
2025-03-01T11:28:37,108.55
2025-03-01T11:28:38,103.79
2025-03-01T11:28:39,99.3
,100.32
2025-03-01T11:28:41,97.59
2025-03-01T11:28:42,97.36
2025-03-01T11:28:43,101.24
2025-03-01T11:28:44,107.94
2025-03-01T11:28:45,98.28
2025-03-01T11:28:46,107.92
2025-03-01T11:28:47,95.84
2025-03-01T11:28:48,102.99
2025-03-01T11:28:49,97.84
2025-03-01T11:28:50,106.45
2025-03-01T11:28:51,94.27
2025-03-01T11:28:52,101.5
2025-03-01T11:28:53,93.34
2025-03-01T11:28:54,93.23
2025-03-01T11:28:55,
2025-03-01T11:28:56,102.45
2025-03-01T11:28:57,100.82
2025-03-01T11:28:58,93.99
2025-03-01T11:28:59,99.36
2025-03-01T11:29:00,98.77
2025-03-01T11:29:01,
2025-03-01T11:29:02,90.8
2025-03-01T11:29:03,98.54
2025-03-01T11:29:04,100.58
2025-03-01T11:29:05,92.93
2025-03-01T11:29:06,105.06
2025-03-01T11:29:07,105.14
2025-03-01T11:29:08,100.12
2025-03-01T11:29:09,100.87
2025-03-01T11:29:10,95.54
,97.54
2025-03-01T11:29:12,95.13
2025-03-01T11:29:13,107.46
2025-03-01T11:29:14,91.32
2025-03-01T11:29:15,99.54
2025-03-01T11:29:16,96.92
2025-03-01T11:29:17,92.29
2025-03-01T11:29:18,101.86
2025-03-01T11:29:19,103.2
2025-03-01T11:29:20,98.45
2025-03-01T11:29:21,95.44
2025-03-01T11:29:22,96.99
2025-03-01T11:29:23,104.62
2025-03-01T11:29:24,90.16
2025-03-01T11:29:25,91.83
2025-03-01T11:29:26,100.78
2025-03-01T11:29:27,103.33
2025-03-01T11:29:28,102.81
2025-03-01T11:29:29,89.81
2025-03-01T11:29:30,108.28
2025-03-01T11:29:31,
2025-03-01T11:29:32,104.96
2025-03-01T11:29:33,98.37
2025-03-01T11:29:34,105.14
2025-03-01T11:29:35,101.68
2025-03-01T11:29:36,98.37
2025-03-01T11:29:37,104.81
2025-03-01T11:29:38,95.78
2025-03-01T11:29:39,88.49
2025-03-01T11:29:40,100.1
2025-03-01T11:29:41,99.8
2025-03-01T11:29:42,99.01
,94.65
2025-03-01T11:29:44,92.72
2025-03-01T11:29:45,104.14
2025-03-01T11:29:46,97.61
2025-03-01T11:29:47,88.94
2025-03-01T11:29:48,97.04
2025-03-01T11:29:49,99.77
2025-03-01T11:29:50,93.95
2025-03-01T11:29:51,107.81
2025-03-01T11:29:52,95.56
2025-03-01T11:29:53,94.07
,102.1
2025-03-01T11:29:55,95.72
2025-03-01T11:29:56,104.32
,100.64
2025-03-01T11:29:58,95.64
2025-03-01T11:29:59,100.77
2025-03-01T11:30:00,104.1
2025-03-01T11:30:01,92.74
2025-03-01T11:30:02,108.04
2025-03-01T11:30:03,96.71
2025-03-01T11:30:04,105.59
,94.75
2025-03-01T11:30:06,95.22
2025-03-01T11:30:07,98.48
2025-03-01T11:30:08,102.97
2025-03-01T11:30:09,110.6
2025-03-01T11:30:10,95.91
2025-03-01T11:30:11,100.31
2025-03-01T11:30:12,100.28
2025-03-01T11:30:13,101.03
2025-03-01T11:30:14,101.9
2025-03-01T11:30:15,93.35
2025-03-01T11:30:16,103.09
2025-03-01T11:30:17,108.33
2025-03-01T11:30:18,103.0
2025-03-01T11:30:19,110.38
2025-03-01T11:30:20,100.34
2025-03-01T11:30:21,105.01
2025-03-01T11:30:22,107.6
2025-03-01T11:30:23,94.18
2025-03-01T11:30:24,96.62
2025-03-01T11:30:25,96.45
2025-03-01T11:30:26,96.4
2025-03-01T11:30:27,97.69
2025-03-01T11:30:28,94.53
2025-03-01T11:30:29,104.39
2025-03-01T11:30:30,93.61
2025-03-01T11:30:31,99.52
2025-03-01T11:30:32,93.59
2025-03-01T11:30:33,101.67
2025-03-01T11:30:34,105.59
2025-03-01T11:30:35,89.92
2025-03-01T11:30:36,104.65
2025-03-01T11:30:37,96.2
2025-03-01T11:30:38,104.27
2025-03-01T11:30:39,96.41
2025-03-01T11:30:40,107.49
2025-03-01T11:30:41,93.67
2025-03-01T11:30:42,97.66
2025-03-01T11:30:43,98.53
2025-03-01T11:30:44,102.39
2025-03-01T11:30:45,104.4
2025-03-01T11:30:46,98.26
2025-03-01T11:30:47,
2025-03-01T11:30:48,95.77
2025-03-01T11:30:49,101.56
2025-03-01T11:30:50,102.53
2025-03-01T11:30:51,92.3
2025-03-01T11:30:52,102.19
2025-03-01T11:30:53,100.19
2025-03-01T11:30:54,98.62
2025-03-01T11:30:55,100.81
2025-03-01T11:30:56,102.7
2025-03-01T11:30:57,95.48
2025-03-01T11:30:58,107.89
2025-03-01T11:30:59,98.73
2025-03-01T11:31:00,101.04
2025-03-01T11:31:01,97.46
2025-03-01T11:31:02,95.78
2025-03-01T11:31:03,93.8
2025-03-01T11:31:04,
2025-03-01T11:31:05,105.76
2025-03-01T11:31:06,94.91
2025-03-01T11:31:07,109.21
2025-03-01T11:31:08,95.91
2025-03-01T11:31:09,110.53
,101.51
2025-03-01T11:31:11,102.02
2025-03-01T11:31:12,96.61
2025-03-01T11:31:13,96.45
2025-03-01T11:31:14,98.94
2025-03-01T11:31:15,99.37
2025-03-01T11:31:16,99.11
2025-03-01T11:31:17,97.31
2025-03-01T11:31:18,96.56
2025-03-01T11:31:19,91.89
2025-03-01T11:31:20,96.22
2025-03-01T11:31:21,98.37
,93.0
2025-03-01T11:31:23,98.33
2025-03-01T11:31:24,101.03
2025-03-01T11:31:25,94.91
2025-03-01T11:31:26,97.53
,92.58
2025-03-01T11:31:28,100.14
2025-03-01T11:31:29,95.79
2025-03-01T11:31:30,106.08
2025-03-01T11:31:31,96.62
2025-03-01T11:31:32,106.05
2025-03-01T11:31:33,93.42
2025-03-01T11:31:34,100.85
2025-03-01T11:31:35,95.65
2025-03-01T11:31:36,101.75
2025-03-01T11:31:37,92.34
2025-03-01T11:31:38,100.55
2025-03-01T11:31:39,99.89
2025-03-01T11:31:40,98.72
2025-03-01T11:31:41,105.62
2025-03-01T11:31:42,98.45
2025-03-01T11:31:43,100.94
2025-03-01T11:31:44,103.8
2025-03-01T11:31:45,96.48
2025-03-01T11:31:46,99.7
2025-03-01T11:31:47,105.43
2025-03-01T11:31:48,102.52
2025-03-01T11:31:49,101.6
2025-03-01T11:31:50,96.69
2025-03-01T11:31:51,97.28
2025-03-01T11:31:52,97.69
2025-03-01T11:31:53,102.01
2025-03-01T11:31:54,101.95
2025-03-01T11:31:55,104.67
2025-03-01T11:31:56,96.4
2025-03-01T11:31:57,101.11
2025-03-01T11:31:58,107.86
2025-03-01T11:31:59,101.45
2025-03-01T11:32:00,103.47
2025-03-01T11:32:01,94.15
2025-03-01T11:32:02,97.54
2025-03-01T11:32:03,92.94
2025-03-01T11:32:04,103.27
2025-03-01T11:32:05,94.98
2025-03-01T11:32:06,99.41
,99.48
2025-03-01T11:32:08,107.06
2025-03-01T11:32:09,95.06
2025-03-01T11:32:10,100.36
2025-03-01T11:32:11,101.35
2025-03-01T11:32:12,85.57
2025-03-01T11:32:13,98.77
2025-03-01T11:32:14,110.85
2025-03-01T11:32:15,98.35
2025-03-01T11:32:16,100.42
2025-03-01T11:32:17,95.89
2025-03-01T11:32:18,94.67
2025-03-01T11:32:19,102.07
2025-03-01T11:32:20,104.35
2025-03-01T11:32:21,104.99
2025-03-01T11:32:22,97.49
2025-03-01T11:32:23,98.28
,106.88
2025-03-01T11:32:25,95.55
2025-03-01T11:32:26,91.5
,98.36
2025-03-01T11:32:28,96.95
2025-03-01T11:32:29,94.49
2025-03-01T11:32:30,91.92
2025-03-01T11:32:31,106.2
2025-03-01T11:32:32,94.73
2025-03-01T11:32:33,93.19
2025-03-01T11:32:34,98.79
2025-03-01T11:32:35,98.97
2025-03-01T11:32:36,
2025-03-01T11:32:37,97.14
2025-03-01T11:32:38,107.28
2025-03-01T11:32:39,97.57
2025-03-01T11:32:40,105.51
2025-03-01T11:32:41,96.61
2025-03-01T11:32:42,90.15
2025-03-01T11:32:43,90.62
2025-03-01T11:32:44,100.87
2025-03-01T11:32:45,92.78
2025-03-01T11:32:46,93.85
2025-03-01T11:32:47,100.91
2025-03-01T11:32:48,112.1
2025-03-01T11:32:49,107.22
2025-03-01T11:32:50,106.94
2025-03-01T11:32:51,97.81
2025-03-01T11:32:52,96.04
2025-03-01T11:32:53,107.56
2025-03-01T11:32:54,103.67
2025-03-01T11:32:55,98.95
2025-03-01T11:32:56,109.95
2025-03-01T11:32:57,96.76
2025-03-01T11:32:58,97.41
2025-03-01T11:32:59,96.51
2025-03-01T11:33:00,99.78
2025-03-01T11:33:01,108.98
2025-03-01T11:33:02,99.54
2025-03-01T11:33:03,99.62
2025-03-01T11:33:04,103.13
2025-03-01T11:33:05,94.17
2025-03-01T11:33:06,100.27
2025-03-01T11:33:07,103.59
2025-03-01T11:33:08,97.33
2025-03-01T11:33:09,101.22
2025-03-01T11:33:10,95.11
2025-03-01T11:33:11,100.69
2025-03-01T11:33:12,104.17
2025-03-01T11:33:13,
2025-03-01T11:33:14,105.1
2025-03-01T11:33:15,99.41
2025-03-01T11:33:16,101.92
2025-03-01T11:33:17,90.91
2025-03-01T11:33:18,101.51
2025-03-01T11:33:19,100.5
2025-03-01T11:33:20,103.19
2025-03-01T11:33:21,95.59
2025-03-01T11:33:22,99.9
2025-03-01T11:33:23,99.93
2025-03-01T11:33:24,100.3
2025-03-01T11:33:25,99.1
2025-03-01T11:33:26,94.48
2025-03-01T11:33:27,100.05
2025-03-01T11:33:28,100.46
2025-03-01T11:33:29,101.24
2025-03-01T11:33:30,94.52
2025-03-01T11:33:31,101.52
2025-03-01T11:33:32,100.51
2025-03-01T11:33:33,
2025-03-01T11:33:34,95.07
2025-03-01T11:33:35,93.57
2025-03-01T11:33:36,101.09
2025-03-01T11:33:37,91.2
2025-03-01T11:33:38,89.64
2025-03-01T11:33:39,91.78
2025-03-01T11:33:40,115.25
2025-03-01T11:33:41,94.23
2025-03-01T11:33:42,97.66
2025-03-01T11:33:43,94.46
,101.01
2025-03-01T11:33:45,94.63
2025-03-01T11:33:46,105.32
2025-03-01T11:33:47,100.37
2025-03-01T11:33:48,100.11
2025-03-01T11:33:49,101.12
2025-03-01T11:33:50,98.53
2025-03-01T11:33:51,93.33
2025-03-01T11:33:52,103.69
2025-03-01T11:33:53,103.67
2025-03-01T11:33:54,95.82
2025-03-01T11:33:55,95.97
2025-03-01T11:33:56,93.99
2025-03-01T11:33:57,106.58
2025-03-01T11:33:58,99.13
2025-03-01T11:33:59,99.54
2025-03-01T11:34:00,100.42
2025-03-01T11:34:01,95.95
2025-03-01T11:34:02,103.98
2025-03-01T11:34:03,95.05
2025-03-01T11:34:04,92.09
2025-03-01T11:34:05,96.41
2025-03-01T11:34:06,99.47
2025-03-01T11:34:07,105.18
2025-03-01T11:34:08,105.96
2025-03-01T11:34:09,99.05
2025-03-01T11:34:10,96.7
2025-03-01T11:34:11,96.97
2025-03-01T11:34:12,98.09
2025-03-01T11:34:13,98.97
2025-03-01T11:34:14,101.87
2025-03-01T11:34:15,98.42
2025-03-01T11:34:16,98.87
2025-03-01T11:34:17,
2025-03-01T11:34:18,95.41
2025-03-01T11:34:19,96.23
2025-03-01T11:34:20,98.94
2025-03-01T11:34:21,105.14
2025-03-01T11:34:22,105.23
2025-03-01T11:34:23,94.55
2025-03-01T11:34:24,90.98
2025-03-01T11:34:25,104.46
2025-03-01T11:34:26,97.41
2025-03-01T11:34:27,101.89
2025-03-01T11:34:28,107.11
2025-03-01T11:34:29,
2025-03-01T11:34:30,101.74
2025-03-01T11:34:31,102.63
2025-03-01T11:34:32,99.09
2025-03-01T11:34:33,97.14
2025-03-01T11:34:34,97.5
2025-03-01T11:34:35,96.09
2025-03-01T11:34:36,98.21
2025-03-01T11:34:37,101.53
2025-03-01T11:34:38,104.74
2025-03-01T11:34:39,105.45
2025-03-01T11:34:40,100.65
2025-03-01T11:34:41,93.66
2025-03-01T11:34:42,93.59
2025-03-01T11:34:43,
2025-03-01T11:34:44,109.5
2025-03-01T11:34:45,97.28
2025-03-01T11:34:46,92.84
2025-03-01T11:34:47,97.05
2025-03-01T11:34:48,101.81
2025-03-01T11:34:49,97.08
2025-03-01T11:34:50,94.69
2025-03-01T11:34:51,103.08
2025-03-01T11:34:52,97.38
2025-03-01T11:34:53,92.66
2025-03-01T11:34:54,108.87
2025-03-01T11:34:55,107.63
,106.56
2025-03-01T11:34:57,107.27
2025-03-01T11:34:58,98.81
2025-03-01T11:34:59,105.11
2025-03-01T11:35:00,101.16
2025-03-01T11:35:01,95.64
2025-03-01T11:35:02,104.25
2025-03-01T11:35:03,91.31
2025-03-01T11:35:04,94.97
2025-03-01T11:35:05,100.34
2025-03-01T11:35:06,98.72
2025-03-01T11:35:07,94.31
2025-03-01T11:35:08,95.26
2025-03-01T11:35:09,96.42
2025-03-01T11:35:10,
2025-03-01T11:35:11,104.41
2025-03-01T11:35:12,95.8
2025-03-01T11:35:13,93.94
2025-03-01T11:35:14,98.49
2025-03-01T11:35:15,99.52
2025-03-01T11:35:16,110.74
2025-03-01T11:35:17,102.32
2025-03-01T11:35:18,102.52
2025-03-01T11:35:19,97.14
2025-03-01T11:35:20,96.35
2025-03-01T11:35:21,96.35
2025-03-01T11:35:22,91.81
2025-03-01T11:35:23,91.2
2025-03-01T11:35:24,97.37
2025-03-01T11:35:25,
2025-03-01T11:35:26,98.67
2025-03-01T11:35:27,
2025-03-01T11:35:28,109.66
2025-03-01T11:35:29,103.91
2025-03-01T11:35:30,92.35
2025-03-01T11:35:31,96.04
2025-03-01T11:35:32,100.17
,106.1
2025-03-01T11:35:34,91.76
2025-03-01T11:35:35,96.27
2025-03-01T11:35:36,97.96
2025-03-01T11:35:37,110.22
2025-03-01T11:35:38,95.43
2025-03-01T11:35:39,93.97
2025-03-01T11:35:40,107.23
2025-03-01T11:35:41,90.78
2025-03-01T11:35:42,100.27
2025-03-01T11:35:43,104.97
2025-03-01T11:35:44,99.88
2025-03-01T11:35:45,96.26
,107.18
2025-03-01T11:35:47,
2025-03-01T11:35:48,99.38
2025-03-01T11:35:49,103.57
2025-03-01T11:35:50,91.46
2025-03-01T11:35:51,113.22
2025-03-01T11:35:52,
2025-03-01T11:35:53,98.35
2025-03-01T11:35:54,99.56
2025-03-01T11:35:55,110.17
2025-03-01T11:35:56,99.14
2025-03-01T11:35:57,100.43
2025-03-01T11:35:58,103.32
2025-03-01T11:35:59,110.65
2025-03-01T11:36:00,104.22
2025-03-01T11:36:01,95.65
2025-03-01T11:36:02,103.0
2025-03-01T11:36:03,100.86
2025-03-01T11:36:04,105.46
2025-03-01T11:36:05,87.77
2025-03-01T11:36:06,87.91
2025-03-01T11:36:07,96.77
2025-03-01T11:36:08,102.17
2025-03-01T11:36:09,93.88
2025-03-01T11:36:10,103.57
2025-03-01T11:36:11,104.66
2025-03-01T11:36:12,105.25
2025-03-01T11:36:13,102.32
2025-03-01T11:36:14,90.77
2025-03-01T11:36:15,102.48
2025-03-01T11:36:16,95.37
2025-03-01T11:36:17,93.53
2025-03-01T11:36:18,100.04
2025-03-01T11:36:19,106.62
2025-03-01T11:36:20,110.69
2025-03-01T11:36:21,103.48
2025-03-01T11:36:22,97.28
2025-03-01T11:36:23,99.37
2025-03-01T11:36:24,101.33
2025-03-01T11:36:25,98.01
,92.72
2025-03-01T11:36:27,98.67
2025-03-01T11:36:28,99.82
2025-03-01T11:36:29,106.35
2025-03-01T11:36:30,
2025-03-01T11:36:31,99.06
,98.78
2025-03-01T11:36:33,91.37
2025-03-01T11:36:34,94.91
2025-03-01T11:36:35,92.71
2025-03-01T11:36:36,87.26
2025-03-01T11:36:37,108.84
2025-03-01T11:36:38,97.48
2025-03-01T11:36:39,98.74
2025-03-01T11:36:40,100.57
2025-03-01T11:36:41,103.61
2025-03-01T11:36:42,103.47
2025-03-01T11:36:43,106.39
2025-03-01T11:36:44,93.54
2025-03-01T11:36:45,102.33
2025-03-01T11:36:46,102.28
2025-03-01T11:36:47,94.01
2025-03-01T11:36:48,103.29
2025-03-01T11:36:49,101.85
2025-03-01T11:36:50,101.5
2025-03-01T11:36:51,94.86
2025-03-01T11:36:52,
2025-03-01T11:36:53,106.43
2025-03-01T11:36:54,99.95
,100.1
2025-03-01T11:36:56,101.42
2025-03-01T11:36:57,99.19
2025-03-01T11:36:58,102.78
2025-03-01T11:36:59,95.12
2025-03-01T11:37:00,92.92
2025-03-01T11:37:01,94.47
2025-03-01T11:37:02,94.3
2025-03-01T11:37:03,101.35
2025-03-01T11:37:04,107.06
2025-03-01T11:37:05,101.22
2025-03-01T11:37:06,89.75
2025-03-01T11:37:07,94.43
2025-03-01T11:37:08,97.87
2025-03-01T11:37:09,96.04
2025-03-01T11:37:10,94.47
2025-03-01T11:37:11,102.3
2025-03-01T11:37:12,95.45
2025-03-01T11:37:13,97.37
2025-03-01T11:37:14,100.91
2025-03-01T11:37:15,102.74
,95.07
2025-03-01T11:37:17,100.58
2025-03-01T11:37:18,101.99
2025-03-01T11:37:19,97.91
2025-03-01T11:37:20,109.25
2025-03-01T11:37:21,100.43
2025-03-01T11:37:22,98.43
2025-03-01T11:37:23,95.21
2025-03-01T11:37:24,93.85
2025-03-01T11:37:25,106.24
2025-03-01T11:37:26,93.18
2025-03-01T11:37:27,
2025-03-01T11:37:28,102.79
2025-03-01T11:37:29,100.39
2025-03-01T11:37:30,100.0
2025-03-01T11:37:31,95.89
2025-03-01T11:37:32,99.1
2025-03-01T11:37:33,111.4
2025-03-01T11:37:34,95.54
2025-03-01T11:37:35,97.27
2025-03-01T11:37:36,89.58
2025-03-01T11:37:37,106.39
2025-03-01T11:37:38,98.25
2025-03-01T11:37:39,107.09
2025-03-01T11:37:40,94.97
2025-03-01T11:37:41,92.54
2025-03-01T11:37:42,98.01
2025-03-01T11:37:43,99.35
,98.29
2025-03-01T11:37:45,92.45
2025-03-01T11:37:46,100.29
2025-03-01T11:37:47,99.72
2025-03-01T11:37:48,105.24
2025-03-01T11:37:49,93.2
2025-03-01T11:37:50,91.95
2025-03-01T11:37:51,102.47
2025-03-01T11:37:52,97.37
2025-03-01T11:37:53,104.21
2025-03-01T11:37:54,102.52
2025-03-01T11:37:55,98.56
2025-03-01T11:37:56,99.09
2025-03-01T11:37:57,108.63
2025-03-01T11:37:58,105.86
2025-03-01T11:37:59,93.35
2025-03-01T11:38:00,98.62
2025-03-01T11:38:01,97.1
2025-03-01T11:38:02,100.37
2025-03-01T11:38:03,96.4
2025-03-01T11:38:04,100.4
2025-03-01T11:38:05,
2025-03-01T11:38:06,104.26
2025-03-01T11:38:07,101.28
2025-03-01T11:38:08,99.71
2025-03-01T11:38:09,102.98
2025-03-01T11:38:10,100.68
2025-03-01T11:38:11,100.82
2025-03-01T11:38:12,98.77
2025-03-01T11:38:13,97.36
2025-03-01T11:38:14,105.31
,107.96
2025-03-01T11:38:16,97.29
2025-03-01T11:38:17,91.82
2025-03-01T11:38:18,96.64
2025-03-01T11:38:19,99.5
2025-03-01T11:38:20,102.22
2025-03-01T11:38:21,97.4
2025-03-01T11:38:22,98.63
2025-03-01T11:38:23,90.83
2025-03-01T11:38:24,88.02
2025-03-01T11:38:25,
2025-03-01T11:38:26,96.88
2025-03-01T11:38:27,98.25
2025-03-01T11:38:28,98.66
2025-03-01T11:38:29,97.17
2025-03-01T11:38:30,99.52
2025-03-01T11:38:31,100.92
2025-03-01T11:38:32,90.54
2025-03-01T11:38:33,97.48
2025-03-01T11:38:34,96.48
2025-03-01T11:38:35,105.47
2025-03-01T11:38:36,92.59
2025-03-01T11:38:37,100.64
2025-03-01T11:38:38,99.5
2025-03-01T11:38:39,97.27
2025-03-01T11:38:40,108.78
2025-03-01T11:38:41,98.63
2025-03-01T11:38:42,96.89
2025-03-01T11:38:43,96.25
2025-03-01T11:38:44,98.41
2025-03-01T11:38:45,96.6
2025-03-01T11:38:46,98.43
2025-03-01T11:38:47,107.54
2025-03-01T11:38:48,103.12
2025-03-01T11:38:49,88.64
2025-03-01T11:38:50,104.39
2025-03-01T11:38:51,99.2
2025-03-01T11:38:52,92.48
2025-03-01T11:38:53,103.32
2025-03-01T11:38:54,110.09
,110.17
2025-03-01T11:38:56,96.24
2025-03-01T11:38:57,101.57
2025-03-01T11:38:58,105.28
2025-03-01T11:38:59,105.61
2025-03-01T11:39:00,94.78
2025-03-01T11:39:01,97.83
2025-03-01T11:39:02,93.77
2025-03-01T11:39:03,106.56
2025-03-01T11:39:04,92.74
2025-03-01T11:39:05,98.6
2025-03-01T11:39:06,94.47
2025-03-01T11:39:07,92.49
2025-03-01T11:39:08,99.38
2025-03-01T11:39:09,113.9
2025-03-01T11:39:10,98.16
2025-03-01T11:39:11,101.4
2025-03-01T11:39:12,97.23
2025-03-01T11:39:13,105.63
2025-03-01T11:39:14,96.19
2025-03-01T11:39:15,94.98
2025-03-01T11:39:16,103.41
2025-03-01T11:39:17,98.51
2025-03-01T11:39:18,98.89
2025-03-01T11:39:19,98.49
2025-03-01T11:39:20,99.13
2025-03-01T11:39:21,98.14
2025-03-01T11:39:22,96.44
2025-03-01T11:39:23,95.35
2025-03-01T11:39:24,106.17
2025-03-01T11:39:25,105.41
2025-03-01T11:39:26,99.33
2025-03-01T11:39:27,96.83
2025-03-01T11:39:28,99.8
2025-03-01T11:39:29,93.65
,93.34
2025-03-01T11:39:31,105.29
2025-03-01T11:39:32,99.65
2025-03-01T11:39:33,104.67
2025-03-01T11:39:34,97.46
2025-03-01T11:39:35,102.25
2025-03-01T11:39:36,97.97
2025-03-01T11:39:37,107.66
2025-03-01T11:39:38,
2025-03-01T11:39:39,102.85
2025-03-01T11:39:40,103.09
2025-03-01T11:39:41,98.47
2025-03-01T11:39:42,99.86
2025-03-01T11:39:43,96.21
2025-03-01T11:39:44,99.11
2025-03-01T11:39:45,94.96
2025-03-01T11:39:46,97.82
2025-03-01T11:39:47,108.6
2025-03-01T11:39:48,98.72
2025-03-01T11:39:49,105.47
2025-03-01T11:39:50,108.96
2025-03-01T11:39:51,98.61
2025-03-01T11:39:52,97.56
2025-03-01T11:39:53,100.75
2025-03-01T11:39:54,100.6
2025-03-01T11:39:55,95.81
2025-03-01T11:39:56,97.09
2025-03-01T11:39:57,96.84
2025-03-01T11:39:58,93.24
2025-03-01T11:39:59,96.73
2025-03-01T11:40:00,100.14
2025-03-01T11:40:01,103.14
2025-03-01T11:40:02,99.98
2025-03-01T11:40:03,95.2
2025-03-01T11:40:04,94.29
2025-03-01T11:40:05,93.55
2025-03-01T11:40:06,105.57
2025-03-01T11:40:07,102.3
,103.51
2025-03-01T11:40:09,96.67
2025-03-01T11:40:10,100.0
2025-03-01T11:40:11,102.68
2025-03-01T11:40:12,99.39
2025-03-01T11:40:13,105.55
2025-03-01T11:40:14,101.65
2025-03-01T11:40:15,106.65
2025-03-01T11:40:16,101.0
2025-03-01T11:40:17,96.35
2025-03-01T11:40:18,98.57
2025-03-01T11:40:19,100.27
2025-03-01T11:40:20,102.15
2025-03-01T11:40:21,102.59
2025-03-01T11:40:22,106.75
2025-03-01T11:40:23,107.32
2025-03-01T11:40:24,99.33
2025-03-01T11:40:25,92.78
2025-03-01T11:40:26,103.31
2025-03-01T11:40:27,100.76
2025-03-01T11:40:28,106.88
2025-03-01T11:40:29,98.26
2025-03-01T11:40:30,106.75
2025-03-01T11:40:31,94.36
2025-03-01T11:40:32,99.95
2025-03-01T11:40:33,104.08
2025-03-01T11:40:34,90.11
2025-03-01T11:40:35,95.46
2025-03-01T11:40:36,103.07
2025-03-01T11:40:37,99.34
2025-03-01T11:40:38,94.52
2025-03-01T11:40:39,101.03
2025-03-01T11:40:40,99.05
2025-03-01T11:40:41,87.9
2025-03-01T11:40:42,96.92
2025-03-01T11:40:43,97.49
2025-03-01T11:40:44,100.47
2025-03-01T11:40:45,107.51
2025-03-01T11:40:46,104.55
2025-03-01T11:40:47,96.01
2025-03-01T11:40:48,95.38
2025-03-01T11:40:49,99.72
2025-03-01T11:40:50,100.16
2025-03-01T11:40:51,95.65
2025-03-01T11:40:52,107.92
2025-03-01T11:40:53,88.84
2025-03-01T11:40:54,98.88
2025-03-01T11:40:55,104.81
2025-03-01T11:40:56,103.51
2025-03-01T11:40:57,102.88
2025-03-01T11:40:58,102.42
2025-03-01T11:40:59,
2025-03-01T11:41:00,96.67
2025-03-01T11:41:01,96.47
2025-03-01T11:41:02,96.53
2025-03-01T11:41:03,101.98
2025-03-01T11:41:04,96.3
2025-03-01T11:41:05,102.03
2025-03-01T11:41:06,
,103.59
2025-03-01T11:41:08,102.1
2025-03-01T11:41:09,98.79
2025-03-01T11:41:10,110.63
2025-03-01T11:41:11,105.57
2025-03-01T11:41:12,101.17
2025-03-01T11:41:13,88.21
2025-03-01T11:41:14,100.51
2025-03-01T11:41:15,105.75
2025-03-01T11:41:16,97.34
2025-03-01T11:41:17,108.7
2025-03-01T11:41:18,94.95
2025-03-01T11:41:19,96.93
2025-03-01T11:41:20,99.57
2025-03-01T11:41:21,106.78
2025-03-01T11:41:22,108.56
2025-03-01T11:41:23,103.04
2025-03-01T11:41:24,95.26
2025-03-01T11:41:25,98.97
2025-03-01T11:41:26,101.16
2025-03-01T11:41:27,100.71
2025-03-01T11:41:28,98.2
2025-03-01T11:41:29,106.54
2025-03-01T11:41:30,100.02
2025-03-01T11:41:31,106.76
2025-03-01T11:41:32,100.75
,103.46
2025-03-01T11:41:34,100.73
2025-03-01T11:41:35,102.84
2025-03-01T11:41:36,91.7
2025-03-01T11:41:37,106.83
2025-03-01T11:41:38,98.87
2025-03-01T11:41:39,98.27
2025-03-01T11:41:40,93.4
2025-03-01T11:41:41,97.89
2025-03-01T11:41:42,90.94
2025-03-01T11:41:43,101.19
2025-03-01T11:41:44,104.68
2025-03-01T11:41:45,97.58
2025-03-01T11:41:46,98.43
2025-03-01T11:41:47,95.28
2025-03-01T11:41:48,101.71
2025-03-01T11:41:49,89.31
2025-03-01T11:41:50,101.64
2025-03-01T11:41:51,98.55
2025-03-01T11:41:52,100.05
2025-03-01T11:41:53,100.29
2025-03-01T11:41:54,100.91
2025-03-01T11:41:55,97.31
2025-03-01T11:41:56,99.28
2025-03-01T11:41:57,96.7
2025-03-01T11:41:58,96.7
2025-03-01T11:41:59,104.48
2025-03-01T11:42:00,102.19
2025-03-01T11:42:01,92.6
2025-03-01T11:42:02,93.16
2025-03-01T11:42:03,109.95
2025-03-01T11:42:04,99.01
2025-03-01T11:42:05,104.42
,99.59
2025-03-01T11:42:07,98.62
2025-03-01T11:42:08,107.18
2025-03-01T11:42:09,89.31
2025-03-01T11:42:10,95.63
2025-03-01T11:42:11,111.59
2025-03-01T11:42:12,99.0
2025-03-01T11:42:13,107.49
2025-03-01T11:42:14,96.63
2025-03-01T11:42:15,100.71
2025-03-01T11:42:16,101.74
2025-03-01T11:42:17,102.03
2025-03-01T11:42:18,100.24
2025-03-01T11:42:19,95.85
2025-03-01T11:42:20,102.0
2025-03-01T11:42:21,91.49
2025-03-01T11:42:22,98.5
2025-03-01T11:42:23,97.26
2025-03-01T11:42:24,95.78
2025-03-01T11:42:25,102.21
2025-03-01T11:42:26,98.02
2025-03-01T11:42:27,107.67
,
2025-03-01T11:42:29,106.57
2025-03-01T11:42:30,99.4
2025-03-01T11:42:31,104.57
2025-03-01T11:42:32,97.21
2025-03-01T11:42:33,97.51
2025-03-01T11:42:34,101.85
2025-03-01T11:42:35,105.22
2025-03-01T11:42:36,106.51
2025-03-01T11:42:37,101.03
2025-03-01T11:42:38,94.2
2025-03-01T11:42:39,98.5
2025-03-01T11:42:40,96.83
2025-03-01T11:42:41,93.69
2025-03-01T11:42:42,99.73
2025-03-01T11:42:43,104.28
2025-03-01T11:42:44,100.6
2025-03-01T11:42:45,97.73
2025-03-01T11:42:46,101.96
2025-03-01T11:42:47,100.08
,101.65
2025-03-01T11:42:49,97.18
,102.23
2025-03-01T11:42:51,89.82
2025-03-01T11:42:52,103.67
2025-03-01T11:42:53,90.44
2025-03-01T11:42:54,108.88
2025-03-01T11:42:55,95.16
2025-03-01T11:42:56,101.53
2025-03-01T11:42:57,95.36
2025-03-01T11:42:58,91.83
2025-03-01T11:42:59,94.56
2025-03-01T11:43:00,
2025-03-01T11:43:01,110.27
2025-03-01T11:43:02,104.93
2025-03-01T11:43:03,90.64
2025-03-01T11:43:04,105.94
2025-03-01T11:43:05,94.68
2025-03-01T11:43:06,111.09
2025-03-01T11:43:07,97.01
2025-03-01T11:43:08,96.66
2025-03-01T11:43:09,95.46
2025-03-01T11:43:10,97.1
2025-03-01T11:43:11,94.02
2025-03-01T11:43:12,
,99.46
2025-03-01T11:43:14,101.39
2025-03-01T11:43:15,95.3
2025-03-01T11:43:16,100.21
2025-03-01T11:43:17,107.45
2025-03-01T11:43:18,98.67
2025-03-01T11:43:19,91.8
2025-03-01T11:43:20,103.73
2025-03-01T11:43:21,98.82
2025-03-01T11:43:22,91.65
2025-03-01T11:43:23,100.76
2025-03-01T11:43:24,96.55
2025-03-01T11:43:25,98.34
2025-03-01T11:43:26,
2025-03-01T11:43:27,104.55
2025-03-01T11:43:28,95.85
2025-03-01T11:43:29,99.58
2025-03-01T11:43:30,104.14
2025-03-01T11:43:31,93.48
2025-03-01T11:43:32,98.04
2025-03-01T11:43:33,101.11
2025-03-01T11:43:34,100.02
2025-03-01T11:43:35,96.8
2025-03-01T11:43:36,105.72
2025-03-01T11:43:37,108.06
2025-03-01T11:43:38,98.86
2025-03-01T11:43:39,94.98
2025-03-01T11:43:40,102.75
2025-03-01T11:43:41,103.91
2025-03-01T11:43:42,100.62
2025-03-01T11:43:43,92.17
2025-03-01T11:43:44,102.22
2025-03-01T11:43:45,97.46
2025-03-01T11:43:46,100.02
2025-03-01T11:43:47,100.0
2025-03-01T11:43:48,101.59
2025-03-01T11:43:49,108.06
2025-03-01T11:43:50,90.87
2025-03-01T11:43:51,91.96
2025-03-01T11:43:52,100.87
2025-03-01T11:43:53,98.02
2025-03-01T11:43:54,102.52
,110.15
2025-03-01T11:43:56,96.96
2025-03-01T11:43:57,98.51
2025-03-01T11:43:58,97.13
2025-03-01T11:43:59,106.05
2025-03-01T11:44:00,96.35
2025-03-01T11:44:01,94.43
2025-03-01T11:44:02,98.62
2025-03-01T11:44:03,92.61
2025-03-01T11:44:04,95.59
2025-03-01T11:44:05,102.86
2025-03-01T11:44:06,95.66
2025-03-01T11:44:07,98.3
2025-03-01T11:44:08,95.98
2025-03-01T11:44:09,102.07
2025-03-01T11:44:10,100.3
2025-03-01T11:44:11,99.53
2025-03-01T11:44:12,99.68
2025-03-01T11:44:13,100.42
2025-03-01T11:44:14,102.1
2025-03-01T11:44:15,97.3
2025-03-01T11:44:16,97.55
2025-03-01T11:44:17,100.57
2025-03-01T11:44:18,94.71
2025-03-01T11:44:19,97.09
2025-03-01T11:44:20,103.95
2025-03-01T11:44:21,99.57
2025-03-01T11:44:22,97.49
2025-03-01T11:44:23,98.61
2025-03-01T11:44:24,99.73
,91.36
2025-03-01T11:44:26,99.47
2025-03-01T11:44:27,96.1
2025-03-01T11:44:28,101.92
2025-03-01T11:44:29,99.27
2025-03-01T11:44:30,95.54
2025-03-01T11:44:31,89.68
2025-03-01T11:44:32,100.42
2025-03-01T11:44:33,101.34
2025-03-01T11:44:34,93.55
2025-03-01T11:44:35,99.07
2025-03-01T11:44:36,93.15
2025-03-01T11:44:37,96.16
2025-03-01T11:44:38,106.9
2025-03-01T11:44:39,107.57
2025-03-01T11:44:40,99.95
2025-03-01T11:44:41,97.16
2025-03-01T11:44:42,92.32
2025-03-01T11:44:43,103.36
2025-03-01T11:44:44,100.65
2025-03-01T11:44:45,93.33
2025-03-01T11:44:46,101.12
2025-03-01T11:44:47,100.17
2025-03-01T11:44:48,98.8
2025-03-01T11:44:49,106.7
2025-03-01T11:44:50,
2025-03-01T11:44:51,105.63
2025-03-01T11:44:52,97.08
2025-03-01T11:44:53,91.38
2025-03-01T11:44:54,95.69
2025-03-01T11:44:55,99.88
2025-03-01T11:44:56,101.57
2025-03-01T11:44:57,98.13
2025-03-01T11:44:58,92.72
2025-03-01T11:44:59,90.82
2025-03-01T11:45:00,98.4
2025-03-01T11:45:01,92.25
2025-03-01T11:45:02,90.73
2025-03-01T11:45:03,104.77
2025-03-01T11:45:04,99.78
2025-03-01T11:45:05,103.97
2025-03-01T11:45:06,100.06
2025-03-01T11:45:07,102.74
2025-03-01T11:45:08,98.33
2025-03-01T11:45:09,101.22
2025-03-01T11:45:10,88.87
2025-03-01T11:45:11,97.96
2025-03-01T11:45:12,101.75
2025-03-01T11:45:13,106.23
2025-03-01T11:45:14,105.62
2025-03-01T11:45:15,109.43
2025-03-01T11:45:16,95.99
2025-03-01T11:45:17,97.92
2025-03-01T11:45:18,96.93
2025-03-01T11:45:19,102.03
2025-03-01T11:45:20,103.26
2025-03-01T11:45:21,99.55
2025-03-01T11:45:22,100.17
2025-03-01T11:45:23,
2025-03-01T11:45:24,105.98
2025-03-01T11:45:25,97.27
2025-03-01T11:45:26,
2025-03-01T11:45:27,103.45
2025-03-01T11:45:28,98.37
2025-03-01T11:45:29,104.69
2025-03-01T11:45:30,112.04
2025-03-01T11:45:31,102.14
2025-03-01T11:45:32,87.93
2025-03-01T11:45:33,103.85
2025-03-01T11:45:34,105.65
2025-03-01T11:45:35,109.86
2025-03-01T11:45:36,95.19
2025-03-01T11:45:37,100.29
2025-03-01T11:45:38,106.8
2025-03-01T11:45:39,100.86
2025-03-01T11:45:40,105.31
2025-03-01T11:45:41,89.85
2025-03-01T11:45:42,99.11
2025-03-01T11:45:43,107.27
2025-03-01T11:45:44,100.0
2025-03-01T11:45:45,103.04
2025-03-01T11:45:46,92.88
2025-03-01T11:45:47,101.86
2025-03-01T11:45:48,99.17
2025-03-01T11:45:49,102.49
2025-03-01T11:45:50,96.72
2025-03-01T11:45:51,108.51
2025-03-01T11:45:52,105.52
2025-03-01T11:45:53,100.9
2025-03-01T11:45:54,90.88
2025-03-01T11:45:55,99.53
2025-03-01T11:45:56,101.42
2025-03-01T11:45:57,101.94
2025-03-01T11:45:58,97.17
2025-03-01T11:45:59,97.41
2025-03-01T11:46:00,100.79
2025-03-01T11:46:01,102.63
2025-03-01T11:46:02,93.7
2025-03-01T11:46:03,104.11
2025-03-01T11:46:04,106.21
2025-03-01T11:46:05,100.19
2025-03-01T11:46:06,102.51
2025-03-01T11:46:07,91.1
2025-03-01T11:46:08,99.72
2025-03-01T11:46:09,100.04
2025-03-01T11:46:10,100.02
2025-03-01T11:46:11,90.96
2025-03-01T11:46:12,108.8
2025-03-01T11:46:13,99.48
2025-03-01T11:46:14,91.61
2025-03-01T11:46:15,96.83
2025-03-01T11:46:16,102.52
2025-03-01T11:46:17,96.0
2025-03-01T11:46:18,87.11
2025-03-01T11:46:19,113.86
2025-03-01T11:46:20,94.59
2025-03-01T11:46:21,101.27
2025-03-01T11:46:22,97.71
2025-03-01T11:46:23,94.67
2025-03-01T11:46:24,107.92
,106.24
2025-03-01T11:46:26,99.34
2025-03-01T11:46:27,93.95
2025-03-01T11:46:28,100.29
2025-03-01T11:46:29,103.78
2025-03-01T11:46:30,101.61
2025-03-01T11:46:31,103.1
2025-03-01T11:46:32,100.98
2025-03-01T11:46:33,109.57
2025-03-01T11:46:34,95.41
2025-03-01T11:46:35,98.53
2025-03-01T11:46:36,101.08
,97.88
2025-03-01T11:46:38,106.06
2025-03-01T11:46:39,104.22
2025-03-01T11:46:40,91.74
,106.47
2025-03-01T11:46:42,98.07
2025-03-01T11:46:43,95.74
2025-03-01T11:46:44,106.01
2025-03-01T11:46:45,98.01
2025-03-01T11:46:46,110.5
2025-03-01T11:46:47,100.37
2025-03-01T11:46:48,96.74
2025-03-01T11:46:49,97.23
2025-03-01T11:46:50,99.02
2025-03-01T11:46:51,112.5
2025-03-01T11:46:52,100.71
2025-03-01T11:46:53,101.93
2025-03-01T11:46:54,101.05
2025-03-01T11:46:55,103.07
2025-03-01T11:46:56,100.3
2025-03-01T11:46:57,99.58
,96.36
2025-03-01T11:46:59,94.14
2025-03-01T11:47:00,109.14
2025-03-01T11:47:01,97.47
2025-03-01T11:47:02,108.26
2025-03-01T11:47:03,99.54
2025-03-01T11:47:04,98.19
2025-03-01T11:47:05,97.43
2025-03-01T11:47:06,112.36
2025-03-01T11:47:07,91.98
2025-03-01T11:47:08,102.9
2025-03-01T11:47:09,92.72
2025-03-01T11:47:10,
2025-03-01T11:47:11,94.19
2025-03-01T11:47:12,89.78
2025-03-01T11:47:13,103.26
2025-03-01T11:47:14,100.43
2025-03-01T11:47:15,98.42
2025-03-01T11:47:16,99.41
2025-03-01T11:47:17,96.81
2025-03-01T11:47:18,98.99
2025-03-01T11:47:19,93.13
2025-03-01T11:47:20,97.8
2025-03-01T11:47:21,97.71
2025-03-01T11:47:22,102.53
2025-03-01T11:47:23,97.9
2025-03-01T11:47:24,101.88
2025-03-01T11:47:25,96.73
2025-03-01T11:47:26,96.83
2025-03-01T11:47:27,96.65
2025-03-01T11:47:28,98.81
2025-03-01T11:47:29,96.85
2025-03-01T11:47:30,96.18
2025-03-01T11:47:31,97.82
,93.08
2025-03-01T11:47:33,102.0
2025-03-01T11:47:34,103.56
2025-03-01T11:47:35,103.93
2025-03-01T11:47:36,98.5
2025-03-01T11:47:37,105.44
2025-03-01T11:47:38,104.74
2025-03-01T11:47:39,95.34
2025-03-01T11:47:40,104.2
2025-03-01T11:47:41,94.78
2025-03-01T11:47:42,98.22
2025-03-01T11:47:43,103.52
2025-03-01T11:47:44,101.12
2025-03-01T11:47:45,98.54
2025-03-01T11:47:46,97.71
2025-03-01T11:47:47,88.07
,97.77
2025-03-01T11:47:49,101.8
2025-03-01T11:47:50,104.45
2025-03-01T11:47:51,98.4
2025-03-01T11:47:52,98.55
2025-03-01T11:47:53,94.57
2025-03-01T11:47:54,100.91
2025-03-01T11:47:55,95.47
2025-03-01T11:47:56,93.36
2025-03-01T11:47:57,99.85
2025-03-01T11:47:58,102.44
2025-03-01T11:47:59,96.18
2025-03-01T11:48:00,102.04
2025-03-01T11:48:01,94.36
2025-03-01T11:48:02,92.31
2025-03-01T11:48:03,95.42
2025-03-01T11:48:04,108.95
2025-03-01T11:48:05,104.54
2025-03-01T11:48:06,94.27
2025-03-01T11:48:07,
2025-03-01T11:48:08,106.42
2025-03-01T11:48:09,101.51
2025-03-01T11:48:10,107.26
2025-03-01T11:48:11,92.64
2025-03-01T11:48:12,108.47
2025-03-01T11:48:13,101.17
2025-03-01T11:48:14,104.79
2025-03-01T11:48:15,101.76
2025-03-01T11:48:16,96.32
2025-03-01T11:48:17,96.35
2025-03-01T11:48:18,102.87
2025-03-01T11:48:19,107.58
2025-03-01T11:48:20,104.88
2025-03-01T11:48:21,
2025-03-01T11:48:22,90.38
2025-03-01T11:48:23,110.99
2025-03-01T11:48:24,103.49
2025-03-01T11:48:25,100.56
2025-03-01T11:48:26,89.58
2025-03-01T11:48:27,93.14
2025-03-01T11:48:28,96.32
2025-03-01T11:48:29,98.62
2025-03-01T11:48:30,98.45
2025-03-01T11:48:31,97.01
2025-03-01T11:48:32,107.52
2025-03-01T11:48:33,102.91
2025-03-01T11:48:34,101.0
2025-03-01T11:48:35,102.49
2025-03-01T11:48:36,91.92
2025-03-01T11:48:37,97.55
2025-03-01T11:48:38,92.06
2025-03-01T11:48:39,93.46
2025-03-01T11:48:40,92.56
2025-03-01T11:48:41,95.29
2025-03-01T11:48:42,101.99
2025-03-01T11:48:43,100.3
2025-03-01T11:48:44,99.42
2025-03-01T11:48:45,95.09
2025-03-01T11:48:46,101.74
2025-03-01T11:48:47,97.58
2025-03-01T11:48:48,93.78
2025-03-01T11:48:49,104.3
2025-03-01T11:48:50,106.29
2025-03-01T11:48:51,92.94
2025-03-01T11:48:52,102.2
2025-03-01T11:48:53,104.86
2025-03-01T11:48:54,94.65
2025-03-01T11:48:55,102.28
2025-03-01T11:48:56,93.52
2025-03-01T11:48:57,97.85
2025-03-01T11:48:58,105.11
2025-03-01T11:48:59,84.04
2025-03-01T11:49:00,94.82
2025-03-01T11:49:01,102.16
2025-03-01T11:49:02,107.93
2025-03-01T11:49:03,105.44
2025-03-01T11:49:04,94.85
2025-03-01T11:49:05,98.3
2025-03-01T11:49:06,100.51
2025-03-01T11:49:07,101.86
2025-03-01T11:49:08,96.75
2025-03-01T11:49:09,100.01
2025-03-01T11:49:10,102.21
2025-03-01T11:49:11,96.72
,99.84
2025-03-01T11:49:13,94.32
2025-03-01T11:49:14,107.66
2025-03-01T11:49:15,99.24
,103.08
2025-03-01T11:49:17,
2025-03-01T11:49:18,100.21
2025-03-01T11:49:19,108.65
2025-03-01T11:49:20,95.54
2025-03-01T11:49:21,98.38
2025-03-01T11:49:22,104.76
2025-03-01T11:49:23,103.58
2025-03-01T11:49:24,90.59
2025-03-01T11:49:25,102.23
2025-03-01T11:49:26,97.2
2025-03-01T11:49:27,97.19
2025-03-01T11:49:28,88.89
2025-03-01T11:49:29,99.14
2025-03-01T11:49:30,101.79
2025-03-01T11:49:31,97.27
2025-03-01T11:49:32,98.76
2025-03-01T11:49:33,95.32
2025-03-01T11:49:34,101.11
,96.68
2025-03-01T11:49:36,96.99
2025-03-01T11:49:37,95.01
2025-03-01T11:49:38,99.57
2025-03-01T11:49:39,102.08
2025-03-01T11:49:40,99.86
2025-03-01T11:49:41,100.78
2025-03-01T11:49:42,100.73
2025-03-01T11:49:43,100.92
2025-03-01T11:49:44,91.69
2025-03-01T11:49:45,97.37
2025-03-01T11:49:46,92.2
2025-03-01T11:49:47,100.13
2025-03-01T11:49:48,109.85
2025-03-01T11:49:49,99.39
2025-03-01T11:49:50,105.83
2025-03-01T11:49:51,87.32
2025-03-01T11:49:52,98.8
2025-03-01T11:49:53,101.87
2025-03-01T11:49:54,94.46
2025-03-01T11:49:55,101.51
2025-03-01T11:49:56,108.07
2025-03-01T11:49:57,98.65
2025-03-01T11:49:58,100.39
2025-03-01T11:49:59,95.53
2025-03-01T11:50:00,106.11
2025-03-01T11:50:01,103.89
2025-03-01T11:50:02,98.67
2025-03-01T11:50:03,99.71
2025-03-01T11:50:04,98.4
2025-03-01T11:50:05,93.28
2025-03-01T11:50:06,100.02
2025-03-01T11:50:07,109.58
2025-03-01T11:50:08,91.45
2025-03-01T11:50:09,101.86
2025-03-01T11:50:10,98.36
2025-03-01T11:50:11,100.2
2025-03-01T11:50:12,94.99
2025-03-01T11:50:13,99.08
2025-03-01T11:50:14,97.16
2025-03-01T11:50:15,94.93
2025-03-01T11:50:16,97.44
2025-03-01T11:50:17,101.28
2025-03-01T11:50:18,95.12
2025-03-01T11:50:19,95.48
2025-03-01T11:50:20,107.68
2025-03-01T11:50:21,101.33
2025-03-01T11:50:22,108.89
2025-03-01T11:50:23,104.14
2025-03-01T11:50:24,95.06
2025-03-01T11:50:25,104.78
2025-03-01T11:50:26,96.85
2025-03-01T11:50:27,101.54
2025-03-01T11:50:28,93.1
2025-03-01T11:50:29,97.44
2025-03-01T11:50:30,99.83
2025-03-01T11:50:31,92.23
2025-03-01T11:50:32,106.39
2025-03-01T11:50:33,93.18
,106.33
2025-03-01T11:50:35,94.57
2025-03-01T11:50:36,98.13
2025-03-01T11:50:37,103.32
2025-03-01T11:50:38,106.51
2025-03-01T11:50:39,92.85
2025-03-01T11:50:40,101.63
2025-03-01T11:50:41,95.07
2025-03-01T11:50:42,102.66
2025-03-01T11:50:43,98.61
2025-03-01T11:50:44,97.47
2025-03-01T11:50:45,103.81
2025-03-01T11:50:46,103.82
2025-03-01T11:50:47,103.15
2025-03-01T11:50:48,98.95
,102.68
2025-03-01T11:50:50,100.86
2025-03-01T11:50:51,99.65
2025-03-01T11:50:52,103.07
2025-03-01T11:50:53,90.74
2025-03-01T11:50:54,103.72
2025-03-01T11:50:55,101.15
2025-03-01T11:50:56,95.98
2025-03-01T11:50:57,97.74
2025-03-01T11:50:58,95.3
2025-03-01T11:50:59,99.19
2025-03-01T11:51:00,99.07
2025-03-01T11:51:01,95.04
2025-03-01T11:51:02,100.21
2025-03-01T11:51:03,97.88
2025-03-01T11:51:04,101.65
2025-03-01T11:51:05,93.25
2025-03-01T11:51:06,103.14
,109.14
2025-03-01T11:51:08,96.44
2025-03-01T11:51:09,106.03
2025-03-01T11:51:10,104.78
2025-03-01T11:51:11,104.06
2025-03-01T11:51:12,100.25
2025-03-01T11:51:13,95.21
2025-03-01T11:51:14,100.31
2025-03-01T11:51:15,103.82
2025-03-01T11:51:16,108.95
2025-03-01T11:51:17,103.85
2025-03-01T11:51:18,97.5
2025-03-01T11:51:19,104.51
2025-03-01T11:51:20,100.41
2025-03-01T11:51:21,105.74
2025-03-01T11:51:22,100.11
2025-03-01T11:51:23,91.97
2025-03-01T11:51:24,106.25
2025-03-01T11:51:25,102.26
2025-03-01T11:51:26,84.2
2025-03-01T11:51:27,102.03
2025-03-01T11:51:28,104.25
2025-03-01T11:51:29,92.75
2025-03-01T11:51:30,98.2
2025-03-01T11:51:31,97.44
2025-03-01T11:51:32,100.4
2025-03-01T11:51:33,93.51
2025-03-01T11:51:34,98.77
2025-03-01T11:51:35,93.3
2025-03-01T11:51:36,107.49
2025-03-01T11:51:37,103.37
2025-03-01T11:51:38,95.13
2025-03-01T11:51:39,96.3
2025-03-01T11:51:40,94.4
2025-03-01T11:51:41,104.11
2025-03-01T11:51:42,98.38
2025-03-01T11:51:43,98.16
2025-03-01T11:51:44,102.97
2025-03-01T11:51:45,92.36
2025-03-01T11:51:46,95.15
2025-03-01T11:51:47,95.32
2025-03-01T11:51:48,104.48
2025-03-01T11:51:49,105.26
2025-03-01T11:51:50,103.23
2025-03-01T11:51:51,97.49
2025-03-01T11:51:52,101.56
2025-03-01T11:51:53,98.08
2025-03-01T11:51:54,105.16
2025-03-01T11:51:55,112.65
2025-03-01T11:51:56,89.04
2025-03-01T11:51:57,99.32
2025-03-01T11:51:58,96.91
2025-03-01T11:51:59,98.77
2025-03-01T11:52:00,112.03
2025-03-01T11:52:01,104.68
2025-03-01T11:52:02,95.84
2025-03-01T11:52:03,97.76
2025-03-01T11:52:04,
2025-03-01T11:52:05,102.69
2025-03-01T11:52:06,98.88
2025-03-01T11:52:07,97.06
2025-03-01T11:52:08,108.92
2025-03-01T11:52:09,105.4
2025-03-01T11:52:10,93.27
2025-03-01T11:52:11,106.27
2025-03-01T11:52:12,99.5
2025-03-01T11:52:13,99.24
2025-03-01T11:52:14,101.67
2025-03-01T11:52:15,86.16
2025-03-01T11:52:16,95.99
2025-03-01T11:52:17,91.53
2025-03-01T11:52:18,99.91
2025-03-01T11:52:19,88.9
2025-03-01T11:52:20,109.47
2025-03-01T11:52:21,108.58
2025-03-01T11:52:22,96.86
2025-03-01T11:52:23,97.85
2025-03-01T11:52:24,101.78
2025-03-01T11:52:25,102.15
2025-03-01T11:52:26,97.5
2025-03-01T11:52:27,105.0
2025-03-01T11:52:28,98.12
2025-03-01T11:52:29,94.52
2025-03-01T11:52:30,102.36
2025-03-01T11:52:31,104.69
2025-03-01T11:52:32,103.81
2025-03-01T11:52:33,102.56
2025-03-01T11:52:34,107.01
2025-03-01T11:52:35,106.77
2025-03-01T11:52:36,97.97
2025-03-01T11:52:37,94.68
2025-03-01T11:52:38,102.19
2025-03-01T11:52:39,96.14
2025-03-01T11:52:40,99.99
2025-03-01T11:52:41,99.58
2025-03-01T11:52:42,96.45
2025-03-01T11:52:43,99.73
2025-03-01T11:52:44,100.9
2025-03-01T11:52:45,97.99
2025-03-01T11:52:46,100.17
2025-03-01T11:52:47,98.09
2025-03-01T11:52:48,95.3
2025-03-01T11:52:49,92.69
2025-03-01T11:52:50,98.11
2025-03-01T11:52:51,110.32
2025-03-01T11:52:52,91.83
2025-03-01T11:52:53,96.13
2025-03-01T11:52:54,106.46
2025-03-01T11:52:55,95.53
2025-03-01T11:52:56,102.81
2025-03-01T11:52:57,93.83
2025-03-01T11:52:58,95.07
,105.08
2025-03-01T11:53:00,96.31
2025-03-01T11:53:01,101.82
2025-03-01T11:53:02,90.18
2025-03-01T11:53:03,99.29
2025-03-01T11:53:04,98.53
2025-03-01T11:53:05,98.09
2025-03-01T11:53:06,105.9
2025-03-01T11:53:07,101.78
2025-03-01T11:53:08,97.78
2025-03-01T11:53:09,101.05
2025-03-01T11:53:10,
2025-03-01T11:53:11,98.12
2025-03-01T11:53:12,98.77
2025-03-01T11:53:13,94.1
,103.18
2025-03-01T11:53:15,97.6
2025-03-01T11:53:16,92.54
2025-03-01T11:53:17,97.06
2025-03-01T11:53:18,92.69
2025-03-01T11:53:19,102.32
2025-03-01T11:53:20,102.89
2025-03-01T11:53:21,101.13
2025-03-01T11:53:22,94.75
2025-03-01T11:53:23,99.64
2025-03-01T11:53:24,95.81
2025-03-01T11:53:25,93.6
,94.55
2025-03-01T11:53:27,103.6
2025-03-01T11:53:28,99.63
2025-03-01T11:53:29,104.33
2025-03-01T11:53:30,104.36
2025-03-01T11:53:31,99.9
2025-03-01T11:53:32,98.06
2025-03-01T11:53:33,94.44
2025-03-01T11:53:34,103.77
2025-03-01T11:53:35,95.72
2025-03-01T11:53:36,105.5
2025-03-01T11:53:37,97.75
2025-03-01T11:53:38,101.11
2025-03-01T11:53:39,91.77
2025-03-01T11:53:40,100.42
2025-03-01T11:53:41,92.34
2025-03-01T11:53:42,105.1
2025-03-01T11:53:43,105.12
2025-03-01T11:53:44,
2025-03-01T11:53:45,109.2
2025-03-01T11:53:46,100.45
2025-03-01T11:53:47,96.49
2025-03-01T11:53:48,94.75
2025-03-01T11:53:49,95.65
2025-03-01T11:53:50,100.56
2025-03-01T11:53:51,93.59
2025-03-01T11:53:52,90.38
2025-03-01T11:53:53,96.65
2025-03-01T11:53:54,100.2
2025-03-01T11:53:55,96.25
2025-03-01T11:53:56,102.21
2025-03-01T11:53:57,92.47
2025-03-01T11:53:58,97.53
2025-03-01T11:53:59,96.21
2025-03-01T11:54:00,95.57
2025-03-01T11:54:01,109.82
2025-03-01T11:54:02,96.24
2025-03-01T11:54:03,107.91
2025-03-01T11:54:04,96.73
2025-03-01T11:54:05,110.57
2025-03-01T11:54:06,103.26
2025-03-01T11:54:07,99.92
2025-03-01T11:54:08,102.46
2025-03-01T11:54:09,98.1
2025-03-01T11:54:10,108.98
2025-03-01T11:54:11,110.23
2025-03-01T11:54:12,97.68
2025-03-01T11:54:13,106.66
2025-03-01T11:54:14,96.41
2025-03-01T11:54:15,94.49
2025-03-01T11:54:16,92.13
2025-03-01T11:54:17,105.31
2025-03-01T11:54:18,101.91
2025-03-01T11:54:19,99.68
2025-03-01T11:54:20,101.31
2025-03-01T11:54:21,98.4
2025-03-01T11:54:22,103.23
2025-03-01T11:54:23,100.16
2025-03-01T11:54:24,102.75
2025-03-01T11:54:25,103.14
2025-03-01T11:54:26,103.7
2025-03-01T11:54:27,96.28
,100.8
2025-03-01T11:54:29,94.12
2025-03-01T11:54:30,101.47
2025-03-01T11:54:31,100.07
2025-03-01T11:54:32,108.47
2025-03-01T11:54:33,
2025-03-01T11:54:34,99.56
2025-03-01T11:54:35,94.9
2025-03-01T11:54:36,102.04
2025-03-01T11:54:37,95.78
2025-03-01T11:54:38,87.89
,97.81
2025-03-01T11:54:40,99.35
2025-03-01T11:54:41,107.22
2025-03-01T11:54:42,103.09
,105.84
2025-03-01T11:54:44,94.33
2025-03-01T11:54:45,92.72
2025-03-01T11:54:46,101.18
2025-03-01T11:54:47,97.02
2025-03-01T11:54:48,96.85
2025-03-01T11:54:49,102.64
2025-03-01T11:54:50,106.59
2025-03-01T11:54:51,94.72
2025-03-01T11:54:52,104.87
2025-03-01T11:54:53,98.56
2025-03-01T11:54:54,109.39
2025-03-01T11:54:55,98.87
2025-03-01T11:54:56,94.02
2025-03-01T11:54:57,107.38
2025-03-01T11:54:58,94.48
2025-03-01T11:54:59,100.24
2025-03-01T11:55:00,104.09
2025-03-01T11:55:01,97.1
2025-03-01T11:55:02,93.67
2025-03-01T11:55:03,99.84
2025-03-01T11:55:04,95.46
2025-03-01T11:55:05,95.93
2025-03-01T11:55:06,102.5
2025-03-01T11:55:07,107.84
2025-03-01T11:55:08,103.85
2025-03-01T11:55:09,101.58
2025-03-01T11:55:10,100.06
2025-03-01T11:55:11,101.9
2025-03-01T11:55:12,112.28
2025-03-01T11:55:13,103.15
,102.91
2025-03-01T11:55:15,103.06
2025-03-01T11:55:16,102.69
2025-03-01T11:55:17,102.48
2025-03-01T11:55:18,109.21
2025-03-01T11:55:19,111.94
2025-03-01T11:55:20,101.46
2025-03-01T11:55:21,92.82
2025-03-01T11:55:22,99.8
,97.6
2025-03-01T11:55:24,91.86
2025-03-01T11:55:25,102.08
2025-03-01T11:55:26,96.62
2025-03-01T11:55:27,101.71
2025-03-01T11:55:28,104.42
2025-03-01T11:55:29,90.8
2025-03-01T11:55:30,91.38
2025-03-01T11:55:31,96.23
2025-03-01T11:55:32,96.28
,90.59
2025-03-01T11:55:34,86.93
2025-03-01T11:55:35,104.35
2025-03-01T11:55:36,96.09
2025-03-01T11:55:37,97.58
2025-03-01T11:55:38,105.03
2025-03-01T11:55:39,92.11
2025-03-01T11:55:40,98.27
2025-03-01T11:55:41,98.8
2025-03-01T11:55:42,91.79
2025-03-01T11:55:43,96.7
2025-03-01T11:55:44,108.22
2025-03-01T11:55:45,97.37
2025-03-01T11:55:46,96.39
2025-03-01T11:55:47,95.78
2025-03-01T11:55:48,97.6
2025-03-01T11:55:49,105.58
2025-03-01T11:55:50,105.7
2025-03-01T11:55:51,98.47
2025-03-01T11:55:52,99.79
2025-03-01T11:55:53,105.18
2025-03-01T11:55:54,106.79
2025-03-01T11:55:55,96.17
2025-03-01T11:55:56,105.0
2025-03-01T11:55:57,97.67
2025-03-01T11:55:58,106.85
2025-03-01T11:55:59,105.02
2025-03-01T11:56:00,98.48
2025-03-01T11:56:01,103.18
2025-03-01T11:56:02,96.67
2025-03-01T11:56:03,98.29
2025-03-01T11:56:04,104.17
2025-03-01T11:56:05,108.96
2025-03-01T11:56:06,93.27
2025-03-01T11:56:07,97.22
2025-03-01T11:56:08,91.24
2025-03-01T11:56:09,87.79
2025-03-01T11:56:10,93.86
2025-03-01T11:56:11,98.24
2025-03-01T11:56:12,84.78
2025-03-01T11:56:13,97.16
2025-03-01T11:56:14,107.35
2025-03-01T11:56:15,100.19
2025-03-01T11:56:16,110.88
2025-03-01T11:56:17,94.37
2025-03-01T11:56:18,92.07
2025-03-01T11:56:19,109.49
2025-03-01T11:56:20,104.99
2025-03-01T11:56:21,101.06
2025-03-01T11:56:22,104.21
2025-03-01T11:56:23,94.26
2025-03-01T11:56:24,101.03
2025-03-01T11:56:25,99.64
2025-03-01T11:56:26,102.57
2025-03-01T11:56:27,98.32
2025-03-01T11:56:28,101.16
2025-03-01T11:56:29,110.6
2025-03-01T11:56:30,100.75
2025-03-01T11:56:31,103.42
2025-03-01T11:56:32,100.19
2025-03-01T11:56:33,103.74
2025-03-01T11:56:34,95.55
2025-03-01T11:56:35,89.74
2025-03-01T11:56:36,103.49
2025-03-01T11:56:37,101.61
2025-03-01T11:56:38,90.25
2025-03-01T11:56:39,102.71
2025-03-01T11:56:40,97.96
2025-03-01T11:56:41,95.15
2025-03-01T11:56:42,103.75
2025-03-01T11:56:43,
2025-03-01T11:56:44,100.91
2025-03-01T11:56:45,99.21
2025-03-01T11:56:46,93.53
2025-03-01T11:56:47,99.32
2025-03-01T11:56:48,100.4
2025-03-01T11:56:49,92.8
2025-03-01T11:56:50,90.72
2025-03-01T11:56:51,101.82
2025-03-01T11:56:52,91.9
2025-03-01T11:56:53,101.37
2025-03-01T11:56:54,106.71
2025-03-01T11:56:55,95.55
2025-03-01T11:56:56,101.63
2025-03-01T11:56:57,103.23
2025-03-01T11:56:58,99.14
2025-03-01T11:56:59,100.59
2025-03-01T11:57:00,109.13
2025-03-01T11:57:01,92.97
2025-03-01T11:57:02,92.74
2025-03-01T11:57:03,98.2
2025-03-01T11:57:04,104.21
2025-03-01T11:57:05,100.05
2025-03-01T11:57:06,97.67
2025-03-01T11:57:07,102.79
2025-03-01T11:57:08,104.85
2025-03-01T11:57:09,98.4
2025-03-01T11:57:10,104.05
2025-03-01T11:57:11,
2025-03-01T11:57:12,99.47
2025-03-01T11:57:13,99.2
2025-03-01T11:57:14,87.22
2025-03-01T11:57:15,95.91
2025-03-01T11:57:16,102.48
2025-03-01T11:57:17,95.41
2025-03-01T11:57:18,97.26
2025-03-01T11:57:19,95.19
2025-03-01T11:57:20,100.93
2025-03-01T11:57:21,95.22
2025-03-01T11:57:22,98.92
2025-03-01T11:57:23,105.67
2025-03-01T11:57:24,104.3
2025-03-01T11:57:25,107.46
2025-03-01T11:57:26,105.39
2025-03-01T11:57:27,105.77
2025-03-01T11:57:28,104.5
2025-03-01T11:57:29,95.03
2025-03-01T11:57:30,100.61
2025-03-01T11:57:31,95.27
2025-03-01T11:57:32,110.01
2025-03-01T11:57:33,115.97
2025-03-01T11:57:34,103.89
2025-03-01T11:57:35,110.43
2025-03-01T11:57:36,97.03
2025-03-01T11:57:37,91.64
2025-03-01T11:57:38,107.15
2025-03-01T11:57:39,100.12
2025-03-01T11:57:40,92.57
2025-03-01T11:57:41,91.49
2025-03-01T11:57:42,104.91
,105.53
2025-03-01T11:57:44,103.06
2025-03-01T11:57:45,94.55
2025-03-01T11:57:46,
2025-03-01T11:57:47,96.33
2025-03-01T11:57:48,103.58
2025-03-01T11:57:49,100.06
2025-03-01T11:57:50,99.73
2025-03-01T11:57:51,98.04
2025-03-01T11:57:52,104.71
2025-03-01T11:57:53,101.08
2025-03-01T11:57:54,99.47
2025-03-01T11:57:55,105.84
2025-03-01T11:57:56,92.39
2025-03-01T11:57:57,101.74
2025-03-01T11:57:58,102.64
2025-03-01T11:57:59,104.07
2025-03-01T11:58:00,95.76
2025-03-01T11:58:01,96.47
2025-03-01T11:58:02,105.01
2025-03-01T11:58:03,102.19
2025-03-01T11:58:04,95.15
2025-03-01T11:58:05,96.63
2025-03-01T11:58:06,104.03
2025-03-01T11:58:07,95.43
2025-03-01T11:58:08,105.76
2025-03-01T11:58:09,92.23
2025-03-01T11:58:10,100.94
2025-03-01T11:58:11,94.97
2025-03-01T11:58:12,
2025-03-01T11:58:13,105.5
2025-03-01T11:58:14,100.05
2025-03-01T11:58:15,
2025-03-01T11:58:16,107.87
2025-03-01T11:58:17,98.27
2025-03-01T11:58:18,104.83
2025-03-01T11:58:19,98.96
2025-03-01T11:58:20,100.24
2025-03-01T11:58:21,101.67
2025-03-01T11:58:22,97.91
2025-03-01T11:58:23,103.02
2025-03-01T11:58:24,95.34
2025-03-01T11:58:25,96.71
2025-03-01T11:58:26,98.08
2025-03-01T11:58:27,101.98
2025-03-01T11:58:28,107.63
,109.56
2025-03-01T11:58:30,89.46
2025-03-01T11:58:31,94.41
2025-03-01T11:58:32,102.57
2025-03-01T11:58:33,113.03
2025-03-01T11:58:34,93.37
2025-03-01T11:58:35,100.76
2025-03-01T11:58:36,91.18
2025-03-01T11:58:37,101.42
2025-03-01T11:58:38,109.12
2025-03-01T11:58:39,93.09
2025-03-01T11:58:40,96.67
2025-03-01T11:58:41,110.59
2025-03-01T11:58:42,101.69
2025-03-01T11:58:43,103.95
2025-03-01T11:58:44,101.02
2025-03-01T11:58:45,91.36
2025-03-01T11:58:46,100.22
2025-03-01T11:58:47,99.8
2025-03-01T11:58:48,100.52
,101.75
2025-03-01T11:58:50,98.75
2025-03-01T11:58:51,101.07
2025-03-01T11:58:52,98.08
2025-03-01T11:58:53,94.55
2025-03-01T11:58:54,96.97
2025-03-01T11:58:55,98.43
2025-03-01T11:58:56,98.97
2025-03-01T11:58:57,107.26
2025-03-01T11:58:58,94.85
2025-03-01T11:58:59,101.3
2025-03-01T11:59:00,99.27
2025-03-01T11:59:01,111.32
2025-03-01T11:59:02,100.73
2025-03-01T11:59:03,107.3
2025-03-01T11:59:04,91.46
2025-03-01T11:59:05,94.72
2025-03-01T11:59:06,101.27
2025-03-01T11:59:07,104.69
2025-03-01T11:59:08,105.35
2025-03-01T11:59:09,97.6
2025-03-01T11:59:10,98.17
2025-03-01T11:59:11,104.39
2025-03-01T11:59:12,99.07
2025-03-01T11:59:13,103.1
2025-03-01T11:59:14,99.31
2025-03-01T11:59:15,105.34
2025-03-01T11:59:16,92.74
2025-03-01T11:59:17,104.06
2025-03-01T11:59:18,97.99
2025-03-01T11:59:19,96.21
2025-03-01T11:59:20,102.95
2025-03-01T11:59:21,104.69
2025-03-01T11:59:22,99.24
,99.52
2025-03-01T11:59:24,95.58
2025-03-01T11:59:25,102.4
2025-03-01T11:59:26,100.82
2025-03-01T11:59:27,89.13
2025-03-01T11:59:28,99.66
2025-03-01T11:59:29,101.91
2025-03-01T11:59:30,100.74
2025-03-01T11:59:31,90.22
2025-03-01T11:59:32,100.92
2025-03-01T11:59:33,101.49
2025-03-01T11:59:34,98.89
2025-03-01T11:59:35,92.68
2025-03-01T11:59:36,104.12
2025-03-01T11:59:37,98.71
,97.3
2025-03-01T11:59:39,100.55
2025-03-01T11:59:40,109.37
2025-03-01T11:59:41,100.57
2025-03-01T11:59:42,93.67
2025-03-01T11:59:43,95.52
2025-03-01T11:59:44,101.17
2025-03-01T11:59:45,
2025-03-01T11:59:46,97.27
2025-03-01T11:59:47,102.6
2025-03-01T11:59:48,88.66
2025-03-01T11:59:49,101.86
2025-03-01T11:59:50,95.38
2025-03-01T11:59:51,101.38
2025-03-01T11:59:52,95.16
2025-03-01T11:59:53,102.48
2025-03-01T11:59:54,98.2
2025-03-01T11:59:55,98.8
2025-03-01T11:59:56,96.39
2025-03-01T11:59:57,90.22
2025-03-01T11:59:58,94.17
2025-03-01T11:59:59,102.63
2025-03-01T12:00:00,100.31
2025-03-01T12:00:01,90.32
2025-03-01T12:00:02,101.68
2025-03-01T12:00:03,
2025-03-01T12:00:04,93.96
2025-03-01T12:00:05,103.88
2025-03-01T12:00:06,100.01
2025-03-01T12:00:07,99.74
2025-03-01T12:00:08,95.52
2025-03-01T12:00:09,100.93
2025-03-01T12:00:10,108.09
2025-03-01T12:00:11,100.23
2025-03-01T12:00:12,98.81
2025-03-01T12:00:13,101.96
2025-03-01T12:00:14,101.24
2025-03-01T12:00:15,103.57
2025-03-01T12:00:16,98.41
2025-03-01T12:00:17,97.73
2025-03-01T12:00:18,97.32
2025-03-01T12:00:19,102.48
2025-03-01T12:00:20,95.07
2025-03-01T12:00:21,95.62
2025-03-01T12:00:22,95.97
2025-03-01T12:00:23,104.75
2025-03-01T12:00:24,105.48
2025-03-01T12:00:25,93.6
2025-03-01T12:00:26,105.75
2025-03-01T12:00:27,99.58
2025-03-01T12:00:28,95.98
2025-03-01T12:00:29,100.45
2025-03-01T12:00:30,101.49
2025-03-01T12:00:31,101.65
2025-03-01T12:00:32,106.28
2025-03-01T12:00:33,98.42
2025-03-01T12:00:34,102.86
2025-03-01T12:00:35,90.82
2025-03-01T12:00:36,97.85
2025-03-01T12:00:37,99.76
2025-03-01T12:00:38,98.7
2025-03-01T12:00:39,98.1
2025-03-01T12:00:40,91.64
2025-03-01T12:00:41,103.35
2025-03-01T12:00:42,106.54
2025-03-01T12:00:43,100.79
2025-03-01T12:00:44,106.7
2025-03-01T12:00:45,98.51
2025-03-01T12:00:46,93.75
2025-03-01T12:00:47,98.03
2025-03-01T12:00:48,95.91
2025-03-01T12:00:49,98.55
2025-03-01T12:00:50,103.99
2025-03-01T12:00:51,111.09
2025-03-01T12:00:52,96.56
2025-03-01T12:00:53,93.94
2025-03-01T12:00:54,94.59
2025-03-01T12:00:55,111.75
2025-03-01T12:00:56,102.85
2025-03-01T12:00:57,100.48
2025-03-01T12:00:58,103.65
2025-03-01T12:00:59,105.64
2025-03-01T12:01:00,91.8
2025-03-01T12:01:01,97.98
2025-03-01T12:01:02,102.81
2025-03-01T12:01:03,107.0
2025-03-01T12:01:04,113.51
2025-03-01T12:01:05,98.84
2025-03-01T12:01:06,94.38
2025-03-01T12:01:07,109.16
2025-03-01T12:01:08,102.94
2025-03-01T12:01:09,99.94
2025-03-01T12:01:10,98.37
2025-03-01T12:01:11,96.54
2025-03-01T12:01:12,102.01
2025-03-01T12:01:13,95.25
2025-03-01T12:01:14,99.38
2025-03-01T12:01:15,104.11
2025-03-01T12:01:16,102.08
2025-03-01T12:01:17,89.36
2025-03-01T12:01:18,99.64
2025-03-01T12:01:19,98.62
2025-03-01T12:01:20,106.02
2025-03-01T12:01:21,99.37
2025-03-01T12:01:22,88.18
2025-03-01T12:01:23,101.88
2025-03-01T12:01:24,90.2
2025-03-01T12:01:25,108.39
,113.49
2025-03-01T12:01:27,101.91
2025-03-01T12:01:28,105.02
2025-03-01T12:01:29,
2025-03-01T12:01:30,105.99
,96.85
2025-03-01T12:01:32,103.06
2025-03-01T12:01:33,102.93
2025-03-01T12:01:34,104.2
2025-03-01T12:01:35,96.74
2025-03-01T12:01:36,100.64
2025-03-01T12:01:37,101.97
2025-03-01T12:01:38,96.47
2025-03-01T12:01:39,100.97
2025-03-01T12:01:40,102.13
2025-03-01T12:01:41,95.68
2025-03-01T12:01:42,100.98
2025-03-01T12:01:43,95.23
2025-03-01T12:01:44,102.11
2025-03-01T12:01:45,99.7
2025-03-01T12:01:46,95.58
2025-03-01T12:01:47,105.25
2025-03-01T12:01:48,94.21
2025-03-01T12:01:49,97.77
2025-03-01T12:01:50,98.25
2025-03-01T12:01:51,103.57
2025-03-01T12:01:52,96.58
,104.89
2025-03-01T12:01:54,94.43
,98.73
2025-03-01T12:01:56,91.73
2025-03-01T12:01:57,101.24
2025-03-01T12:01:58,96.74
2025-03-01T12:01:59,93.14
2025-03-01T12:02:00,97.11
2025-03-01T12:02:01,105.38
2025-03-01T12:02:02,95.64
2025-03-01T12:02:03,98.83
2025-03-01T12:02:04,96.33
,106.07
2025-03-01T12:02:06,101.84
2025-03-01T12:02:07,96.35
2025-03-01T12:02:08,94.35
2025-03-01T12:02:09,101.37
2025-03-01T12:02:10,106.99
2025-03-01T12:02:11,96.18
2025-03-01T12:02:12,98.76
2025-03-01T12:02:13,101.08
2025-03-01T12:02:14,96.21
2025-03-01T12:02:15,100.51
2025-03-01T12:02:16,94.29
2025-03-01T12:02:17,102.27
2025-03-01T12:02:18,100.09
,91.36
2025-03-01T12:02:20,100.58
2025-03-01T12:02:21,102.58
2025-03-01T12:02:22,103.64
2025-03-01T12:02:23,97.07
2025-03-01T12:02:24,98.42
2025-03-01T12:02:25,112.57
2025-03-01T12:02:26,88.02
2025-03-01T12:02:27,100.41
2025-03-01T12:02:28,101.01
2025-03-01T12:02:29,101.92
2025-03-01T12:02:30,95.72
2025-03-01T12:02:31,101.4
2025-03-01T12:02:32,103.55
2025-03-01T12:02:33,96.13
2025-03-01T12:02:34,107.68
,106.38
2025-03-01T12:02:36,101.47
2025-03-01T12:02:37,97.64
,109.55
2025-03-01T12:02:39,94.17
2025-03-01T12:02:40,103.34
2025-03-01T12:02:41,103.12
2025-03-01T12:02:42,99.35
2025-03-01T12:02:43,98.17
2025-03-01T12:02:44,93.98
2025-03-01T12:02:45,101.54
2025-03-01T12:02:46,97.3
2025-03-01T12:02:47,100.09
,
2025-03-01T12:02:49,102.06
2025-03-01T12:02:50,95.43
2025-03-01T12:02:51,95.84
2025-03-01T12:02:52,108.35
2025-03-01T12:02:53,106.55
2025-03-01T12:02:54,97.94
2025-03-01T12:02:55,93.76
2025-03-01T12:02:56,95.79
2025-03-01T12:02:57,101.95
2025-03-01T12:02:58,96.48
2025-03-01T12:02:59,101.46
2025-03-01T12:03:00,103.22
2025-03-01T12:03:01,90.0
2025-03-01T12:03:02,103.06
2025-03-01T12:03:03,92.4
2025-03-01T12:03:04,90.7
2025-03-01T12:03:05,95.38
2025-03-01T12:03:06,107.24
2025-03-01T12:03:07,109.55
2025-03-01T12:03:08,100.54
2025-03-01T12:03:09,105.72
2025-03-01T12:03:10,105.19
2025-03-01T12:03:11,93.93
2025-03-01T12:03:12,97.79
2025-03-01T12:03:13,106.12
2025-03-01T12:03:14,100.04
2025-03-01T12:03:15,104.3
2025-03-01T12:03:16,95.97
2025-03-01T12:03:17,113.36
2025-03-01T12:03:18,108.81
2025-03-01T12:03:19,95.74
2025-03-01T12:03:20,104.63
2025-03-01T12:03:21,101.41
2025-03-01T12:03:22,104.41
2025-03-01T12:03:23,106.28
2025-03-01T12:03:24,97.27
2025-03-01T12:03:25,99.46
2025-03-01T12:03:26,94.96
2025-03-01T12:03:27,95.92
2025-03-01T12:03:28,97.87
2025-03-01T12:03:29,114.83
2025-03-01T12:03:30,100.49
2025-03-01T12:03:31,103.11
2025-03-01T12:03:32,105.81
2025-03-01T12:03:33,100.1
2025-03-01T12:03:34,109.25
2025-03-01T12:03:35,101.81
2025-03-01T12:03:36,101.45
2025-03-01T12:03:37,104.49
2025-03-01T12:03:38,92.66
2025-03-01T12:03:39,95.69
2025-03-01T12:03:40,96.83
2025-03-01T12:03:41,96.6
2025-03-01T12:03:42,99.95
2025-03-01T12:03:43,99.63
2025-03-01T12:03:44,95.05
2025-03-01T12:03:45,101.64
2025-03-01T12:03:46,96.37
2025-03-01T12:03:47,106.45
2025-03-01T12:03:48,107.13
,104.25
2025-03-01T12:03:50,95.43
2025-03-01T12:03:51,104.23
2025-03-01T12:03:52,113.95
2025-03-01T12:03:53,96.4
,102.04
2025-03-01T12:03:55,102.29
2025-03-01T12:03:56,100.66
2025-03-01T12:03:57,95.52
2025-03-01T12:03:58,99.92
2025-03-01T12:03:59,100.14
2025-03-01T12:04:00,99.09
2025-03-01T12:04:01,104.67
2025-03-01T12:04:02,100.01
2025-03-01T12:04:03,95.11
2025-03-01T12:04:04,90.04
2025-03-01T12:04:05,106.38
2025-03-01T12:04:06,101.49
2025-03-01T12:04:07,97.45
2025-03-01T12:04:08,104.94
2025-03-01T12:04:09,97.34
2025-03-01T12:04:10,100.09
2025-03-01T12:04:11,99.76
2025-03-01T12:04:12,94.13
2025-03-01T12:04:13,103.02
2025-03-01T12:04:14,102.04
2025-03-01T12:04:15,97.45
2025-03-01T12:04:16,102.02
2025-03-01T12:04:17,93.46
2025-03-01T12:04:18,100.67
2025-03-01T12:04:19,93.85
2025-03-01T12:04:20,98.51
2025-03-01T12:04:21,97.48
2025-03-01T12:04:22,101.81
2025-03-01T12:04:23,105.82
2025-03-01T12:04:24,102.17
2025-03-01T12:04:25,94.59
2025-03-01T12:04:26,103.14
2025-03-01T12:04:27,100.91
,97.18
2025-03-01T12:04:29,105.09
2025-03-01T12:04:30,98.25
2025-03-01T12:04:31,93.46
2025-03-01T12:04:32,96.91
2025-03-01T12:04:33,98.65
2025-03-01T12:04:34,102.1
2025-03-01T12:04:35,103.6
2025-03-01T12:04:36,90.46
2025-03-01T12:04:37,100.58
2025-03-01T12:04:38,101.32
,93.03
2025-03-01T12:04:40,104.86
2025-03-01T12:04:41,101.23
2025-03-01T12:04:42,93.96
2025-03-01T12:04:43,97.77
2025-03-01T12:04:44,95.87
2025-03-01T12:04:45,103.35
2025-03-01T12:04:46,98.62
2025-03-01T12:04:47,96.13
2025-03-01T12:04:48,97.81
2025-03-01T12:04:49,98.83
2025-03-01T12:04:50,98.07
2025-03-01T12:04:51,97.64
2025-03-01T12:04:52,97.71
2025-03-01T12:04:53,95.93
2025-03-01T12:04:54,106.99
2025-03-01T12:04:55,103.34
2025-03-01T12:04:56,101.97
2025-03-01T12:04:57,101.27
2025-03-01T12:04:58,90.1
2025-03-01T12:04:59,101.62
2025-03-01T12:05:00,93.95
2025-03-01T12:05:01,94.31
2025-03-01T12:05:02,98.31
2025-03-01T12:05:03,96.16
2025-03-01T12:05:04,110.98
2025-03-01T12:05:05,102.13
2025-03-01T12:05:06,94.78
2025-03-01T12:05:07,100.58
2025-03-01T12:05:08,96.61
2025-03-01T12:05:09,
,97.26
2025-03-01T12:05:11,108.7
2025-03-01T12:05:12,99.33
2025-03-01T12:05:13,100.09
2025-03-01T12:05:14,104.36
2025-03-01T12:05:15,104.38
2025-03-01T12:05:16,103.7
2025-03-01T12:05:17,101.59
,102.28
2025-03-01T12:05:19,102.37
2025-03-01T12:05:20,98.49
2025-03-01T12:05:21,101.73
2025-03-01T12:05:22,105.81
2025-03-01T12:05:23,109.35
2025-03-01T12:05:24,100.46
2025-03-01T12:05:25,112.36
2025-03-01T12:05:26,103.3
2025-03-01T12:05:27,97.56
2025-03-01T12:05:28,100.18
2025-03-01T12:05:29,104.12
2025-03-01T12:05:30,109.31
2025-03-01T12:05:31,101.07
2025-03-01T12:05:32,95.72
2025-03-01T12:05:33,
2025-03-01T12:05:34,102.89
2025-03-01T12:05:35,97.58
2025-03-01T12:05:36,107.32
2025-03-01T12:05:37,103.88
2025-03-01T12:05:38,98.12
2025-03-01T12:05:39,97.14
2025-03-01T12:05:40,100.19
2025-03-01T12:05:41,107.29
2025-03-01T12:05:42,98.73
2025-03-01T12:05:43,94.9
2025-03-01T12:05:44,94.27
2025-03-01T12:05:45,95.16
2025-03-01T12:05:46,104.77
2025-03-01T12:05:47,99.91
2025-03-01T12:05:48,104.91
2025-03-01T12:05:49,97.75
2025-03-01T12:05:50,93.69
2025-03-01T12:05:51,104.43
2025-03-01T12:05:52,102.95
2025-03-01T12:05:53,92.73
2025-03-01T12:05:54,97.06
2025-03-01T12:05:55,101.11
2025-03-01T12:05:56,105.65
2025-03-01T12:05:57,93.88
2025-03-01T12:05:58,92.67
2025-03-01T12:05:59,96.55
2025-03-01T12:06:00,100.37
2025-03-01T12:06:01,100.88
2025-03-01T12:06:02,97.44
2025-03-01T12:06:03,97.33
2025-03-01T12:06:04,95.89
,101.67
2025-03-01T12:06:06,98.89
2025-03-01T12:06:07,100.4
2025-03-01T12:06:08,97.33
2025-03-01T12:06:09,107.07
2025-03-01T12:06:10,97.36
2025-03-01T12:06:11,99.67
2025-03-01T12:06:12,91.36
2025-03-01T12:06:13,98.72
2025-03-01T12:06:14,
2025-03-01T12:06:15,106.31
2025-03-01T12:06:16,92.06
2025-03-01T12:06:17,97.16
2025-03-01T12:06:18,102.09
2025-03-01T12:06:19,88.35
2025-03-01T12:06:20,95.08
2025-03-01T12:06:21,99.73
2025-03-01T12:06:22,107.29
,111.86
2025-03-01T12:06:24,100.8
,97.1
2025-03-01T12:06:26,101.61
2025-03-01T12:06:27,101.45
2025-03-01T12:06:28,94.38
2025-03-01T12:06:29,94.81
2025-03-01T12:06:30,100.44
2025-03-01T12:06:31,100.48
2025-03-01T12:06:32,102.64
2025-03-01T12:06:33,103.46
2025-03-01T12:06:34,102.75
2025-03-01T12:06:35,
2025-03-01T12:06:36,101.2
2025-03-01T12:06:37,106.09
2025-03-01T12:06:38,101.79
2025-03-01T12:06:39,102.83
2025-03-01T12:06:40,97.24
2025-03-01T12:06:41,104.19
2025-03-01T12:06:42,97.09
2025-03-01T12:06:43,96.82
2025-03-01T12:06:44,104.68
2025-03-01T12:06:45,103.6
2025-03-01T12:06:46,106.59
2025-03-01T12:06:47,95.39
2025-03-01T12:06:48,100.62
2025-03-01T12:06:49,103.96
2025-03-01T12:06:50,102.18
2025-03-01T12:06:51,108.55
2025-03-01T12:06:52,88.09
,107.53
2025-03-01T12:06:54,
2025-03-01T12:06:55,96.88
2025-03-01T12:06:56,101.18
2025-03-01T12:06:57,94.78
2025-03-01T12:06:58,95.16
2025-03-01T12:06:59,95.18
2025-03-01T12:07:00,101.93
,96.37
2025-03-01T12:07:02,111.98
2025-03-01T12:07:03,107.4
2025-03-01T12:07:04,100.32
2025-03-01T12:07:05,108.53
2025-03-01T12:07:06,101.6
2025-03-01T12:07:07,99.79
2025-03-01T12:07:08,101.16
2025-03-01T12:07:09,104.88
2025-03-01T12:07:10,93.29
2025-03-01T12:07:11,
2025-03-01T12:07:12,91.42
2025-03-01T12:07:13,102.86
2025-03-01T12:07:14,96.42
2025-03-01T12:07:15,100.11
2025-03-01T12:07:16,93.37
2025-03-01T12:07:17,96.56
2025-03-01T12:07:18,93.89
2025-03-01T12:07:19,108.85
2025-03-01T12:07:20,104.58
2025-03-01T12:07:21,108.5
2025-03-01T12:07:22,91.89
2025-03-01T12:07:23,95.45
2025-03-01T12:07:24,96.99
2025-03-01T12:07:25,104.88
2025-03-01T12:07:26,97.41
2025-03-01T12:07:27,102.74
2025-03-01T12:07:28,99.83
2025-03-01T12:07:29,110.16
2025-03-01T12:07:30,98.28
2025-03-01T12:07:31,106.77
2025-03-01T12:07:32,101.77
2025-03-01T12:07:33,101.3
2025-03-01T12:07:34,100.39
2025-03-01T12:07:35,98.48
2025-03-01T12:07:36,91.77
2025-03-01T12:07:37,93.99
2025-03-01T12:07:38,105.24
2025-03-01T12:07:39,96.27
2025-03-01T12:07:40,96.45
2025-03-01T12:07:41,
2025-03-01T12:07:42,101.01
2025-03-01T12:07:43,103.12
2025-03-01T12:07:44,103.2
2025-03-01T12:07:45,104.49
2025-03-01T12:07:46,97.81
2025-03-01T12:07:47,98.87
2025-03-01T12:07:48,109.69
2025-03-01T12:07:49,105.99
2025-03-01T12:07:50,101.45
2025-03-01T12:07:51,103.67
2025-03-01T12:07:52,95.75
2025-03-01T12:07:53,106.16
2025-03-01T12:07:54,113.51
2025-03-01T12:07:55,95.73
2025-03-01T12:07:56,104.27
2025-03-01T12:07:57,108.66
2025-03-01T12:07:58,95.46
2025-03-01T12:07:59,95.03
2025-03-01T12:08:00,103.5
2025-03-01T12:08:01,98.12
2025-03-01T12:08:02,96.43
2025-03-01T12:08:03,98.95
2025-03-01T12:08:04,104.08
2025-03-01T12:08:05,94.72
2025-03-01T12:08:06,97.81
2025-03-01T12:08:07,90.05
2025-03-01T12:08:08,93.46
2025-03-01T12:08:09,103.42
2025-03-01T12:08:10,101.16
2025-03-01T12:08:11,100.2
2025-03-01T12:08:12,111.24
2025-03-01T12:08:13,101.35
,103.36
2025-03-01T12:08:15,94.86
2025-03-01T12:08:16,98.27
2025-03-01T12:08:17,100.56
2025-03-01T12:08:18,92.03
2025-03-01T12:08:19,104.44
2025-03-01T12:08:20,95.87
2025-03-01T12:08:21,107.57
2025-03-01T12:08:22,99.8
2025-03-01T12:08:23,89.12
2025-03-01T12:08:24,98.9
2025-03-01T12:08:25,104.74
2025-03-01T12:08:26,104.12
2025-03-01T12:08:27,98.11
2025-03-01T12:08:28,
,101.47
2025-03-01T12:08:30,107.18
2025-03-01T12:08:31,99.93
2025-03-01T12:08:32,101.43
2025-03-01T12:08:33,106.4
2025-03-01T12:08:34,106.47
2025-03-01T12:08:35,98.32
2025-03-01T12:08:36,94.9
2025-03-01T12:08:37,107.23
2025-03-01T12:08:38,95.55
2025-03-01T12:08:39,95.41
2025-03-01T12:08:40,99.11
2025-03-01T12:08:41,105.31
2025-03-01T12:08:42,108.66
2025-03-01T12:08:43,93.0
2025-03-01T12:08:44,104.25
2025-03-01T12:08:45,100.71
2025-03-01T12:08:46,
2025-03-01T12:08:47,97.32
2025-03-01T12:08:48,102.58
2025-03-01T12:08:49,105.45
2025-03-01T12:08:50,96.65
2025-03-01T12:08:51,104.61
2025-03-01T12:08:52,112.26
2025-03-01T12:08:53,90.37
2025-03-01T12:08:54,107.28
2025-03-01T12:08:55,99.89
2025-03-01T12:08:56,107.15
2025-03-01T12:08:57,94.45
2025-03-01T12:08:58,94.77
2025-03-01T12:08:59,97.13
2025-03-01T12:09:00,105.13
2025-03-01T12:09:01,107.37
2025-03-01T12:09:02,98.93
2025-03-01T12:09:03,110.03
2025-03-01T12:09:04,99.51
2025-03-01T12:09:05,98.74
2025-03-01T12:09:06,
2025-03-01T12:09:07,105.16
2025-03-01T12:09:08,99.76
2025-03-01T12:09:09,107.49
2025-03-01T12:09:10,95.73
2025-03-01T12:09:11,97.5
2025-03-01T12:09:12,105.54
2025-03-01T12:09:13,96.42
2025-03-01T12:09:14,99.84
2025-03-01T12:09:15,96.73
2025-03-01T12:09:16,92.35
2025-03-01T12:09:17,110.5
2025-03-01T12:09:18,104.19
2025-03-01T12:09:19,100.24
2025-03-01T12:09:20,102.44
2025-03-01T12:09:21,92.97
2025-03-01T12:09:22,103.55
2025-03-01T12:09:23,102.83
2025-03-01T12:09:24,98.63
2025-03-01T12:09:25,100.74
2025-03-01T12:09:26,103.62
2025-03-01T12:09:27,110.0
,100.16
2025-03-01T12:09:29,90.05
2025-03-01T12:09:30,108.45
2025-03-01T12:09:31,104.42
2025-03-01T12:09:32,102.77
2025-03-01T12:09:33,101.45
2025-03-01T12:09:34,97.41
2025-03-01T12:09:35,100.05
2025-03-01T12:09:36,97.47
2025-03-01T12:09:37,98.06
2025-03-01T12:09:38,96.97
2025-03-01T12:09:39,98.49
2025-03-01T12:09:40,103.45
2025-03-01T12:09:41,97.73
2025-03-01T12:09:42,102.97
2025-03-01T12:09:43,109.43
2025-03-01T12:09:44,95.81
2025-03-01T12:09:45,92.65
2025-03-01T12:09:46,114.01
2025-03-01T12:09:47,100.74
2025-03-01T12:09:48,103.72
2025-03-01T12:09:49,104.86
2025-03-01T12:09:50,102.82
2025-03-01T12:09:51,100.33
2025-03-01T12:09:52,98.57
2025-03-01T12:09:53,99.28
2025-03-01T12:09:54,103.95
2025-03-01T12:09:55,100.95
2025-03-01T12:09:56,96.1
2025-03-01T12:09:57,107.72
2025-03-01T12:09:58,95.54
2025-03-01T12:09:59,
2025-03-01T12:10:00,103.69
2025-03-01T12:10:01,96.93
2025-03-01T12:10:02,109.62
2025-03-01T12:10:03,96.55
2025-03-01T12:10:04,90.19
2025-03-01T12:10:05,95.96
2025-03-01T12:10:06,97.7
2025-03-01T12:10:07,101.01
2025-03-01T12:10:08,92.77
2025-03-01T12:10:09,104.51
2025-03-01T12:10:10,92.86
2025-03-01T12:10:11,103.5
2025-03-01T12:10:12,94.54
2025-03-01T12:10:13,100.05
2025-03-01T12:10:14,96.85
2025-03-01T12:10:15,95.46
2025-03-01T12:10:16,98.91
2025-03-01T12:10:17,91.17
2025-03-01T12:10:18,103.03
2025-03-01T12:10:19,103.09
2025-03-01T12:10:20,
2025-03-01T12:10:21,102.91
,98.61
2025-03-01T12:10:23,98.76
2025-03-01T12:10:24,105.07
2025-03-01T12:10:25,103.04
2025-03-01T12:10:26,100.45
2025-03-01T12:10:27,99.59
2025-03-01T12:10:28,92.47
2025-03-01T12:10:29,107.53
2025-03-01T12:10:30,97.28
2025-03-01T12:10:31,96.43
2025-03-01T12:10:32,99.96
2025-03-01T12:10:33,95.85
2025-03-01T12:10:34,97.88
2025-03-01T12:10:35,105.05
2025-03-01T12:10:36,99.52
2025-03-01T12:10:37,96.3
2025-03-01T12:10:38,108.48
2025-03-01T12:10:39,93.18
2025-03-01T12:10:40,99.53
2025-03-01T12:10:41,91.23
2025-03-01T12:10:42,102.68
2025-03-01T12:10:43,106.8
2025-03-01T12:10:44,100.12
2025-03-01T12:10:45,98.57
2025-03-01T12:10:46,109.8
2025-03-01T12:10:47,99.4
2025-03-01T12:10:48,101.87
2025-03-01T12:10:49,101.22
2025-03-01T12:10:50,95.77
2025-03-01T12:10:51,107.07
2025-03-01T12:10:52,99.66
2025-03-01T12:10:53,93.32
2025-03-01T12:10:54,90.73
2025-03-01T12:10:55,100.9
2025-03-01T12:10:56,97.01
2025-03-01T12:10:57,97.46
2025-03-01T12:10:58,98.05
2025-03-01T12:10:59,110.49
2025-03-01T12:11:00,101.41
2025-03-01T12:11:01,94.8
2025-03-01T12:11:02,99.21
2025-03-01T12:11:03,96.17
2025-03-01T12:11:04,103.42
2025-03-01T12:11:05,98.99
2025-03-01T12:11:06,100.19
2025-03-01T12:11:07,105.57
2025-03-01T12:11:08,99.28
2025-03-01T12:11:09,99.68
2025-03-01T12:11:10,99.38
2025-03-01T12:11:11,105.67
2025-03-01T12:11:12,93.09
2025-03-01T12:11:13,101.33
2025-03-01T12:11:14,94.52
2025-03-01T12:11:15,105.24
2025-03-01T12:11:16,102.82
2025-03-01T12:11:17,91.79
2025-03-01T12:11:18,98.65
2025-03-01T12:11:19,99.14
2025-03-01T12:11:20,97.37
2025-03-01T12:11:21,110.94
2025-03-01T12:11:22,99.67
2025-03-01T12:11:23,92.89
2025-03-01T12:11:24,106.78
2025-03-01T12:11:25,102.04
2025-03-01T12:11:26,102.98
2025-03-01T12:11:27,99.73
2025-03-01T12:11:28,99.18
2025-03-01T12:11:29,100.63
2025-03-01T12:11:30,100.41
2025-03-01T12:11:31,105.51
2025-03-01T12:11:32,98.37
2025-03-01T12:11:33,93.5
2025-03-01T12:11:34,98.07
2025-03-01T12:11:35,98.83
2025-03-01T12:11:36,95.23
2025-03-01T12:11:37,97.11
2025-03-01T12:11:38,100.41
2025-03-01T12:11:39,102.21
2025-03-01T12:11:40,109.47
2025-03-01T12:11:41,93.49
2025-03-01T12:11:42,104.69
,112.91
2025-03-01T12:11:44,95.41
2025-03-01T12:11:45,111.6
2025-03-01T12:11:46,98.88
2025-03-01T12:11:47,101.8
2025-03-01T12:11:48,97.99
2025-03-01T12:11:49,96.25
2025-03-01T12:11:50,89.19
2025-03-01T12:11:51,107.22
2025-03-01T12:11:52,96.62
2025-03-01T12:11:53,100.62
2025-03-01T12:11:54,98.54
2025-03-01T12:11:55,103.08
2025-03-01T12:11:56,106.76
2025-03-01T12:11:57,103.31
2025-03-01T12:11:58,104.57
2025-03-01T12:11:59,94.02
2025-03-01T12:12:00,91.15
2025-03-01T12:12:01,106.79
2025-03-01T12:12:02,98.04
2025-03-01T12:12:03,99.54
2025-03-01T12:12:04,101.03
2025-03-01T12:12:05,101.68
2025-03-01T12:12:06,105.03
2025-03-01T12:12:07,94.74
2025-03-01T12:12:08,106.63
2025-03-01T12:12:09,96.75
2025-03-01T12:12:10,99.37
,96.78
2025-03-01T12:12:12,97.19
2025-03-01T12:12:13,97.96
2025-03-01T12:12:14,100.95
2025-03-01T12:12:15,103.99
2025-03-01T12:12:16,98.64
2025-03-01T12:12:17,101.67
2025-03-01T12:12:18,104.46
2025-03-01T12:12:19,102.14
2025-03-01T12:12:20,105.96
2025-03-01T12:12:21,102.8
2025-03-01T12:12:22,98.53
2025-03-01T12:12:23,100.19
2025-03-01T12:12:24,94.64
2025-03-01T12:12:25,100.69
2025-03-01T12:12:26,103.33
2025-03-01T12:12:27,110.31
2025-03-01T12:12:28,100.12
2025-03-01T12:12:29,105.33
2025-03-01T12:12:30,98.43
2025-03-01T12:12:31,99.82
2025-03-01T12:12:32,100.97
2025-03-01T12:12:33,105.4
2025-03-01T12:12:34,102.72
2025-03-01T12:12:35,105.27
2025-03-01T12:12:36,102.69
2025-03-01T12:12:37,101.85
2025-03-01T12:12:38,94.26
2025-03-01T12:12:39,104.18
2025-03-01T12:12:40,103.87
2025-03-01T12:12:41,100.03
2025-03-01T12:12:42,107.24
2025-03-01T12:12:43,105.99
2025-03-01T12:12:44,101.45
2025-03-01T12:12:45,100.02
2025-03-01T12:12:46,97.14
2025-03-01T12:12:47,101.91
2025-03-01T12:12:48,93.45
2025-03-01T12:12:49,102.9
,105.89
2025-03-01T12:12:51,101.14
2025-03-01T12:12:52,98.45
2025-03-01T12:12:53,105.38
2025-03-01T12:12:54,95.98
2025-03-01T12:12:55,95.91
2025-03-01T12:12:56,101.75
2025-03-01T12:12:57,88.07
2025-03-01T12:12:58,95.02
2025-03-01T12:12:59,100.1
2025-03-01T12:13:00,109.18
2025-03-01T12:13:01,98.76
2025-03-01T12:13:02,105.93
2025-03-01T12:13:03,97.37
2025-03-01T12:13:04,95.14
2025-03-01T12:13:05,90.63
2025-03-01T12:13:06,97.9
2025-03-01T12:13:07,97.45
2025-03-01T12:13:08,94.76
2025-03-01T12:13:09,105.74
2025-03-01T12:13:10,104.08
2025-03-01T12:13:11,98.04
2025-03-01T12:13:12,103.56
2025-03-01T12:13:13,101.76
2025-03-01T12:13:14,
2025-03-01T12:13:15,101.69
2025-03-01T12:13:16,93.14
2025-03-01T12:13:17,99.5
2025-03-01T12:13:18,102.38
2025-03-01T12:13:19,105.21
2025-03-01T12:13:20,93.87
2025-03-01T12:13:21,106.15
2025-03-01T12:13:22,92.34
2025-03-01T12:13:23,101.44
2025-03-01T12:13:24,94.75
2025-03-01T12:13:25,101.35
2025-03-01T12:13:26,106.46
2025-03-01T12:13:27,102.85
2025-03-01T12:13:28,98.77
2025-03-01T12:13:29,103.95
2025-03-01T12:13:30,88.84
2025-03-01T12:13:31,102.79
2025-03-01T12:13:32,96.55
2025-03-01T12:13:33,96.73
2025-03-01T12:13:34,96.42
2025-03-01T12:13:35,93.4
2025-03-01T12:13:36,101.91
2025-03-01T12:13:37,95.18
2025-03-01T12:13:38,104.45
2025-03-01T12:13:39,99.41
2025-03-01T12:13:40,96.24
2025-03-01T12:13:41,99.75
2025-03-01T12:13:42,107.38
2025-03-01T12:13:43,93.37
2025-03-01T12:13:44,106.83
2025-03-01T12:13:45,98.98
2025-03-01T12:13:46,
2025-03-01T12:13:47,100.53
2025-03-01T12:13:48,99.93
2025-03-01T12:13:49,100.96
2025-03-01T12:13:50,99.83
2025-03-01T12:13:51,99.05
2025-03-01T12:13:52,107.65
2025-03-01T12:13:53,89.43
2025-03-01T12:13:54,105.58
2025-03-01T12:13:55,95.23
2025-03-01T12:13:56,104.21
2025-03-01T12:13:57,107.79
2025-03-01T12:13:58,100.71
2025-03-01T12:13:59,102.6
2025-03-01T12:14:00,92.52
2025-03-01T12:14:01,108.26
2025-03-01T12:14:02,
2025-03-01T12:14:03,98.4
2025-03-01T12:14:04,94.07
2025-03-01T12:14:05,99.03
2025-03-01T12:14:06,98.01
2025-03-01T12:14:07,100.4
2025-03-01T12:14:08,105.33
2025-03-01T12:14:09,101.88
2025-03-01T12:14:10,100.79
2025-03-01T12:14:11,96.25
2025-03-01T12:14:12,94.34
2025-03-01T12:14:13,94.83
2025-03-01T12:14:14,100.34
2025-03-01T12:14:15,94.89
2025-03-01T12:14:16,91.76
2025-03-01T12:14:17,98.97
2025-03-01T12:14:18,106.78
2025-03-01T12:14:19,98.38
2025-03-01T12:14:20,102.05
2025-03-01T12:14:21,103.77
2025-03-01T12:14:22,99.67
2025-03-01T12:14:23,93.92
2025-03-01T12:14:24,91.96
2025-03-01T12:14:25,104.6
2025-03-01T12:14:26,96.74
2025-03-01T12:14:27,101.41
2025-03-01T12:14:28,95.21
2025-03-01T12:14:29,89.67
2025-03-01T12:14:30,97.99
2025-03-01T12:14:31,101.26
2025-03-01T12:14:32,94.62
2025-03-01T12:14:33,94.38
2025-03-01T12:14:34,100.68
2025-03-01T12:14:35,102.31
2025-03-01T12:14:36,104.48
2025-03-01T12:14:37,99.63
2025-03-01T12:14:38,96.35
2025-03-01T12:14:39,101.73
2025-03-01T12:14:40,106.98
2025-03-01T12:14:41,98.35
2025-03-01T12:14:42,99.59
2025-03-01T12:14:43,102.85
2025-03-01T12:14:44,98.79
2025-03-01T12:14:45,99.98
2025-03-01T12:14:46,99.57
2025-03-01T12:14:47,91.08
2025-03-01T12:14:48,95.13
2025-03-01T12:14:49,92.97
2025-03-01T12:14:50,97.81
2025-03-01T12:14:51,104.12
2025-03-01T12:14:52,97.47
2025-03-01T12:14:53,105.04
2025-03-01T12:14:54,95.24
2025-03-01T12:14:55,101.0
2025-03-01T12:14:56,97.15
2025-03-01T12:14:57,91.36
2025-03-01T12:14:58,97.9
2025-03-01T12:14:59,99.55
2025-03-01T12:15:00,95.06
2025-03-01T12:15:01,98.31
2025-03-01T12:15:02,113.27
2025-03-01T12:15:03,108.56
2025-03-01T12:15:04,93.85
2025-03-01T12:15:05,101.51
2025-03-01T12:15:06,102.54
2025-03-01T12:15:07,99.75
2025-03-01T12:15:08,96.57
2025-03-01T12:15:09,
,95.55
2025-03-01T12:15:11,99.21
2025-03-01T12:15:12,99.35
2025-03-01T12:15:13,96.96
2025-03-01T12:15:14,107.93
2025-03-01T12:15:15,99.29
2025-03-01T12:15:16,102.25
2025-03-01T12:15:17,108.33
2025-03-01T12:15:18,102.2
2025-03-01T12:15:19,
2025-03-01T12:15:20,103.86
2025-03-01T12:15:21,104.08
2025-03-01T12:15:22,104.56
2025-03-01T12:15:23,102.45
2025-03-01T12:15:24,96.58
2025-03-01T12:15:25,97.85
2025-03-01T12:15:26,100.7
2025-03-01T12:15:27,100.35
2025-03-01T12:15:28,104.66
2025-03-01T12:15:29,102.51
2025-03-01T12:15:30,96.16
2025-03-01T12:15:31,91.18
2025-03-01T12:15:32,94.76
2025-03-01T12:15:33,111.43
,98.43
2025-03-01T12:15:35,93.18
2025-03-01T12:15:36,102.66
2025-03-01T12:15:37,90.48
2025-03-01T12:15:38,91.51
2025-03-01T12:15:39,91.0
2025-03-01T12:15:40,93.99
2025-03-01T12:15:41,107.0
2025-03-01T12:15:42,101.15
2025-03-01T12:15:43,103.77
2025-03-01T12:15:44,101.49
2025-03-01T12:15:45,88.19
2025-03-01T12:15:46,103.3
2025-03-01T12:15:47,96.74
2025-03-01T12:15:48,100.57
2025-03-01T12:15:49,98.98
,100.01
,102.3
2025-03-01T12:15:52,104.06
2025-03-01T12:15:53,103.36
2025-03-01T12:15:54,100.5
2025-03-01T12:15:55,105.03
2025-03-01T12:15:56,107.66
2025-03-01T12:15:57,100.07
2025-03-01T12:15:58,98.16
2025-03-01T12:15:59,91.78
2025-03-01T12:16:00,102.97
2025-03-01T12:16:01,95.24
2025-03-01T12:16:02,95.18
2025-03-01T12:16:03,101.18
2025-03-01T12:16:04,106.41
2025-03-01T12:16:05,91.7
2025-03-01T12:16:06,97.34
2025-03-01T12:16:07,
2025-03-01T12:16:08,99.55
2025-03-01T12:16:09,96.41
2025-03-01T12:16:10,
2025-03-01T12:16:11,94.93
2025-03-01T12:16:12,100.26
2025-03-01T12:16:13,97.28
2025-03-01T12:16:14,107.88
2025-03-01T12:16:15,109.06
2025-03-01T12:16:16,98.6
2025-03-01T12:16:17,96.89
2025-03-01T12:16:18,92.81
2025-03-01T12:16:19,99.05
2025-03-01T12:16:20,97.79
2025-03-01T12:16:21,111.87
2025-03-01T12:16:22,106.05
2025-03-01T12:16:23,104.08
2025-03-01T12:16:24,97.67
2025-03-01T12:16:25,96.8
2025-03-01T12:16:26,100.01
2025-03-01T12:16:27,92.94
2025-03-01T12:16:28,95.21
2025-03-01T12:16:29,99.1
2025-03-01T12:16:30,105.24
2025-03-01T12:16:31,100.34
2025-03-01T12:16:32,103.29
2025-03-01T12:16:33,103.84
2025-03-01T12:16:34,92.98
2025-03-01T12:16:35,100.1
2025-03-01T12:16:36,98.02
2025-03-01T12:16:37,102.23
2025-03-01T12:16:38,105.11
2025-03-01T12:16:39,95.67
2025-03-01T12:16:40,99.05
2025-03-01T12:16:41,98.36
2025-03-01T12:16:42,95.11
2025-03-01T12:16:43,98.84
2025-03-01T12:16:44,102.17
2025-03-01T12:16:45,97.9
2025-03-01T12:16:46,107.86
2025-03-01T12:16:47,102.68
2025-03-01T12:16:48,95.18
2025-03-01T12:16:49,102.94
2025-03-01T12:16:50,102.36
2025-03-01T12:16:51,97.91
2025-03-01T12:16:52,104.24
2025-03-01T12:16:53,103.16
2025-03-01T12:16:54,99.14
2025-03-01T12:16:55,108.94
2025-03-01T12:16:56,100.62
2025-03-01T12:16:57,95.87
2025-03-01T12:16:58,105.51
2025-03-01T12:16:59,98.2
2025-03-01T12:17:00,99.79
2025-03-01T12:17:01,104.74
2025-03-01T12:17:02,90.23
2025-03-01T12:17:03,93.47
2025-03-01T12:17:04,100.9
2025-03-01T12:17:05,97.53
2025-03-01T12:17:06,98.97
2025-03-01T12:17:07,103.85
2025-03-01T12:17:08,96.5
2025-03-01T12:17:09,106.82
2025-03-01T12:17:10,96.36
2025-03-01T12:17:11,97.97
2025-03-01T12:17:12,107.58
2025-03-01T12:17:13,91.1
2025-03-01T12:17:14,96.42
2025-03-01T12:17:15,94.91
2025-03-01T12:17:16,98.41
2025-03-01T12:17:17,97.22
2025-03-01T12:17:18,98.47
2025-03-01T12:17:19,98.99
2025-03-01T12:17:20,97.47
2025-03-01T12:17:21,98.76
2025-03-01T12:17:22,99.18
2025-03-01T12:17:23,100.44
2025-03-01T12:17:24,103.81
2025-03-01T12:17:25,97.45
2025-03-01T12:17:26,110.35
2025-03-01T12:17:27,101.24
2025-03-01T12:17:28,101.35
2025-03-01T12:17:29,97.52
2025-03-01T12:17:30,95.71
2025-03-01T12:17:31,95.85
2025-03-01T12:17:32,102.96
2025-03-01T12:17:33,96.31
2025-03-01T12:17:34,87.31
2025-03-01T12:17:35,98.68
2025-03-01T12:17:36,97.95
2025-03-01T12:17:37,105.49
2025-03-01T12:17:38,98.63
2025-03-01T12:17:39,104.16
2025-03-01T12:17:40,96.01
,89.12
2025-03-01T12:17:42,99.07
2025-03-01T12:17:43,105.32
2025-03-01T12:17:44,103.85
2025-03-01T12:17:45,101.0
2025-03-01T12:17:46,100.67
2025-03-01T12:17:47,103.26
2025-03-01T12:17:48,105.2
2025-03-01T12:17:49,103.03
2025-03-01T12:17:50,101.52
2025-03-01T12:17:51,99.08
2025-03-01T12:17:52,103.62
2025-03-01T12:17:53,101.33
2025-03-01T12:17:54,98.75
2025-03-01T12:17:55,103.21
2025-03-01T12:17:56,101.64
2025-03-01T12:17:57,96.34
2025-03-01T12:17:58,110.51
2025-03-01T12:17:59,92.03
2025-03-01T12:18:00,99.86
2025-03-01T12:18:01,104.6
2025-03-01T12:18:02,101.16
2025-03-01T12:18:03,103.96
2025-03-01T12:18:04,95.3
2025-03-01T12:18:05,99.2
2025-03-01T12:18:06,108.86
2025-03-01T12:18:07,97.95
2025-03-01T12:18:08,101.1
2025-03-01T12:18:09,103.37
2025-03-01T12:18:10,99.83
2025-03-01T12:18:11,105.8
2025-03-01T12:18:12,95.62
2025-03-01T12:18:13,97.86
2025-03-01T12:18:14,102.76
2025-03-01T12:18:15,102.77
2025-03-01T12:18:16,100.75
2025-03-01T12:18:17,100.09
2025-03-01T12:18:18,100.56
2025-03-01T12:18:19,105.39
2025-03-01T12:18:20,100.71
2025-03-01T12:18:21,98.87
2025-03-01T12:18:22,
2025-03-01T12:18:23,104.93
2025-03-01T12:18:24,105.43
2025-03-01T12:18:25,92.84
2025-03-01T12:18:26,106.39
2025-03-01T12:18:27,91.41
2025-03-01T12:18:28,106.26
2025-03-01T12:18:29,103.59
2025-03-01T12:18:30,100.11
2025-03-01T12:18:31,102.35
2025-03-01T12:18:32,100.11
2025-03-01T12:18:33,98.83
2025-03-01T12:18:34,88.77
2025-03-01T12:18:35,100.25
2025-03-01T12:18:36,94.53
2025-03-01T12:18:37,94.45
2025-03-01T12:18:38,102.28
2025-03-01T12:18:39,102.55
2025-03-01T12:18:40,96.45
2025-03-01T12:18:41,103.42
2025-03-01T12:18:42,100.5
2025-03-01T12:18:43,104.73
2025-03-01T12:18:44,100.61
2025-03-01T12:18:45,100.2
2025-03-01T12:18:46,107.95
2025-03-01T12:18:47,96.15
2025-03-01T12:18:48,101.33
2025-03-01T12:18:49,100.13
2025-03-01T12:18:50,106.82
2025-03-01T12:18:51,105.27
2025-03-01T12:18:52,101.41
2025-03-01T12:18:53,103.59
2025-03-01T12:18:54,105.85
2025-03-01T12:18:55,98.57
2025-03-01T12:18:56,103.41
2025-03-01T12:18:57,97.03
2025-03-01T12:18:58,98.83
2025-03-01T12:18:59,95.65
2025-03-01T12:19:00,92.95
2025-03-01T12:19:01,99.36
2025-03-01T12:19:02,105.77
2025-03-01T12:19:03,99.43
2025-03-01T12:19:04,97.4
2025-03-01T12:19:05,
2025-03-01T12:19:06,98.63
2025-03-01T12:19:07,105.1
,115.71
2025-03-01T12:19:09,92.44
2025-03-01T12:19:10,92.04
2025-03-01T12:19:11,90.59
2025-03-01T12:19:12,92.3
2025-03-01T12:19:13,102.05
2025-03-01T12:19:14,102.78
2025-03-01T12:19:15,105.27
2025-03-01T12:19:16,
2025-03-01T12:19:17,100.58
2025-03-01T12:19:18,103.08
2025-03-01T12:19:19,102.76
2025-03-01T12:19:20,95.45
2025-03-01T12:19:21,98.4
2025-03-01T12:19:22,93.75
2025-03-01T12:19:23,91.48
2025-03-01T12:19:24,101.71
,101.8
2025-03-01T12:19:26,106.22
2025-03-01T12:19:27,101.47
2025-03-01T12:19:28,106.19
2025-03-01T12:19:29,100.58
2025-03-01T12:19:30,96.97
2025-03-01T12:19:31,98.48
2025-03-01T12:19:32,89.56
2025-03-01T12:19:33,105.88
2025-03-01T12:19:34,100.1
2025-03-01T12:19:35,99.32
2025-03-01T12:19:36,97.57
2025-03-01T12:19:37,94.37
2025-03-01T12:19:38,113.83
2025-03-01T12:19:39,102.9
2025-03-01T12:19:40,99.65
2025-03-01T12:19:41,106.71
2025-03-01T12:19:42,92.68
2025-03-01T12:19:43,99.49
,105.65
2025-03-01T12:19:45,95.36
2025-03-01T12:19:46,94.37
2025-03-01T12:19:47,90.88
2025-03-01T12:19:48,98.85
2025-03-01T12:19:49,103.19
2025-03-01T12:19:50,100.49
2025-03-01T12:19:51,100.32
2025-03-01T12:19:52,100.16
2025-03-01T12:19:53,109.35
2025-03-01T12:19:54,99.47
2025-03-01T12:19:55,93.8
2025-03-01T12:19:56,94.47
2025-03-01T12:19:57,
2025-03-01T12:19:58,103.57
2025-03-01T12:19:59,102.58
,96.68
2025-03-01T12:20:01,104.15
2025-03-01T12:20:02,93.93
,98.55
2025-03-01T12:20:04,103.9
2025-03-01T12:20:05,104.92
2025-03-01T12:20:06,101.84
2025-03-01T12:20:07,105.35
2025-03-01T12:20:08,103.03
2025-03-01T12:20:09,94.35
2025-03-01T12:20:10,96.31
2025-03-01T12:20:11,
2025-03-01T12:20:12,96.0
2025-03-01T12:20:13,97.21
2025-03-01T12:20:14,95.07
2025-03-01T12:20:15,95.85
2025-03-01T12:20:16,95.54
2025-03-01T12:20:17,101.51
2025-03-01T12:20:18,95.47
2025-03-01T12:20:19,103.91
2025-03-01T12:20:20,104.24
2025-03-01T12:20:21,94.64
2025-03-01T12:20:22,104.51
,97.07
2025-03-01T12:20:24,99.75
2025-03-01T12:20:25,100.2
2025-03-01T12:20:26,103.79
2025-03-01T12:20:27,101.05
2025-03-01T12:20:28,100.33
2025-03-01T12:20:29,100.21
2025-03-01T12:20:30,96.1
2025-03-01T12:20:31,105.43
2025-03-01T12:20:32,106.49
2025-03-01T12:20:33,101.42
2025-03-01T12:20:34,104.64
2025-03-01T12:20:35,100.15
2025-03-01T12:20:36,97.84
2025-03-01T12:20:37,102.64
2025-03-01T12:20:38,102.93
2025-03-01T12:20:39,99.99
2025-03-01T12:20:40,97.64
2025-03-01T12:20:41,103.9
2025-03-01T12:20:42,103.38
2025-03-01T12:20:43,102.98
2025-03-01T12:20:44,102.13
2025-03-01T12:20:45,94.71
2025-03-01T12:20:46,97.58
2025-03-01T12:20:47,96.09
2025-03-01T12:20:48,101.57
2025-03-01T12:20:49,97.85
2025-03-01T12:20:50,94.94
2025-03-01T12:20:51,102.4
2025-03-01T12:20:52,97.14
2025-03-01T12:20:53,100.2
2025-03-01T12:20:54,104.47
2025-03-01T12:20:55,99.27
2025-03-01T12:20:56,99.47
2025-03-01T12:20:57,99.94
2025-03-01T12:20:58,113.45
2025-03-01T12:20:59,101.28
,109.27
2025-03-01T12:21:01,99.97
2025-03-01T12:21:02,94.47
2025-03-01T12:21:03,91.7
2025-03-01T12:21:04,107.61
2025-03-01T12:21:05,98.8
2025-03-01T12:21:06,97.5
2025-03-01T12:21:07,95.0
2025-03-01T12:21:08,102.5
2025-03-01T12:21:09,104.08
2025-03-01T12:21:10,107.37
2025-03-01T12:21:11,93.16
2025-03-01T12:21:12,97.7
2025-03-01T12:21:13,90.12
2025-03-01T12:21:14,101.79
2025-03-01T12:21:15,91.66
2025-03-01T12:21:16,95.5
2025-03-01T12:21:17,102.03
2025-03-01T12:21:18,100.71
2025-03-01T12:21:19,91.36
2025-03-01T12:21:20,98.16
,92.23
2025-03-01T12:21:22,104.23
2025-03-01T12:21:23,94.2
2025-03-01T12:21:24,111.82
2025-03-01T12:21:25,99.17
2025-03-01T12:21:26,102.13
2025-03-01T12:21:27,98.94
2025-03-01T12:21:28,99.09
2025-03-01T12:21:29,98.4
2025-03-01T12:21:30,104.72
2025-03-01T12:21:31,99.94
2025-03-01T12:21:32,100.5
2025-03-01T12:21:33,102.2
2025-03-01T12:21:34,101.05
2025-03-01T12:21:35,92.97
2025-03-01T12:21:36,97.73
2025-03-01T12:21:37,112.61
2025-03-01T12:21:38,106.28
2025-03-01T12:21:39,95.29
2025-03-01T12:21:40,98.92
2025-03-01T12:21:41,99.72
2025-03-01T12:21:42,99.46
2025-03-01T12:21:43,101.67
2025-03-01T12:21:44,107.82
2025-03-01T12:21:45,104.19
2025-03-01T12:21:46,103.71
2025-03-01T12:21:47,98.29
2025-03-01T12:21:48,101.77
2025-03-01T12:21:49,110.74
2025-03-01T12:21:50,
2025-03-01T12:21:51,101.79
2025-03-01T12:21:52,99.96
2025-03-01T12:21:53,93.73
2025-03-01T12:21:54,98.52
2025-03-01T12:21:55,95.37
2025-03-01T12:21:56,119.28
2025-03-01T12:21:57,100.95
2025-03-01T12:21:58,103.18
2025-03-01T12:21:59,97.33
2025-03-01T12:22:00,97.36
2025-03-01T12:22:01,88.46
2025-03-01T12:22:02,94.64
2025-03-01T12:22:03,104.29
2025-03-01T12:22:04,96.59
2025-03-01T12:22:05,97.56
2025-03-01T12:22:06,106.39
2025-03-01T12:22:07,106.78
2025-03-01T12:22:08,105.63
2025-03-01T12:22:09,98.8
2025-03-01T12:22:10,100.11
2025-03-01T12:22:11,97.32
2025-03-01T12:22:12,96.87
2025-03-01T12:22:13,106.59
2025-03-01T12:22:14,94.97
2025-03-01T12:22:15,106.0
2025-03-01T12:22:16,103.0
2025-03-01T12:22:17,
2025-03-01T12:22:18,100.64
,103.28
2025-03-01T12:22:20,95.94
2025-03-01T12:22:21,101.72
2025-03-01T12:22:22,107.99
2025-03-01T12:22:23,93.0
2025-03-01T12:22:24,113.05
2025-03-01T12:22:25,102.5
2025-03-01T12:22:26,95.24
2025-03-01T12:22:27,108.39
2025-03-01T12:22:28,99.08
2025-03-01T12:22:29,104.41
2025-03-01T12:22:30,95.61
2025-03-01T12:22:31,94.91
2025-03-01T12:22:32,100.14
2025-03-01T12:22:33,96.13
2025-03-01T12:22:34,100.74
2025-03-01T12:22:35,97.9
2025-03-01T12:22:36,98.77
2025-03-01T12:22:37,97.54
2025-03-01T12:22:38,95.1
2025-03-01T12:22:39,100.68
2025-03-01T12:22:40,92.49
2025-03-01T12:22:41,92.89
2025-03-01T12:22:42,98.3
2025-03-01T12:22:43,97.84
2025-03-01T12:22:44,111.3
2025-03-01T12:22:45,101.03
2025-03-01T12:22:46,95.04
2025-03-01T12:22:47,103.62
2025-03-01T12:22:48,97.95
2025-03-01T12:22:49,104.16
2025-03-01T12:22:50,98.75
,99.12
2025-03-01T12:22:52,106.26
2025-03-01T12:22:53,106.92
,91.78
2025-03-01T12:22:55,103.09
2025-03-01T12:22:56,93.5
2025-03-01T12:22:57,98.94
2025-03-01T12:22:58,98.03
2025-03-01T12:22:59,95.04
2025-03-01T12:23:00,101.43
2025-03-01T12:23:01,97.3
2025-03-01T12:23:02,93.55
2025-03-01T12:23:03,93.85
2025-03-01T12:23:04,94.74
2025-03-01T12:23:05,93.16
2025-03-01T12:23:06,102.56
2025-03-01T12:23:07,101.3
2025-03-01T12:23:08,98.04
2025-03-01T12:23:09,
2025-03-01T12:23:10,97.23
2025-03-01T12:23:11,103.98
2025-03-01T12:23:12,97.01
2025-03-01T12:23:13,94.56
2025-03-01T12:23:14,100.34
2025-03-01T12:23:15,104.56
2025-03-01T12:23:16,100.03
2025-03-01T12:23:17,104.24
2025-03-01T12:23:18,99.67
2025-03-01T12:23:19,106.5
2025-03-01T12:23:20,100.52
2025-03-01T12:23:21,104.1
2025-03-01T12:23:22,99.22
2025-03-01T12:23:23,107.96
2025-03-01T12:23:24,91.97
2025-03-01T12:23:25,99.05
2025-03-01T12:23:26,99.17
2025-03-01T12:23:27,102.0
2025-03-01T12:23:28,92.08
2025-03-01T12:23:29,94.61
2025-03-01T12:23:30,95.46
2025-03-01T12:23:31,89.73
2025-03-01T12:23:32,98.02
2025-03-01T12:23:33,97.78
2025-03-01T12:23:34,107.11
2025-03-01T12:23:35,95.68
2025-03-01T12:23:36,87.14
2025-03-01T12:23:37,103.47
2025-03-01T12:23:38,101.99
2025-03-01T12:23:39,99.62
2025-03-01T12:23:40,97.42
2025-03-01T12:23:41,104.32
2025-03-01T12:23:42,92.91
2025-03-01T12:23:43,109.55
2025-03-01T12:23:44,107.42
2025-03-01T12:23:45,99.72
2025-03-01T12:23:46,95.37
2025-03-01T12:23:47,96.93
,99.23
2025-03-01T12:23:49,90.67
2025-03-01T12:23:50,99.69
2025-03-01T12:23:51,108.49
2025-03-01T12:23:52,112.19
2025-03-01T12:23:53,100.83
2025-03-01T12:23:54,98.01
2025-03-01T12:23:55,96.71
2025-03-01T12:23:56,103.6
2025-03-01T12:23:57,104.11
2025-03-01T12:23:58,110.46
2025-03-01T12:23:59,96.54
2025-03-01T12:24:00,97.09
2025-03-01T12:24:01,104.43
2025-03-01T12:24:02,99.62
2025-03-01T12:24:03,98.5
2025-03-01T12:24:04,96.47
2025-03-01T12:24:05,94.38
2025-03-01T12:24:06,101.02
2025-03-01T12:24:07,100.48
2025-03-01T12:24:08,98.86
2025-03-01T12:24:09,101.86
2025-03-01T12:24:10,102.94
2025-03-01T12:24:11,96.07
2025-03-01T12:24:12,
2025-03-01T12:24:13,102.09
2025-03-01T12:24:14,99.46
2025-03-01T12:24:15,85.53
2025-03-01T12:24:16,100.42
2025-03-01T12:24:17,92.58
2025-03-01T12:24:18,103.44
2025-03-01T12:24:19,100.14
,102.26
2025-03-01T12:24:21,101.04
2025-03-01T12:24:22,95.4
2025-03-01T12:24:23,
2025-03-01T12:24:24,104.39
2025-03-01T12:24:25,96.58
2025-03-01T12:24:26,107.46
2025-03-01T12:24:27,102.77
2025-03-01T12:24:28,97.52
2025-03-01T12:24:29,96.78
,106.63
2025-03-01T12:24:31,105.85
2025-03-01T12:24:32,101.53
2025-03-01T12:24:33,100.08
2025-03-01T12:24:34,100.0
2025-03-01T12:24:35,101.29
2025-03-01T12:24:36,103.58
2025-03-01T12:24:37,94.98
2025-03-01T12:24:38,94.15
2025-03-01T12:24:39,103.03
2025-03-01T12:24:40,102.03
2025-03-01T12:24:41,98.75
2025-03-01T12:24:42,94.84
2025-03-01T12:24:43,
2025-03-01T12:24:44,111.56
2025-03-01T12:24:45,95.44
2025-03-01T12:24:46,97.99
2025-03-01T12:24:47,107.39
2025-03-01T12:24:48,101.14
2025-03-01T12:24:49,93.53
2025-03-01T12:24:50,103.06
2025-03-01T12:24:51,100.45
2025-03-01T12:24:52,104.96
2025-03-01T12:24:53,102.39
2025-03-01T12:24:54,101.32
2025-03-01T12:24:55,97.1
2025-03-01T12:24:56,103.49
2025-03-01T12:24:57,96.77
2025-03-01T12:24:58,101.42
2025-03-01T12:24:59,87.18
2025-03-01T12:25:00,97.07
2025-03-01T12:25:01,86.9
2025-03-01T12:25:02,97.68
2025-03-01T12:25:03,100.53
2025-03-01T12:25:04,105.29
2025-03-01T12:25:05,109.8
2025-03-01T12:25:06,105.76
2025-03-01T12:25:07,104.17
2025-03-01T12:25:08,102.77
2025-03-01T12:25:09,90.12
2025-03-01T12:25:10,96.69
2025-03-01T12:25:11,100.24
2025-03-01T12:25:12,97.14
2025-03-01T12:25:13,100.24
2025-03-01T12:25:14,106.47
2025-03-01T12:25:15,
2025-03-01T12:25:16,112.28
2025-03-01T12:25:17,102.19
2025-03-01T12:25:18,100.97
2025-03-01T12:25:19,97.76
2025-03-01T12:25:20,97.77
2025-03-01T12:25:21,102.65
2025-03-01T12:25:22,89.67
2025-03-01T12:25:23,
2025-03-01T12:25:24,104.26
2025-03-01T12:25:25,106.07
2025-03-01T12:25:26,96.25
2025-03-01T12:25:27,98.14
2025-03-01T12:25:28,94.86
2025-03-01T12:25:29,101.13
2025-03-01T12:25:30,100.1
2025-03-01T12:25:31,99.52
2025-03-01T12:25:32,97.73
2025-03-01T12:25:33,89.36
2025-03-01T12:25:34,97.39
2025-03-01T12:25:35,99.88
2025-03-01T12:25:36,95.75
2025-03-01T12:25:37,100.88
2025-03-01T12:25:38,99.85
2025-03-01T12:25:39,99.98
2025-03-01T12:25:40,102.72
2025-03-01T12:25:41,98.47
2025-03-01T12:25:42,96.75
2025-03-01T12:25:43,93.69
2025-03-01T12:25:44,99.58
2025-03-01T12:25:45,106.37
2025-03-01T12:25:46,105.86
2025-03-01T12:25:47,104.66
2025-03-01T12:25:48,102.59
2025-03-01T12:25:49,98.14
2025-03-01T12:25:50,100.54
2025-03-01T12:25:51,99.5
2025-03-01T12:25:52,98.28
,94.07
2025-03-01T12:25:54,108.92
2025-03-01T12:25:55,101.23
2025-03-01T12:25:56,94.96
2025-03-01T12:25:57,109.2
2025-03-01T12:25:58,105.98
2025-03-01T12:25:59,101.82
2025-03-01T12:26:00,99.68
2025-03-01T12:26:01,93.59
2025-03-01T12:26:02,93.27
2025-03-01T12:26:03,109.71
2025-03-01T12:26:04,104.09
2025-03-01T12:26:05,110.97
2025-03-01T12:26:06,98.79
2025-03-01T12:26:07,102.84
2025-03-01T12:26:08,107.2
2025-03-01T12:26:09,100.41
2025-03-01T12:26:10,100.21
2025-03-01T12:26:11,108.47
,101.43
2025-03-01T12:26:13,105.88
2025-03-01T12:26:14,87.35
2025-03-01T12:26:15,93.21
2025-03-01T12:26:16,101.45
2025-03-01T12:26:17,96.77
2025-03-01T12:26:18,
2025-03-01T12:26:19,103.22
2025-03-01T12:26:20,100.54
2025-03-01T12:26:21,101.01
2025-03-01T12:26:22,101.85
2025-03-01T12:26:23,105.09
,108.63
2025-03-01T12:26:25,101.71
2025-03-01T12:26:26,99.95
2025-03-01T12:26:27,101.09
2025-03-01T12:26:28,100.54
2025-03-01T12:26:29,106.74
2025-03-01T12:26:30,88.62
2025-03-01T12:26:31,91.88
2025-03-01T12:26:32,106.02
2025-03-01T12:26:33,102.76
2025-03-01T12:26:34,97.08
2025-03-01T12:26:35,106.3
2025-03-01T12:26:36,104.26
2025-03-01T12:26:37,105.63
2025-03-01T12:26:38,100.55
2025-03-01T12:26:39,99.71
2025-03-01T12:26:40,104.05
2025-03-01T12:26:41,
2025-03-01T12:26:42,101.36
2025-03-01T12:26:43,109.91
2025-03-01T12:26:44,100.64
2025-03-01T12:26:45,94.94
2025-03-01T12:26:46,108.89
2025-03-01T12:26:47,103.32
2025-03-01T12:26:48,100.19
2025-03-01T12:26:49,100.8
2025-03-01T12:26:50,105.2
2025-03-01T12:26:51,103.8
2025-03-01T12:26:52,106.61
2025-03-01T12:26:53,101.05
2025-03-01T12:26:54,88.93
2025-03-01T12:26:55,
2025-03-01T12:26:56,87.12
2025-03-01T12:26:57,103.5
2025-03-01T12:26:58,100.36
2025-03-01T12:26:59,90.64
2025-03-01T12:27:00,100.06
2025-03-01T12:27:01,104.0
2025-03-01T12:27:02,
2025-03-01T12:27:03,100.21
2025-03-01T12:27:04,
2025-03-01T12:27:05,102.07
2025-03-01T12:27:06,102.75
2025-03-01T12:27:07,94.46
2025-03-01T12:27:08,106.34
2025-03-01T12:27:09,112.6
2025-03-01T12:27:10,93.72
2025-03-01T12:27:11,102.22
2025-03-01T12:27:12,103.64
2025-03-01T12:27:13,104.18
2025-03-01T12:27:14,90.58
2025-03-01T12:27:15,101.48
2025-03-01T12:27:16,108.09
2025-03-01T12:27:17,94.45
2025-03-01T12:27:18,101.46
2025-03-01T12:27:19,110.79
2025-03-01T12:27:20,101.12
2025-03-01T12:27:21,92.28
2025-03-01T12:27:22,105.15
2025-03-01T12:27:23,94.25
2025-03-01T12:27:24,104.05
2025-03-01T12:27:25,102.04
2025-03-01T12:27:26,99.72
2025-03-01T12:27:27,102.62
2025-03-01T12:27:28,94.78
2025-03-01T12:27:29,100.49
2025-03-01T12:27:30,88.51
2025-03-01T12:27:31,105.25
,96.67
2025-03-01T12:27:33,105.39
2025-03-01T12:27:34,95.25
2025-03-01T12:27:35,102.32
2025-03-01T12:27:36,103.83
2025-03-01T12:27:37,103.35
2025-03-01T12:27:38,97.33
2025-03-01T12:27:39,103.03
2025-03-01T12:27:40,95.79
2025-03-01T12:27:41,97.24
2025-03-01T12:27:42,103.49
2025-03-01T12:27:43,105.99
2025-03-01T12:27:44,99.86
2025-03-01T12:27:45,104.44
2025-03-01T12:27:46,98.55
2025-03-01T12:27:47,96.72
2025-03-01T12:27:48,96.23
2025-03-01T12:27:49,102.55
2025-03-01T12:27:50,93.74
2025-03-01T12:27:51,101.67
2025-03-01T12:27:52,91.53
2025-03-01T12:27:53,99.3
2025-03-01T12:27:54,102.25
2025-03-01T12:27:55,105.86
2025-03-01T12:27:56,103.01
2025-03-01T12:27:57,97.19
2025-03-01T12:27:58,102.46
2025-03-01T12:27:59,103.55
2025-03-01T12:28:00,93.47
2025-03-01T12:28:01,93.55
2025-03-01T12:28:02,94.31
2025-03-01T12:28:03,101.18
2025-03-01T12:28:04,110.07
2025-03-01T12:28:05,100.97
2025-03-01T12:28:06,98.39
2025-03-01T12:28:07,99.25
,95.27
2025-03-01T12:28:09,93.88
2025-03-01T12:28:10,99.15
2025-03-01T12:28:11,97.25
2025-03-01T12:28:12,102.06
2025-03-01T12:28:13,96.35
2025-03-01T12:28:14,106.88
2025-03-01T12:28:15,
2025-03-01T12:28:16,100.09
2025-03-01T12:28:17,101.53
2025-03-01T12:28:18,106.99
2025-03-01T12:28:19,105.16
2025-03-01T12:28:20,98.58
2025-03-01T12:28:21,105.51
2025-03-01T12:28:22,94.69
2025-03-01T12:28:23,102.74
2025-03-01T12:28:24,93.02
2025-03-01T12:28:25,101.56
2025-03-01T12:28:26,102.9
2025-03-01T12:28:27,95.89
2025-03-01T12:28:28,102.81
2025-03-01T12:28:29,105.21
2025-03-01T12:28:30,97.98
2025-03-01T12:28:31,102.36
2025-03-01T12:28:32,104.2
2025-03-01T12:28:33,97.82
2025-03-01T12:28:34,109.57
2025-03-01T12:28:35,96.1
,97.25
2025-03-01T12:28:37,106.34
2025-03-01T12:28:38,98.92
2025-03-01T12:28:39,102.18
2025-03-01T12:28:40,104.24
2025-03-01T12:28:41,101.34
2025-03-01T12:28:42,93.77
2025-03-01T12:28:43,100.84
2025-03-01T12:28:44,94.64
,102.0
2025-03-01T12:28:46,102.75
2025-03-01T12:28:47,98.57
2025-03-01T12:28:48,96.52
2025-03-01T12:28:49,98.54
2025-03-01T12:28:50,95.97
2025-03-01T12:28:51,109.74
2025-03-01T12:28:52,101.05
2025-03-01T12:28:53,99.14
2025-03-01T12:28:54,90.39
2025-03-01T12:28:55,102.17
2025-03-01T12:28:56,97.09
2025-03-01T12:28:57,100.03
2025-03-01T12:28:58,98.96
2025-03-01T12:28:59,104.87
2025-03-01T12:29:00,115.7
2025-03-01T12:29:01,113.02
2025-03-01T12:29:02,93.38
2025-03-01T12:29:03,96.43
2025-03-01T12:29:04,103.83
2025-03-01T12:29:05,102.19
,98.38
2025-03-01T12:29:07,98.08
2025-03-01T12:29:08,95.92
2025-03-01T12:29:09,96.93
2025-03-01T12:29:10,98.73
2025-03-01T12:29:11,98.74
2025-03-01T12:29:12,90.63
2025-03-01T12:29:13,102.55
2025-03-01T12:29:14,101.53
2025-03-01T12:29:15,101.43
2025-03-01T12:29:16,106.52
2025-03-01T12:29:17,104.93
2025-03-01T12:29:18,87.67
2025-03-01T12:29:19,107.35
2025-03-01T12:29:20,103.4
2025-03-01T12:29:21,109.45
2025-03-01T12:29:22,102.6
2025-03-01T12:29:23,100.22
2025-03-01T12:29:24,92.02
2025-03-01T12:29:25,97.01
2025-03-01T12:29:26,104.6
2025-03-01T12:29:27,95.25
2025-03-01T12:29:28,95.27
2025-03-01T12:29:29,103.19
2025-03-01T12:29:30,100.31
,100.03
2025-03-01T12:29:32,94.52
2025-03-01T12:29:33,96.26
2025-03-01T12:29:34,100.49
2025-03-01T12:29:35,105.33
2025-03-01T12:29:36,100.24
2025-03-01T12:29:37,96.12
2025-03-01T12:29:38,97.96
2025-03-01T12:29:39,102.3
2025-03-01T12:29:40,98.74
2025-03-01T12:29:41,95.31
2025-03-01T12:29:42,100.82
2025-03-01T12:29:43,105.17
2025-03-01T12:29:44,94.32
2025-03-01T12:29:45,107.94
2025-03-01T12:29:46,97.0
2025-03-01T12:29:47,105.23
2025-03-01T12:29:48,110.49
2025-03-01T12:29:49,100.91
2025-03-01T12:29:50,99.29
2025-03-01T12:29:51,
2025-03-01T12:29:52,96.69
2025-03-01T12:29:53,95.12
2025-03-01T12:29:54,91.39
2025-03-01T12:29:55,101.87
2025-03-01T12:29:56,
2025-03-01T12:29:57,96.24
2025-03-01T12:29:58,101.98
2025-03-01T12:29:59,102.09
2025-03-01T12:30:00,99.68
2025-03-01T12:30:01,99.46
2025-03-01T12:30:02,95.94
2025-03-01T12:30:03,107.17
2025-03-01T12:30:04,95.86
2025-03-01T12:30:05,97.57
2025-03-01T12:30:06,
2025-03-01T12:30:07,113.48
2025-03-01T12:30:08,100.86
2025-03-01T12:30:09,104.76
2025-03-01T12:30:10,98.21
2025-03-01T12:30:11,104.11
2025-03-01T12:30:12,110.23
2025-03-01T12:30:13,98.04
2025-03-01T12:30:14,98.2
2025-03-01T12:30:15,110.7
2025-03-01T12:30:16,94.54
2025-03-01T12:30:17,102.5
2025-03-01T12:30:18,100.24
2025-03-01T12:30:19,93.9
2025-03-01T12:30:20,102.99
2025-03-01T12:30:21,112.68
2025-03-01T12:30:22,97.84
2025-03-01T12:30:23,97.36
2025-03-01T12:30:24,95.93
2025-03-01T12:30:25,100.63
2025-03-01T12:30:26,96.44
2025-03-01T12:30:27,101.49
2025-03-01T12:30:28,96.99
2025-03-01T12:30:29,101.7
2025-03-01T12:30:30,104.95
2025-03-01T12:30:31,92.87
,102.11
2025-03-01T12:30:33,93.02
2025-03-01T12:30:34,98.84
2025-03-01T12:30:35,102.64
2025-03-01T12:30:36,99.54
2025-03-01T12:30:37,102.63
2025-03-01T12:30:38,106.48
2025-03-01T12:30:39,102.06
2025-03-01T12:30:40,96.75
2025-03-01T12:30:41,98.32
2025-03-01T12:30:42,101.52
2025-03-01T12:30:43,97.42
2025-03-01T12:30:44,91.88
2025-03-01T12:30:45,94.78
2025-03-01T12:30:46,104.52
2025-03-01T12:30:47,115.56
2025-03-01T12:30:48,93.65
2025-03-01T12:30:49,95.65
2025-03-01T12:30:50,93.66
2025-03-01T12:30:51,97.68
2025-03-01T12:30:52,93.6
2025-03-01T12:30:53,101.88
,110.21
2025-03-01T12:30:55,98.8
2025-03-01T12:30:56,100.73
2025-03-01T12:30:57,95.22
2025-03-01T12:30:58,97.29
2025-03-01T12:30:59,99.18
2025-03-01T12:31:00,99.82
2025-03-01T12:31:01,101.95
2025-03-01T12:31:02,106.5
2025-03-01T12:31:03,98.91
2025-03-01T12:31:04,101.08
2025-03-01T12:31:05,97.12
2025-03-01T12:31:06,96.6
2025-03-01T12:31:07,91.41
2025-03-01T12:31:08,105.08
2025-03-01T12:31:09,108.33
2025-03-01T12:31:10,99.39
2025-03-01T12:31:11,97.18
2025-03-01T12:31:12,101.55
2025-03-01T12:31:13,104.94
2025-03-01T12:31:14,103.94
2025-03-01T12:31:15,104.26
2025-03-01T12:31:16,96.19
2025-03-01T12:31:17,96.6
2025-03-01T12:31:18,96.16
2025-03-01T12:31:19,100.94
2025-03-01T12:31:20,102.0
2025-03-01T12:31:21,98.59
2025-03-01T12:31:22,103.68
2025-03-01T12:31:23,101.45
2025-03-01T12:31:24,96.9
2025-03-01T12:31:25,99.5
2025-03-01T12:31:26,103.8
2025-03-01T12:31:27,106.04
2025-03-01T12:31:28,96.3
2025-03-01T12:31:29,93.97
2025-03-01T12:31:30,100.96
2025-03-01T12:31:31,94.77
,99.2
2025-03-01T12:31:33,102.82
2025-03-01T12:31:34,90.62
,100.55
2025-03-01T12:31:36,90.0
2025-03-01T12:31:37,94.49
2025-03-01T12:31:38,105.16
2025-03-01T12:31:39,107.04
2025-03-01T12:31:40,101.6
2025-03-01T12:31:41,97.39
2025-03-01T12:31:42,101.0
2025-03-01T12:31:43,97.85
2025-03-01T12:31:44,90.16
2025-03-01T12:31:45,103.17
2025-03-01T12:31:46,96.74
2025-03-01T12:31:47,107.99
2025-03-01T12:31:48,99.44
2025-03-01T12:31:49,108.87
2025-03-01T12:31:50,105.83
2025-03-01T12:31:51,100.34
2025-03-01T12:31:52,102.17
2025-03-01T12:31:53,102.09
2025-03-01T12:31:54,102.92
2025-03-01T12:31:55,98.3
2025-03-01T12:31:56,106.47
2025-03-01T12:31:57,
2025-03-01T12:31:58,95.22
2025-03-01T12:31:59,101.84
2025-03-01T12:32:00,106.59
2025-03-01T12:32:01,95.9
2025-03-01T12:32:02,100.17
2025-03-01T12:32:03,99.95
2025-03-01T12:32:04,92.04
2025-03-01T12:32:05,98.91
2025-03-01T12:32:06,88.89
2025-03-01T12:32:07,93.15
2025-03-01T12:32:08,93.47
2025-03-01T12:32:09,110.05
2025-03-01T12:32:10,95.3
2025-03-01T12:32:11,96.17
2025-03-01T12:32:12,102.59
2025-03-01T12:32:13,100.32
2025-03-01T12:32:14,105.78
2025-03-01T12:32:15,104.53
2025-03-01T12:32:16,113.92
2025-03-01T12:32:17,98.92
2025-03-01T12:32:18,104.9
2025-03-01T12:32:19,97.6
2025-03-01T12:32:20,98.53
2025-03-01T12:32:21,99.29
2025-03-01T12:32:22,92.5
2025-03-01T12:32:23,98.32
2025-03-01T12:32:24,104.87
2025-03-01T12:32:25,106.43
2025-03-01T12:32:26,95.87
2025-03-01T12:32:27,90.79
2025-03-01T12:32:28,106.56
2025-03-01T12:32:29,101.3
2025-03-01T12:32:30,104.06
2025-03-01T12:32:31,101.01
2025-03-01T12:32:32,101.86
2025-03-01T12:32:33,99.15
2025-03-01T12:32:34,98.82
2025-03-01T12:32:35,103.4
2025-03-01T12:32:36,98.82
2025-03-01T12:32:37,98.07
2025-03-01T12:32:38,91.72
2025-03-01T12:32:39,97.46
2025-03-01T12:32:40,103.61
2025-03-01T12:32:41,104.57
,103.66
2025-03-01T12:32:43,96.34
2025-03-01T12:32:44,109.77
2025-03-01T12:32:45,100.3
2025-03-01T12:32:46,98.68
2025-03-01T12:32:47,101.19
2025-03-01T12:32:48,99.92
2025-03-01T12:32:49,90.79
2025-03-01T12:32:50,104.13
2025-03-01T12:32:51,100.07
2025-03-01T12:32:52,94.4
,96.71
2025-03-01T12:32:54,101.95
2025-03-01T12:32:55,90.18
2025-03-01T12:32:56,100.32
2025-03-01T12:32:57,100.68
2025-03-01T12:32:58,
2025-03-01T12:32:59,103.21
2025-03-01T12:33:00,107.14
,99.15
2025-03-01T12:33:02,92.09
2025-03-01T12:33:03,107.52
2025-03-01T12:33:04,95.32
2025-03-01T12:33:05,
2025-03-01T12:33:06,92.85
2025-03-01T12:33:07,102.11
2025-03-01T12:33:08,106.28
2025-03-01T12:33:09,101.28
2025-03-01T12:33:10,101.98
2025-03-01T12:33:11,107.55
2025-03-01T12:33:12,96.2
2025-03-01T12:33:13,105.87
2025-03-01T12:33:14,100.26
2025-03-01T12:33:15,100.46
2025-03-01T12:33:16,99.65
2025-03-01T12:33:17,100.54
2025-03-01T12:33:18,104.68
2025-03-01T12:33:19,99.13
2025-03-01T12:33:20,96.0
,96.33
,99.7
2025-03-01T12:33:23,110.1
2025-03-01T12:33:24,99.85
2025-03-01T12:33:25,94.9
2025-03-01T12:33:26,101.02
2025-03-01T12:33:27,101.09
2025-03-01T12:33:28,100.91
2025-03-01T12:33:29,89.77
2025-03-01T12:33:30,100.06
2025-03-01T12:33:31,94.78
2025-03-01T12:33:32,102.39
2025-03-01T12:33:33,90.96
2025-03-01T12:33:34,99.56
2025-03-01T12:33:35,93.09
2025-03-01T12:33:36,103.9
2025-03-01T12:33:37,92.83
2025-03-01T12:33:38,96.96
2025-03-01T12:33:39,101.14
2025-03-01T12:33:40,100.85
2025-03-01T12:33:41,95.56
2025-03-01T12:33:42,103.73
2025-03-01T12:33:43,100.84
2025-03-01T12:33:44,110.28
2025-03-01T12:33:45,94.62
2025-03-01T12:33:46,100.72
2025-03-01T12:33:47,103.1
2025-03-01T12:33:48,100.94
2025-03-01T12:33:49,104.67
2025-03-01T12:33:50,97.06
2025-03-01T12:33:51,96.27
2025-03-01T12:33:52,95.04
2025-03-01T12:33:53,105.51
2025-03-01T12:33:54,103.04
2025-03-01T12:33:55,95.72
2025-03-01T12:33:56,102.62
2025-03-01T12:33:57,105.41
2025-03-01T12:33:58,103.5
2025-03-01T12:33:59,90.79
2025-03-01T12:34:00,100.39
2025-03-01T12:34:01,94.43
2025-03-01T12:34:02,101.47
2025-03-01T12:34:03,92.57
2025-03-01T12:34:04,93.25
2025-03-01T12:34:05,107.3
2025-03-01T12:34:06,108.33
2025-03-01T12:34:07,102.65
2025-03-01T12:34:08,100.31
2025-03-01T12:34:09,111.53
2025-03-01T12:34:10,96.64
2025-03-01T12:34:11,98.18
2025-03-01T12:34:12,114.46
2025-03-01T12:34:13,104.07
2025-03-01T12:34:14,108.5
2025-03-01T12:34:15,105.73
2025-03-01T12:34:16,107.05
2025-03-01T12:34:17,93.42
2025-03-01T12:34:18,94.98
2025-03-01T12:34:19,103.79
2025-03-01T12:34:20,102.57
2025-03-01T12:34:21,97.08
,94.94
2025-03-01T12:34:23,102.79
2025-03-01T12:34:24,100.32
2025-03-01T12:34:25,93.8
2025-03-01T12:34:26,104.11
2025-03-01T12:34:27,99.64
2025-03-01T12:34:28,98.37
2025-03-01T12:34:29,91.46
2025-03-01T12:34:30,105.01
2025-03-01T12:34:31,96.53
2025-03-01T12:34:32,96.34
2025-03-01T12:34:33,100.41
2025-03-01T12:34:34,96.41
2025-03-01T12:34:35,101.3
2025-03-01T12:34:36,95.32
2025-03-01T12:34:37,102.69
2025-03-01T12:34:38,104.39
2025-03-01T12:34:39,95.0
2025-03-01T12:34:40,102.14
2025-03-01T12:34:41,108.35
2025-03-01T12:34:42,98.08
2025-03-01T12:34:43,99.71
2025-03-01T12:34:44,104.04
2025-03-01T12:34:45,91.75
2025-03-01T12:34:46,97.29
2025-03-01T12:34:47,91.78
2025-03-01T12:34:48,103.03
2025-03-01T12:34:49,94.31
2025-03-01T12:34:50,97.25
2025-03-01T12:34:51,104.38
2025-03-01T12:34:52,113.27
2025-03-01T12:34:53,94.99
2025-03-01T12:34:54,102.35
2025-03-01T12:34:55,100.83
2025-03-01T12:34:56,95.92
2025-03-01T12:34:57,101.92
2025-03-01T12:34:58,100.0
2025-03-01T12:34:59,101.22
2025-03-01T12:35:00,104.88
2025-03-01T12:35:01,107.37
2025-03-01T12:35:02,97.86
2025-03-01T12:35:03,
2025-03-01T12:35:04,99.84
2025-03-01T12:35:05,104.59
2025-03-01T12:35:06,96.64
2025-03-01T12:35:07,106.17
2025-03-01T12:35:08,102.06
2025-03-01T12:35:09,93.78
2025-03-01T12:35:10,100.23
2025-03-01T12:35:11,102.07
2025-03-01T12:35:12,98.84
2025-03-01T12:35:13,98.46
2025-03-01T12:35:14,94.03
2025-03-01T12:35:15,102.24
2025-03-01T12:35:16,101.51
2025-03-01T12:35:17,100.21
2025-03-01T12:35:18,106.92
2025-03-01T12:35:19,102.81
2025-03-01T12:35:20,93.13
2025-03-01T12:35:21,100.94
2025-03-01T12:35:22,99.64
2025-03-01T12:35:23,95.25
,102.57
2025-03-01T12:35:25,103.64
2025-03-01T12:35:26,96.98
2025-03-01T12:35:27,92.6
2025-03-01T12:35:28,98.0
2025-03-01T12:35:29,98.74
2025-03-01T12:35:30,104.66
2025-03-01T12:35:31,95.19
2025-03-01T12:35:32,111.13
2025-03-01T12:35:33,93.53
2025-03-01T12:35:34,100.87
2025-03-01T12:35:35,98.45
2025-03-01T12:35:36,100.38
2025-03-01T12:35:37,100.66
2025-03-01T12:35:38,99.29
2025-03-01T12:35:39,98.07
2025-03-01T12:35:40,102.06
2025-03-01T12:35:41,99.62
2025-03-01T12:35:42,96.43
2025-03-01T12:35:43,
2025-03-01T12:35:44,99.22
2025-03-01T12:35:45,100.79
2025-03-01T12:35:46,95.49
2025-03-01T12:35:47,102.84
2025-03-01T12:35:48,106.43
2025-03-01T12:35:49,100.61
2025-03-01T12:35:50,112.45
2025-03-01T12:35:51,105.27
2025-03-01T12:35:52,100.81
2025-03-01T12:35:53,102.73
2025-03-01T12:35:54,102.33
2025-03-01T12:35:55,92.69
2025-03-01T12:35:56,106.37
2025-03-01T12:35:57,88.29
2025-03-01T12:35:58,99.74
2025-03-01T12:35:59,102.34
2025-03-01T12:36:00,93.97
2025-03-01T12:36:01,95.22
2025-03-01T12:36:02,104.87
2025-03-01T12:36:03,103.74
2025-03-01T12:36:04,104.09
2025-03-01T12:36:05,98.2
2025-03-01T12:36:06,95.33
2025-03-01T12:36:07,99.74
2025-03-01T12:36:08,99.44
2025-03-01T12:36:09,107.46
,97.02
2025-03-01T12:36:11,97.46
2025-03-01T12:36:12,101.18
2025-03-01T12:36:13,100.43
2025-03-01T12:36:14,100.87
2025-03-01T12:36:15,103.78
2025-03-01T12:36:16,100.41
2025-03-01T12:36:17,94.88
2025-03-01T12:36:18,101.61
2025-03-01T12:36:19,
2025-03-01T12:36:20,96.4
2025-03-01T12:36:21,106.71
2025-03-01T12:36:22,99.71
2025-03-01T12:36:23,102.81
2025-03-01T12:36:24,109.62
2025-03-01T12:36:25,106.69
2025-03-01T12:36:26,94.17
2025-03-01T12:36:27,103.31
2025-03-01T12:36:28,99.17
2025-03-01T12:36:29,104.83
2025-03-01T12:36:30,101.96
2025-03-01T12:36:31,107.03
2025-03-01T12:36:32,98.97
2025-03-01T12:36:33,89.25
2025-03-01T12:36:34,93.91
2025-03-01T12:36:35,104.5
2025-03-01T12:36:36,91.9
2025-03-01T12:36:37,98.18
2025-03-01T12:36:38,98.81
2025-03-01T12:36:39,97.19
2025-03-01T12:36:40,100.9
2025-03-01T12:36:41,
2025-03-01T12:36:42,100.88
2025-03-01T12:36:43,98.25
2025-03-01T12:36:44,102.29
2025-03-01T12:36:45,
2025-03-01T12:36:46,102.46
2025-03-01T12:36:47,97.51
2025-03-01T12:36:48,100.73
2025-03-01T12:36:49,95.72
2025-03-01T12:36:50,107.11
2025-03-01T12:36:51,103.44
2025-03-01T12:36:52,91.23
2025-03-01T12:36:53,101.34
2025-03-01T12:36:54,102.07
2025-03-01T12:36:55,95.15
2025-03-01T12:36:56,107.26
2025-03-01T12:36:57,106.0
2025-03-01T12:36:58,111.93
2025-03-01T12:36:59,105.38
2025-03-01T12:37:00,95.53
2025-03-01T12:37:01,103.95
2025-03-01T12:37:02,88.98
2025-03-01T12:37:03,96.42
2025-03-01T12:37:04,100.2
2025-03-01T12:37:05,104.99
2025-03-01T12:37:06,95.94
2025-03-01T12:37:07,103.23
,90.76
2025-03-01T12:37:09,95.14
2025-03-01T12:37:10,100.17
2025-03-01T12:37:11,102.68
2025-03-01T12:37:12,105.53
2025-03-01T12:37:13,94.4
2025-03-01T12:37:14,102.52
2025-03-01T12:37:15,103.92
2025-03-01T12:37:16,88.53
2025-03-01T12:37:17,95.78
2025-03-01T12:37:18,98.0
2025-03-01T12:37:19,105.67
2025-03-01T12:37:20,100.76
2025-03-01T12:37:21,97.19
2025-03-01T12:37:22,102.1
2025-03-01T12:37:23,91.02
2025-03-01T12:37:24,98.36
2025-03-01T12:37:25,100.47
2025-03-01T12:37:26,101.74
2025-03-01T12:37:27,
2025-03-01T12:37:28,99.26
2025-03-01T12:37:29,102.22
2025-03-01T12:37:30,109.31
2025-03-01T12:37:31,105.27
2025-03-01T12:37:32,106.46
2025-03-01T12:37:33,104.78
2025-03-01T12:37:34,105.42
2025-03-01T12:37:35,97.35
2025-03-01T12:37:36,99.33
2025-03-01T12:37:37,104.37
2025-03-01T12:37:38,103.06
2025-03-01T12:37:39,97.85
2025-03-01T12:37:40,91.88
2025-03-01T12:37:41,102.78
2025-03-01T12:37:42,99.14
2025-03-01T12:37:43,97.25
2025-03-01T12:37:44,102.58
2025-03-01T12:37:45,101.01
2025-03-01T12:37:46,103.77
2025-03-01T12:37:47,103.16
2025-03-01T12:37:48,
2025-03-01T12:37:49,90.64
2025-03-01T12:37:50,102.7
2025-03-01T12:37:51,99.61
2025-03-01T12:37:52,104.08
2025-03-01T12:37:53,100.09
,
2025-03-01T12:37:55,100.16
2025-03-01T12:37:56,101.08
2025-03-01T12:37:57,102.36
2025-03-01T12:37:58,103.35
2025-03-01T12:37:59,95.99
2025-03-01T12:38:00,97.76
2025-03-01T12:38:01,106.46
2025-03-01T12:38:02,111.1
2025-03-01T12:38:03,95.36
2025-03-01T12:38:04,110.85
2025-03-01T12:38:05,84.55
2025-03-01T12:38:06,104.31
2025-03-01T12:38:07,101.0
2025-03-01T12:38:08,96.84
2025-03-01T12:38:09,99.91
2025-03-01T12:38:10,101.42
2025-03-01T12:38:11,96.06
2025-03-01T12:38:12,106.28
2025-03-01T12:38:13,99.35
2025-03-01T12:38:14,97.72
2025-03-01T12:38:15,100.25
2025-03-01T12:38:16,93.62
2025-03-01T12:38:17,102.17
2025-03-01T12:38:18,104.09
,106.88
2025-03-01T12:38:20,90.97
2025-03-01T12:38:21,
2025-03-01T12:38:22,94.21
2025-03-01T12:38:23,92.43
2025-03-01T12:38:24,97.11
2025-03-01T12:38:25,111.83
2025-03-01T12:38:26,91.94
2025-03-01T12:38:27,103.81
2025-03-01T12:38:28,102.18
2025-03-01T12:38:29,98.61
2025-03-01T12:38:30,97.19
2025-03-01T12:38:31,99.96
2025-03-01T12:38:32,95.0
2025-03-01T12:38:33,101.08
2025-03-01T12:38:34,102.63
2025-03-01T12:38:35,100.92
2025-03-01T12:38:36,
2025-03-01T12:38:37,104.44
2025-03-01T12:38:38,104.04
2025-03-01T12:38:39,100.54
2025-03-01T12:38:40,104.64
2025-03-01T12:38:41,98.57
2025-03-01T12:38:42,104.4
2025-03-01T12:38:43,100.02
2025-03-01T12:38:44,95.25
2025-03-01T12:38:45,92.25
2025-03-01T12:38:46,95.31
2025-03-01T12:38:47,105.71
2025-03-01T12:38:48,95.49
2025-03-01T12:38:49,101.74
2025-03-01T12:38:50,105.07
2025-03-01T12:38:51,97.45
2025-03-01T12:38:52,101.86
2025-03-01T12:38:53,
2025-03-01T12:38:54,99.66
2025-03-01T12:38:55,106.55
2025-03-01T12:38:56,102.98
2025-03-01T12:38:57,100.01
2025-03-01T12:38:58,95.28
2025-03-01T12:38:59,102.13
2025-03-01T12:39:00,101.71
2025-03-01T12:39:01,100.0
2025-03-01T12:39:02,102.93
2025-03-01T12:39:03,85.14
2025-03-01T12:39:04,94.12
2025-03-01T12:39:05,100.93
2025-03-01T12:39:06,96.09
2025-03-01T12:39:07,108.91
2025-03-01T12:39:08,94.84
2025-03-01T12:39:09,101.33
2025-03-01T12:39:10,101.59
2025-03-01T12:39:11,101.64
2025-03-01T12:39:12,92.55
2025-03-01T12:39:13,99.01
2025-03-01T12:39:14,100.25
2025-03-01T12:39:15,94.21
2025-03-01T12:39:16,107.81
2025-03-01T12:39:17,98.16
2025-03-01T12:39:18,98.96
2025-03-01T12:39:19,95.14
2025-03-01T12:39:20,109.54
2025-03-01T12:39:21,102.15
2025-03-01T12:39:22,96.55
2025-03-01T12:39:23,105.42
2025-03-01T12:39:24,107.15
2025-03-01T12:39:25,100.92
2025-03-01T12:39:26,93.63
2025-03-01T12:39:27,95.45
2025-03-01T12:39:28,102.19
2025-03-01T12:39:29,94.14
2025-03-01T12:39:30,98.41
2025-03-01T12:39:31,91.89
2025-03-01T12:39:32,99.35
2025-03-01T12:39:33,97.93
2025-03-01T12:39:34,95.23
,107.97
2025-03-01T12:39:36,104.5
2025-03-01T12:39:37,109.98
2025-03-01T12:39:38,95.61
2025-03-01T12:39:39,106.2
2025-03-01T12:39:40,98.09
2025-03-01T12:39:41,110.51
2025-03-01T12:39:42,99.72
2025-03-01T12:39:43,99.8
2025-03-01T12:39:44,88.34
2025-03-01T12:39:45,99.92
2025-03-01T12:39:46,92.19
2025-03-01T12:39:47,94.85
2025-03-01T12:39:48,99.97
2025-03-01T12:39:49,94.62
2025-03-01T12:39:50,98.42
2025-03-01T12:39:51,100.59
2025-03-01T12:39:52,96.72
2025-03-01T12:39:53,93.28
2025-03-01T12:39:54,104.55
2025-03-01T12:39:55,104.25
2025-03-01T12:39:56,102.18
2025-03-01T12:39:57,96.53
2025-03-01T12:39:58,105.5
2025-03-01T12:39:59,104.88
2025-03-01T12:40:00,98.39
2025-03-01T12:40:01,104.88
2025-03-01T12:40:02,101.54
2025-03-01T12:40:03,91.09
2025-03-01T12:40:04,91.99
2025-03-01T12:40:05,104.03
2025-03-01T12:40:06,105.44
2025-03-01T12:40:07,103.36
2025-03-01T12:40:08,92.64
2025-03-01T12:40:09,101.01
2025-03-01T12:40:10,100.3
2025-03-01T12:40:11,102.58
2025-03-01T12:40:12,96.56
2025-03-01T12:40:13,
2025-03-01T12:40:14,99.19
2025-03-01T12:40:15,111.41
2025-03-01T12:40:16,95.65
2025-03-01T12:40:17,95.19
,102.0
2025-03-01T12:40:19,99.34
2025-03-01T12:40:20,100.49
2025-03-01T12:40:21,97.05
2025-03-01T12:40:22,100.22
2025-03-01T12:40:23,95.17
2025-03-01T12:40:24,98.37
2025-03-01T12:40:25,98.59
2025-03-01T12:40:26,91.98
2025-03-01T12:40:27,102.03
2025-03-01T12:40:28,100.05
2025-03-01T12:40:29,106.85
2025-03-01T12:40:30,94.27
2025-03-01T12:40:31,96.96
2025-03-01T12:40:32,102.68
2025-03-01T12:40:33,102.71
2025-03-01T12:40:34,95.69
2025-03-01T12:40:35,93.17
2025-03-01T12:40:36,105.55
2025-03-01T12:40:37,105.88
2025-03-01T12:40:38,93.96
2025-03-01T12:40:39,89.1
2025-03-01T12:40:40,98.23
2025-03-01T12:40:41,98.17
2025-03-01T12:40:42,91.62
2025-03-01T12:40:43,97.28
2025-03-01T12:40:44,102.9
2025-03-01T12:40:45,89.98
2025-03-01T12:40:46,90.42
2025-03-01T12:40:47,97.02
2025-03-01T12:40:48,95.37
2025-03-01T12:40:49,98.37
2025-03-01T12:40:50,96.6
2025-03-01T12:40:51,96.82
2025-03-01T12:40:52,86.53
2025-03-01T12:40:53,102.24
2025-03-01T12:40:54,102.09
2025-03-01T12:40:55,99.55
2025-03-01T12:40:56,101.71
2025-03-01T12:40:57,93.6
2025-03-01T12:40:58,100.83
2025-03-01T12:40:59,107.18
2025-03-01T12:41:00,103.08
2025-03-01T12:41:01,102.75
2025-03-01T12:41:02,98.18
2025-03-01T12:41:03,103.27
2025-03-01T12:41:04,102.16
2025-03-01T12:41:05,99.15
2025-03-01T12:41:06,105.85
2025-03-01T12:41:07,101.63
2025-03-01T12:41:08,99.98
2025-03-01T12:41:09,103.89
2025-03-01T12:41:10,92.76
,98.64
2025-03-01T12:41:12,105.06
2025-03-01T12:41:13,105.87
2025-03-01T12:41:14,113.01
2025-03-01T12:41:15,100.64
2025-03-01T12:41:16,102.97
2025-03-01T12:41:17,99.45
2025-03-01T12:41:18,99.95
2025-03-01T12:41:19,102.91
2025-03-01T12:41:20,96.08
2025-03-01T12:41:21,96.45
2025-03-01T12:41:22,99.34
2025-03-01T12:41:23,102.03
2025-03-01T12:41:24,108.81
2025-03-01T12:41:25,102.6
2025-03-01T12:41:26,101.02
2025-03-01T12:41:27,95.19
2025-03-01T12:41:28,95.94
2025-03-01T12:41:29,104.66
2025-03-01T12:41:30,107.69
2025-03-01T12:41:31,115.27
2025-03-01T12:41:32,108.32
2025-03-01T12:41:33,95.0
2025-03-01T12:41:34,99.06
2025-03-01T12:41:35,100.06
2025-03-01T12:41:36,92.17
2025-03-01T12:41:37,98.94
2025-03-01T12:41:38,95.84
2025-03-01T12:41:39,94.55
2025-03-01T12:41:40,100.16
2025-03-01T12:41:41,94.31
2025-03-01T12:41:42,91.87
,92.04
2025-03-01T12:41:44,91.58
2025-03-01T12:41:45,102.38
2025-03-01T12:41:46,94.82
2025-03-01T12:41:47,93.16
2025-03-01T12:41:48,103.95
2025-03-01T12:41:49,101.92
2025-03-01T12:41:50,97.3
2025-03-01T12:41:51,98.68
2025-03-01T12:41:52,99.35
2025-03-01T12:41:53,97.62
2025-03-01T12:41:54,99.55
2025-03-01T12:41:55,99.11
2025-03-01T12:41:56,107.3
2025-03-01T12:41:57,110.39
2025-03-01T12:41:58,104.71
2025-03-01T12:41:59,104.5
2025-03-01T12:42:00,93.48
2025-03-01T12:42:01,107.19
2025-03-01T12:42:02,94.54
2025-03-01T12:42:03,97.77
2025-03-01T12:42:04,101.16
2025-03-01T12:42:05,99.74
2025-03-01T12:42:06,98.6
2025-03-01T12:42:07,102.62
2025-03-01T12:42:08,98.86
2025-03-01T12:42:09,
2025-03-01T12:42:10,90.88
2025-03-01T12:42:11,108.63
2025-03-01T12:42:12,101.36
2025-03-01T12:42:13,92.79
2025-03-01T12:42:14,100.42
2025-03-01T12:42:15,98.25
,94.39
2025-03-01T12:42:17,108.32
2025-03-01T12:42:18,103.81
2025-03-01T12:42:19,101.79
2025-03-01T12:42:20,102.12
2025-03-01T12:42:21,102.83
2025-03-01T12:42:22,102.65
2025-03-01T12:42:23,95.66
2025-03-01T12:42:24,97.03
2025-03-01T12:42:25,113.09
2025-03-01T12:42:26,96.38
2025-03-01T12:42:27,95.78
2025-03-01T12:42:28,100.31
2025-03-01T12:42:29,102.11
2025-03-01T12:42:30,109.47
2025-03-01T12:42:31,
,99.53
2025-03-01T12:42:33,107.97
2025-03-01T12:42:34,97.44
2025-03-01T12:42:35,96.12
2025-03-01T12:42:36,106.12
2025-03-01T12:42:37,103.28
,101.72
2025-03-01T12:42:39,101.94
2025-03-01T12:42:40,91.93
2025-03-01T12:42:41,93.35
2025-03-01T12:42:42,97.48
2025-03-01T12:42:43,100.05
2025-03-01T12:42:44,104.94
2025-03-01T12:42:45,105.44
2025-03-01T12:42:46,102.37
2025-03-01T12:42:47,102.99
2025-03-01T12:42:48,92.86
2025-03-01T12:42:49,105.5
2025-03-01T12:42:50,104.09
2025-03-01T12:42:51,99.05
2025-03-01T12:42:52,94.27
2025-03-01T12:42:53,94.36
2025-03-01T12:42:54,112.56
2025-03-01T12:42:55,106.47
2025-03-01T12:42:56,103.32
2025-03-01T12:42:57,111.57
2025-03-01T12:42:58,103.74
2025-03-01T12:42:59,94.61
2025-03-01T12:43:00,96.17
2025-03-01T12:43:01,105.35
,95.48
2025-03-01T12:43:03,104.05
2025-03-01T12:43:04,101.54
2025-03-01T12:43:05,92.56
2025-03-01T12:43:06,106.26
2025-03-01T12:43:07,100.59
2025-03-01T12:43:08,101.98
,96.49
2025-03-01T12:43:10,96.93
2025-03-01T12:43:11,105.37
2025-03-01T12:43:12,99.6
2025-03-01T12:43:13,100.15
2025-03-01T12:43:14,93.56
2025-03-01T12:43:15,104.8
2025-03-01T12:43:16,97.39
2025-03-01T12:43:17,98.99
2025-03-01T12:43:18,108.36
2025-03-01T12:43:19,91.3
2025-03-01T12:43:20,109.27
2025-03-01T12:43:21,95.54
2025-03-01T12:43:22,99.3
,101.14
2025-03-01T12:43:24,106.33
2025-03-01T12:43:25,101.61
2025-03-01T12:43:26,102.47
2025-03-01T12:43:27,99.92
2025-03-01T12:43:28,107.59
2025-03-01T12:43:29,104.71
2025-03-01T12:43:30,96.21
2025-03-01T12:43:31,105.63
2025-03-01T12:43:32,107.25
2025-03-01T12:43:33,99.36
2025-03-01T12:43:34,100.93
2025-03-01T12:43:35,102.8
2025-03-01T12:43:36,99.69
2025-03-01T12:43:37,98.58
2025-03-01T12:43:38,102.62
2025-03-01T12:43:39,94.42
2025-03-01T12:43:40,99.87
,101.04
2025-03-01T12:43:42,96.72
2025-03-01T12:43:43,104.78
2025-03-01T12:43:44,97.57
2025-03-01T12:43:45,93.03
2025-03-01T12:43:46,102.46
2025-03-01T12:43:47,98.86
2025-03-01T12:43:48,85.52
,102.93
2025-03-01T12:43:50,109.34
2025-03-01T12:43:51,106.25
2025-03-01T12:43:52,89.93
2025-03-01T12:43:53,108.42
2025-03-01T12:43:54,101.09
2025-03-01T12:43:55,97.93
2025-03-01T12:43:56,109.75
2025-03-01T12:43:57,98.36
2025-03-01T12:43:58,103.85
2025-03-01T12:43:59,95.49
2025-03-01T12:44:00,102.59
2025-03-01T12:44:01,98.4
2025-03-01T12:44:02,96.77
2025-03-01T12:44:03,95.02
2025-03-01T12:44:04,95.61
2025-03-01T12:44:05,98.84
2025-03-01T12:44:06,103.72
2025-03-01T12:44:07,92.32
2025-03-01T12:44:08,98.95
2025-03-01T12:44:09,104.07
2025-03-01T12:44:10,93.85
2025-03-01T12:44:11,101.17
2025-03-01T12:44:12,89.89
2025-03-01T12:44:13,94.02
2025-03-01T12:44:14,
2025-03-01T12:44:15,101.64
2025-03-01T12:44:16,101.66
2025-03-01T12:44:17,109.35
2025-03-01T12:44:18,102.21
2025-03-01T12:44:19,97.7
2025-03-01T12:44:20,103.24
2025-03-01T12:44:21,91.83
2025-03-01T12:44:22,95.18
2025-03-01T12:44:23,89.28
2025-03-01T12:44:24,95.93
2025-03-01T12:44:25,98.96
2025-03-01T12:44:26,108.81
2025-03-01T12:44:27,103.44
2025-03-01T12:44:28,102.57
2025-03-01T12:44:29,97.39
2025-03-01T12:44:30,100.03
2025-03-01T12:44:31,93.65
2025-03-01T12:44:32,98.07
2025-03-01T12:44:33,104.24
2025-03-01T12:44:34,98.12
2025-03-01T12:44:35,100.46
2025-03-01T12:44:36,93.81
2025-03-01T12:44:37,104.92
2025-03-01T12:44:38,99.54
2025-03-01T12:44:39,107.02
2025-03-01T12:44:40,103.86
2025-03-01T12:44:41,98.78
2025-03-01T12:44:42,89.63
2025-03-01T12:44:43,99.39
2025-03-01T12:44:44,101.42
2025-03-01T12:44:45,97.22
2025-03-01T12:44:46,98.75
2025-03-01T12:44:47,104.27
2025-03-01T12:44:48,100.34
2025-03-01T12:44:49,99.03
2025-03-01T12:44:50,110.1
2025-03-01T12:44:51,99.62
2025-03-01T12:44:52,101.18
2025-03-01T12:44:53,105.75
2025-03-01T12:44:54,99.0
2025-03-01T12:44:55,102.33
2025-03-01T12:44:56,99.69
2025-03-01T12:44:57,102.52
2025-03-01T12:44:58,99.63
2025-03-01T12:44:59,98.34
2025-03-01T12:45:00,96.39
2025-03-01T12:45:01,105.15
2025-03-01T12:45:02,111.09
,107.9
2025-03-01T12:45:04,101.06
2025-03-01T12:45:05,98.21
2025-03-01T12:45:06,96.78
2025-03-01T12:45:07,91.9
2025-03-01T12:45:08,106.59
2025-03-01T12:45:09,102.94
2025-03-01T12:45:10,
2025-03-01T12:45:11,97.52
2025-03-01T12:45:12,94.07
2025-03-01T12:45:13,108.87
2025-03-01T12:45:14,102.46
2025-03-01T12:45:15,99.23
2025-03-01T12:45:16,98.79
2025-03-01T12:45:17,105.81
2025-03-01T12:45:18,100.21
2025-03-01T12:45:19,108.22
2025-03-01T12:45:20,100.47
2025-03-01T12:45:21,91.75
2025-03-01T12:45:22,103.07
2025-03-01T12:45:23,94.51
2025-03-01T12:45:24,96.49
,108.01
2025-03-01T12:45:26,99.82
2025-03-01T12:45:27,104.02
2025-03-01T12:45:28,98.27
2025-03-01T12:45:29,101.79
2025-03-01T12:45:30,101.95
2025-03-01T12:45:31,94.37
2025-03-01T12:45:32,95.51
2025-03-01T12:45:33,96.11
2025-03-01T12:45:34,93.07
2025-03-01T12:45:35,100.26
2025-03-01T12:45:36,100.45
2025-03-01T12:45:37,94.5
2025-03-01T12:45:38,98.95
2025-03-01T12:45:39,97.54
2025-03-01T12:45:40,102.94
2025-03-01T12:45:41,104.84
2025-03-01T12:45:42,94.48
2025-03-01T12:45:43,
2025-03-01T12:45:44,103.86
2025-03-01T12:45:45,100.88
2025-03-01T12:45:46,97.05
2025-03-01T12:45:47,103.93
2025-03-01T12:45:48,100.61
2025-03-01T12:45:49,102.8
2025-03-01T12:45:50,94.65
2025-03-01T12:45:51,86.46
2025-03-01T12:45:52,97.15
2025-03-01T12:45:53,96.67
2025-03-01T12:45:54,97.25
2025-03-01T12:45:55,89.47
2025-03-01T12:45:56,104.99
2025-03-01T12:45:57,95.61
2025-03-01T12:45:58,90.99
2025-03-01T12:45:59,102.63
2025-03-01T12:46:00,107.71
2025-03-01T12:46:01,96.39
2025-03-01T12:46:02,97.81
2025-03-01T12:46:03,90.13
2025-03-01T12:46:04,106.59
2025-03-01T12:46:05,97.09
2025-03-01T12:46:06,
2025-03-01T12:46:07,
2025-03-01T12:46:08,90.97
2025-03-01T12:46:09,99.02
2025-03-01T12:46:10,101.85
2025-03-01T12:46:11,93.96
2025-03-01T12:46:12,102.57
2025-03-01T12:46:13,100.34
2025-03-01T12:46:14,99.53
2025-03-01T12:46:15,101.04
2025-03-01T12:46:16,108.79
2025-03-01T12:46:17,95.11
2025-03-01T12:46:18,102.36
2025-03-01T12:46:19,96.68
2025-03-01T12:46:20,98.92
2025-03-01T12:46:21,93.89
2025-03-01T12:46:22,
2025-03-01T12:46:23,107.82
2025-03-01T12:46:24,94.85
2025-03-01T12:46:25,94.91
2025-03-01T12:46:26,95.85
2025-03-01T12:46:27,100.65
2025-03-01T12:46:28,105.17
2025-03-01T12:46:29,106.76
2025-03-01T12:46:30,103.54
2025-03-01T12:46:31,95.06
2025-03-01T12:46:32,94.27
2025-03-01T12:46:33,100.56
2025-03-01T12:46:34,102.22
2025-03-01T12:46:35,91.67
2025-03-01T12:46:36,98.63
2025-03-01T12:46:37,97.02
2025-03-01T12:46:38,93.79
2025-03-01T12:46:39,94.88
2025-03-01T12:46:40,105.8
2025-03-01T12:46:41,96.37
2025-03-01T12:46:42,99.22
2025-03-01T12:46:43,96.4
2025-03-01T12:46:44,92.89
2025-03-01T12:46:45,100.32
2025-03-01T12:46:46,93.1
2025-03-01T12:46:47,103.03
2025-03-01T12:46:48,94.15
2025-03-01T12:46:49,104.78
2025-03-01T12:46:50,96.7
2025-03-01T12:46:51,110.01
2025-03-01T12:46:52,100.68
2025-03-01T12:46:53,103.17
2025-03-01T12:46:54,105.43
2025-03-01T12:46:55,103.71
2025-03-01T12:46:56,97.44
2025-03-01T12:46:57,92.89
2025-03-01T12:46:58,101.29
2025-03-01T12:46:59,101.41
2025-03-01T12:47:00,97.67
2025-03-01T12:47:01,98.16
2025-03-01T12:47:02,99.89
2025-03-01T12:47:03,96.32
2025-03-01T12:47:04,105.41
2025-03-01T12:47:05,96.25
2025-03-01T12:47:06,106.8
2025-03-01T12:47:07,100.36
2025-03-01T12:47:08,98.27
2025-03-01T12:47:09,
2025-03-01T12:47:10,99.22
2025-03-01T12:47:11,101.59
2025-03-01T12:47:12,97.71
2025-03-01T12:47:13,100.79
2025-03-01T12:47:14,97.02
2025-03-01T12:47:15,104.96
2025-03-01T12:47:16,99.81
2025-03-01T12:47:17,102.43
2025-03-01T12:47:18,102.76
2025-03-01T12:47:19,99.96
2025-03-01T12:47:20,105.83
2025-03-01T12:47:21,100.68
2025-03-01T12:47:22,99.92
2025-03-01T12:47:23,100.81
2025-03-01T12:47:24,103.89
,111.78
2025-03-01T12:47:26,98.65
2025-03-01T12:47:27,99.31
2025-03-01T12:47:28,98.29
2025-03-01T12:47:29,104.31
2025-03-01T12:47:30,97.15
2025-03-01T12:47:31,113.2
2025-03-01T12:47:32,105.02
2025-03-01T12:47:33,99.06
,100.25
2025-03-01T12:47:35,101.04
2025-03-01T12:47:36,106.17
2025-03-01T12:47:37,92.07
2025-03-01T12:47:38,90.61
2025-03-01T12:47:39,101.79
2025-03-01T12:47:40,102.97
2025-03-01T12:47:41,104.6
2025-03-01T12:47:42,94.89
2025-03-01T12:47:43,106.27
2025-03-01T12:47:44,98.24
2025-03-01T12:47:45,94.69
2025-03-01T12:47:46,99.82
2025-03-01T12:47:47,94.27
,104.56
2025-03-01T12:47:49,99.34
2025-03-01T12:47:50,101.1
2025-03-01T12:47:51,109.13
2025-03-01T12:47:52,91.91
2025-03-01T12:47:53,104.12
2025-03-01T12:47:54,99.87
2025-03-01T12:47:55,93.53
2025-03-01T12:47:56,108.46
2025-03-01T12:47:57,93.45
2025-03-01T12:47:58,98.5
2025-03-01T12:47:59,96.54
2025-03-01T12:48:00,101.47
2025-03-01T12:48:01,101.31
2025-03-01T12:48:02,93.94
2025-03-01T12:48:03,101.57
2025-03-01T12:48:04,94.47
2025-03-01T12:48:05,105.18
2025-03-01T12:48:06,99.0
2025-03-01T12:48:07,101.48
2025-03-01T12:48:08,107.73
2025-03-01T12:48:09,95.33
2025-03-01T12:48:10,96.87
2025-03-01T12:48:11,103.24
2025-03-01T12:48:12,100.02
2025-03-01T12:48:13,107.62
2025-03-01T12:48:14,98.11
2025-03-01T12:48:15,
2025-03-01T12:48:16,98.87
2025-03-01T12:48:17,98.63
2025-03-01T12:48:18,114.2
2025-03-01T12:48:19,96.4
2025-03-01T12:48:20,98.4
2025-03-01T12:48:21,94.85
2025-03-01T12:48:22,98.28
2025-03-01T12:48:23,97.75
2025-03-01T12:48:24,100.87
2025-03-01T12:48:25,106.66
2025-03-01T12:48:26,106.65
2025-03-01T12:48:27,108.65
2025-03-01T12:48:28,97.23
2025-03-01T12:48:29,103.78
2025-03-01T12:48:30,97.61
2025-03-01T12:48:31,98.49
2025-03-01T12:48:32,106.96
2025-03-01T12:48:33,102.23
,99.53
2025-03-01T12:48:35,99.8
2025-03-01T12:48:36,96.85
2025-03-01T12:48:37,93.45
2025-03-01T12:48:38,101.7
2025-03-01T12:48:39,104.98
2025-03-01T12:48:40,100.96
2025-03-01T12:48:41,100.44
2025-03-01T12:48:42,92.98
2025-03-01T12:48:43,107.3
2025-03-01T12:48:44,88.33
2025-03-01T12:48:45,106.37
2025-03-01T12:48:46,97.93
2025-03-01T12:48:47,97.82
2025-03-01T12:48:48,92.67
2025-03-01T12:48:49,98.61
2025-03-01T12:48:50,95.71
2025-03-01T12:48:51,102.09
2025-03-01T12:48:52,99.36
2025-03-01T12:48:53,102.73
2025-03-01T12:48:54,98.63
2025-03-01T12:48:55,96.45
2025-03-01T12:48:56,91.95
2025-03-01T12:48:57,98.8
2025-03-01T12:48:58,94.98
2025-03-01T12:48:59,101.46
2025-03-01T12:49:00,97.76
2025-03-01T12:49:01,107.2
2025-03-01T12:49:02,95.39
2025-03-01T12:49:03,104.18
2025-03-01T12:49:04,95.61
2025-03-01T12:49:05,90.91
2025-03-01T12:49:06,97.94
2025-03-01T12:49:07,108.09
2025-03-01T12:49:08,
2025-03-01T12:49:09,98.55
2025-03-01T12:49:10,101.74
2025-03-01T12:49:11,101.88
2025-03-01T12:49:12,99.14
2025-03-01T12:49:13,103.69
2025-03-01T12:49:14,87.18
2025-03-01T12:49:15,104.51
2025-03-01T12:49:16,96.53
2025-03-01T12:49:17,96.4
2025-03-01T12:49:18,104.23
2025-03-01T12:49:19,102.53
2025-03-01T12:49:20,99.18
2025-03-01T12:49:21,100.97
2025-03-01T12:49:22,100.67
2025-03-01T12:49:23,95.45
2025-03-01T12:49:24,102.7
2025-03-01T12:49:25,105.92
2025-03-01T12:49:26,98.44
,94.81
2025-03-01T12:49:28,92.88
2025-03-01T12:49:29,94.3
2025-03-01T12:49:30,101.58
2025-03-01T12:49:31,
2025-03-01T12:49:32,100.07
2025-03-01T12:49:33,95.26
2025-03-01T12:49:34,96.42
2025-03-01T12:49:35,104.65
2025-03-01T12:49:36,99.2
2025-03-01T12:49:37,100.27
2025-03-01T12:49:38,98.45
2025-03-01T12:49:39,96.48
2025-03-01T12:49:40,106.32
2025-03-01T12:49:41,92.72
2025-03-01T12:49:42,103.55
2025-03-01T12:49:43,95.08
2025-03-01T12:49:44,99.98
2025-03-01T12:49:45,91.42
2025-03-01T12:49:46,105.12
2025-03-01T12:49:47,105.35
2025-03-01T12:49:48,91.43
2025-03-01T12:49:49,101.27
2025-03-01T12:49:50,101.73
2025-03-01T12:49:51,98.58
2025-03-01T12:49:52,99.4
2025-03-01T12:49:53,96.46
2025-03-01T12:49:54,105.88
2025-03-01T12:49:55,100.59
2025-03-01T12:49:56,101.93
2025-03-01T12:49:57,107.7
2025-03-01T12:49:58,99.56
2025-03-01T12:49:59,96.21
2025-03-01T12:50:00,108.02
2025-03-01T12:50:01,95.45
2025-03-01T12:50:02,97.7
2025-03-01T12:50:03,96.29
2025-03-01T12:50:04,103.22
2025-03-01T12:50:05,92.88
2025-03-01T12:50:06,101.72
2025-03-01T12:50:07,96.25
2025-03-01T12:50:08,102.8
2025-03-01T12:50:09,91.39
2025-03-01T12:50:10,95.48
2025-03-01T12:50:11,94.38
2025-03-01T12:50:12,97.82
2025-03-01T12:50:13,99.9
2025-03-01T12:50:14,106.97
2025-03-01T12:50:15,100.31
2025-03-01T12:50:16,94.94
2025-03-01T12:50:17,93.18
2025-03-01T12:50:18,100.18
2025-03-01T12:50:19,89.4
2025-03-01T12:50:20,95.76
2025-03-01T12:50:21,103.8
2025-03-01T12:50:22,110.53
2025-03-01T12:50:23,99.95
2025-03-01T12:50:24,101.99
2025-03-01T12:50:25,103.26
2025-03-01T12:50:26,103.07
2025-03-01T12:50:27,100.89
2025-03-01T12:50:28,95.97
2025-03-01T12:50:29,101.9
2025-03-01T12:50:30,102.08
2025-03-01T12:50:31,104.14
2025-03-01T12:50:32,100.18
2025-03-01T12:50:33,100.85
2025-03-01T12:50:34,100.66
,94.23
2025-03-01T12:50:36,88.38
2025-03-01T12:50:37,92.65
2025-03-01T12:50:38,99.06
2025-03-01T12:50:39,104.44
2025-03-01T12:50:40,104.13
2025-03-01T12:50:41,100.36
2025-03-01T12:50:42,98.09
2025-03-01T12:50:43,101.22
2025-03-01T12:50:44,93.85
2025-03-01T12:50:45,90.79
2025-03-01T12:50:46,99.08
2025-03-01T12:50:47,99.16
2025-03-01T12:50:48,102.44
2025-03-01T12:50:49,101.48
2025-03-01T12:50:50,94.49
2025-03-01T12:50:51,98.88
2025-03-01T12:50:52,
2025-03-01T12:50:53,96.94
2025-03-01T12:50:54,103.83
2025-03-01T12:50:55,104.88
2025-03-01T12:50:56,98.93
2025-03-01T12:50:57,90.14
2025-03-01T12:50:58,102.23
2025-03-01T12:50:59,96.49
2025-03-01T12:51:00,98.01
2025-03-01T12:51:01,85.82
2025-03-01T12:51:02,92.21
2025-03-01T12:51:03,98.65
2025-03-01T12:51:04,95.99
2025-03-01T12:51:05,97.1
2025-03-01T12:51:06,103.71
2025-03-01T12:51:07,100.9
2025-03-01T12:51:08,105.11
2025-03-01T12:51:09,92.94
2025-03-01T12:51:10,96.91
2025-03-01T12:51:11,87.15
2025-03-01T12:51:12,103.95
2025-03-01T12:51:13,109.69
2025-03-01T12:51:14,111.76
2025-03-01T12:51:15,95.96
2025-03-01T12:51:16,98.37
2025-03-01T12:51:17,107.19
2025-03-01T12:51:18,101.42
2025-03-01T12:51:19,98.2
2025-03-01T12:51:20,101.73
2025-03-01T12:51:21,96.64
2025-03-01T12:51:22,103.53
2025-03-01T12:51:23,102.22
2025-03-01T12:51:24,98.27
2025-03-01T12:51:25,90.81
2025-03-01T12:51:26,100.13
2025-03-01T12:51:27,91.07
2025-03-01T12:51:28,93.59
2025-03-01T12:51:29,107.24
2025-03-01T12:51:30,88.47
2025-03-01T12:51:31,92.17
2025-03-01T12:51:32,98.6
2025-03-01T12:51:33,106.89
2025-03-01T12:51:34,97.45
2025-03-01T12:51:35,93.79
2025-03-01T12:51:36,97.25
2025-03-01T12:51:37,100.73
2025-03-01T12:51:38,102.96
2025-03-01T12:51:39,94.1
2025-03-01T12:51:40,101.89
2025-03-01T12:51:41,101.66
2025-03-01T12:51:42,103.7
2025-03-01T12:51:43,105.62
2025-03-01T12:51:44,94.16
2025-03-01T12:51:45,99.75
2025-03-01T12:51:46,97.0
2025-03-01T12:51:47,113.62
2025-03-01T12:51:48,102.24
2025-03-01T12:51:49,96.69
2025-03-01T12:51:50,99.23
2025-03-01T12:51:51,104.86
2025-03-01T12:51:52,99.19
2025-03-01T12:51:53,107.02
2025-03-01T12:51:54,107.46
2025-03-01T12:51:55,92.12
2025-03-01T12:51:56,92.72
2025-03-01T12:51:57,104.43
2025-03-01T12:51:58,100.43
2025-03-01T12:51:59,111.63
2025-03-01T12:52:00,99.02
2025-03-01T12:52:01,97.22
2025-03-01T12:52:02,105.82
2025-03-01T12:52:03,104.5
2025-03-01T12:52:04,105.73
2025-03-01T12:52:05,104.14
2025-03-01T12:52:06,100.76
2025-03-01T12:52:07,104.79
2025-03-01T12:52:08,107.0
2025-03-01T12:52:09,99.41
2025-03-01T12:52:10,
2025-03-01T12:52:11,105.9
2025-03-01T12:52:12,94.48
2025-03-01T12:52:13,99.22
2025-03-01T12:52:14,94.81
2025-03-01T12:52:15,109.52
2025-03-01T12:52:16,102.51
2025-03-01T12:52:17,100.86
2025-03-01T12:52:18,104.1
2025-03-01T12:52:19,96.17
2025-03-01T12:52:20,92.02
2025-03-01T12:52:21,97.64
2025-03-01T12:52:22,106.09
2025-03-01T12:52:23,95.84
2025-03-01T12:52:24,105.35
2025-03-01T12:52:25,93.93
,103.2
2025-03-01T12:52:27,98.1
2025-03-01T12:52:28,94.36
2025-03-01T12:52:29,94.4
2025-03-01T12:52:30,94.4
2025-03-01T12:52:31,99.99
2025-03-01T12:52:32,96.32
2025-03-01T12:52:33,99.24
2025-03-01T12:52:34,98.15
2025-03-01T12:52:35,93.79
2025-03-01T12:52:36,100.76
2025-03-01T12:52:37,101.73
2025-03-01T12:52:38,102.33
2025-03-01T12:52:39,102.25
2025-03-01T12:52:40,95.27
2025-03-01T12:52:41,97.22
2025-03-01T12:52:42,94.71
2025-03-01T12:52:43,98.92
2025-03-01T12:52:44,101.19
2025-03-01T12:52:45,97.4
2025-03-01T12:52:46,101.39
2025-03-01T12:52:47,95.27
2025-03-01T12:52:48,89.91
2025-03-01T12:52:49,114.95
2025-03-01T12:52:50,94.64
2025-03-01T12:52:51,98.74
2025-03-01T12:52:52,94.49
2025-03-01T12:52:53,96.79
2025-03-01T12:52:54,88.52
2025-03-01T12:52:55,93.52
2025-03-01T12:52:56,88.29
2025-03-01T12:52:57,100.27
2025-03-01T12:52:58,94.94
2025-03-01T12:52:59,98.57
2025-03-01T12:53:00,93.58
2025-03-01T12:53:01,94.85
2025-03-01T12:53:02,104.67
2025-03-01T12:53:03,105.32
2025-03-01T12:53:04,102.55
2025-03-01T12:53:05,101.78
2025-03-01T12:53:06,102.66
2025-03-01T12:53:07,98.16
2025-03-01T12:53:08,100.7
2025-03-01T12:53:09,95.68
2025-03-01T12:53:10,97.88
2025-03-01T12:53:11,96.17
2025-03-01T12:53:12,103.17
2025-03-01T12:53:13,100.42
2025-03-01T12:53:14,105.91
2025-03-01T12:53:15,99.1
2025-03-01T12:53:16,104.08
2025-03-01T12:53:17,105.44
2025-03-01T12:53:18,94.37
2025-03-01T12:53:19,100.54
2025-03-01T12:53:20,
2025-03-01T12:53:21,106.81
2025-03-01T12:53:22,102.73
2025-03-01T12:53:23,78.94
2025-03-01T12:53:24,103.01
2025-03-01T12:53:25,99.03
2025-03-01T12:53:26,104.45
2025-03-01T12:53:27,94.55
2025-03-01T12:53:28,103.82
2025-03-01T12:53:29,93.8
2025-03-01T12:53:30,99.31
2025-03-01T12:53:31,91.99
2025-03-01T12:53:32,93.04
2025-03-01T12:53:33,100.68
2025-03-01T12:53:34,96.64
2025-03-01T12:53:35,108.11
2025-03-01T12:53:36,98.07
2025-03-01T12:53:37,101.55
2025-03-01T12:53:38,104.63
,98.89
2025-03-01T12:53:40,97.68
2025-03-01T12:53:41,94.16
2025-03-01T12:53:42,101.88
2025-03-01T12:53:43,98.49
2025-03-01T12:53:44,106.18
,100.6
2025-03-01T12:53:46,103.96
2025-03-01T12:53:47,102.44
2025-03-01T12:53:48,101.28
2025-03-01T12:53:49,99.57
2025-03-01T12:53:50,104.89
2025-03-01T12:53:51,100.38
,102.14
2025-03-01T12:53:53,91.87
2025-03-01T12:53:54,101.61
2025-03-01T12:53:55,100.68
2025-03-01T12:53:56,100.37
2025-03-01T12:53:57,93.84
2025-03-01T12:53:58,98.93
2025-03-01T12:53:59,94.95
2025-03-01T12:54:00,98.04
2025-03-01T12:54:01,102.9
2025-03-01T12:54:02,96.52
2025-03-01T12:54:03,103.71
2025-03-01T12:54:04,97.32
2025-03-01T12:54:05,106.08
2025-03-01T12:54:06,99.75
2025-03-01T12:54:07,95.76
2025-03-01T12:54:08,100.45
2025-03-01T12:54:09,100.56
2025-03-01T12:54:10,96.57
2025-03-01T12:54:11,106.48
2025-03-01T12:54:12,101.77
2025-03-01T12:54:13,103.24
2025-03-01T12:54:14,102.11
2025-03-01T12:54:15,95.0
2025-03-01T12:54:16,103.22
2025-03-01T12:54:17,106.2
2025-03-01T12:54:18,99.98
2025-03-01T12:54:19,98.98
2025-03-01T12:54:20,101.24
2025-03-01T12:54:21,102.38
2025-03-01T12:54:22,106.89
2025-03-01T12:54:23,96.33
2025-03-01T12:54:24,105.91
2025-03-01T12:54:25,103.28
2025-03-01T12:54:26,100.52
2025-03-01T12:54:27,92.23
2025-03-01T12:54:28,104.95
2025-03-01T12:54:29,99.07
2025-03-01T12:54:30,104.03
2025-03-01T12:54:31,106.24
2025-03-01T12:54:32,97.76
2025-03-01T12:54:33,108.58
2025-03-01T12:54:34,104.47
2025-03-01T12:54:35,107.64
2025-03-01T12:54:36,105.2
2025-03-01T12:54:37,93.14
2025-03-01T12:54:38,102.6
2025-03-01T12:54:39,100.72
2025-03-01T12:54:40,101.64
2025-03-01T12:54:41,103.14
2025-03-01T12:54:42,98.68
2025-03-01T12:54:43,109.25
2025-03-01T12:54:44,96.27
2025-03-01T12:54:45,97.4
2025-03-01T12:54:46,103.34
2025-03-01T12:54:47,96.18
2025-03-01T12:54:48,104.65
2025-03-01T12:54:49,99.96
2025-03-01T12:54:50,105.81
2025-03-01T12:54:51,103.26
2025-03-01T12:54:52,93.62
2025-03-01T12:54:53,
2025-03-01T12:54:54,101.3
2025-03-01T12:54:55,94.8
2025-03-01T12:54:56,104.91
2025-03-01T12:54:57,104.49
2025-03-01T12:54:58,96.86
2025-03-01T12:54:59,98.47
2025-03-01T12:55:00,87.85
2025-03-01T12:55:01,109.05
2025-03-01T12:55:02,102.28
2025-03-01T12:55:03,102.84
2025-03-01T12:55:04,98.53
2025-03-01T12:55:05,94.44
2025-03-01T12:55:06,101.94
2025-03-01T12:55:07,99.9
2025-03-01T12:55:08,108.22
2025-03-01T12:55:09,104.18
2025-03-01T12:55:10,105.74
2025-03-01T12:55:11,94.51
2025-03-01T12:55:12,100.39
2025-03-01T12:55:13,97.34
2025-03-01T12:55:14,98.0
2025-03-01T12:55:15,101.02
2025-03-01T12:55:16,96.58
2025-03-01T12:55:17,97.95
2025-03-01T12:55:18,100.21
2025-03-01T12:55:19,99.83
2025-03-01T12:55:20,97.21
2025-03-01T12:55:21,99.49
2025-03-01T12:55:22,104.71
2025-03-01T12:55:23,106.3
2025-03-01T12:55:24,102.48
2025-03-01T12:55:25,100.68
2025-03-01T12:55:26,91.6
2025-03-01T12:55:27,99.21
2025-03-01T12:55:28,
2025-03-01T12:55:29,103.9
2025-03-01T12:55:30,96.8
2025-03-01T12:55:31,106.92
2025-03-01T12:55:32,94.43
2025-03-01T12:55:33,97.93
2025-03-01T12:55:34,101.81
2025-03-01T12:55:35,104.54
2025-03-01T12:55:36,97.1
2025-03-01T12:55:37,103.86
2025-03-01T12:55:38,102.53
2025-03-01T12:55:39,97.07
2025-03-01T12:55:40,103.7
2025-03-01T12:55:41,
2025-03-01T12:55:42,91.29
2025-03-01T12:55:43,105.53
2025-03-01T12:55:44,100.84
2025-03-01T12:55:45,92.99
2025-03-01T12:55:46,100.19
2025-03-01T12:55:47,95.35
2025-03-01T12:55:48,103.87
,99.37
2025-03-01T12:55:50,98.79
2025-03-01T12:55:51,103.42
2025-03-01T12:55:52,98.4
2025-03-01T12:55:53,99.13
2025-03-01T12:55:54,101.82
2025-03-01T12:55:55,96.34
2025-03-01T12:55:56,98.25
2025-03-01T12:55:57,96.65
2025-03-01T12:55:58,104.15
2025-03-01T12:55:59,96.01
2025-03-01T12:56:00,93.75
2025-03-01T12:56:01,105.22
2025-03-01T12:56:02,94.09
,104.53
2025-03-01T12:56:04,91.02
2025-03-01T12:56:05,98.74
2025-03-01T12:56:06,109.55
2025-03-01T12:56:07,98.05
2025-03-01T12:56:08,97.39
2025-03-01T12:56:09,103.24
2025-03-01T12:56:10,91.7
2025-03-01T12:56:11,96.62
2025-03-01T12:56:12,100.74
2025-03-01T12:56:13,96.58
2025-03-01T12:56:14,103.44
2025-03-01T12:56:15,103.39
2025-03-01T12:56:16,105.56
2025-03-01T12:56:17,104.1
2025-03-01T12:56:18,100.88
2025-03-01T12:56:19,103.58
2025-03-01T12:56:20,100.07
2025-03-01T12:56:21,111.62
2025-03-01T12:56:22,97.17
2025-03-01T12:56:23,97.32
2025-03-01T12:56:24,90.19
2025-03-01T12:56:25,100.79
2025-03-01T12:56:26,102.12
2025-03-01T12:56:27,98.96
2025-03-01T12:56:28,108.46
2025-03-01T12:56:29,96.11
2025-03-01T12:56:30,102.93
2025-03-01T12:56:31,90.13
2025-03-01T12:56:32,95.31
2025-03-01T12:56:33,93.78
2025-03-01T12:56:34,94.4
2025-03-01T12:56:35,104.21
2025-03-01T12:56:36,109.34
2025-03-01T12:56:37,108.86
2025-03-01T12:56:38,101.83
2025-03-01T12:56:39,107.01
2025-03-01T12:56:40,102.71
2025-03-01T12:56:41,88.57
2025-03-01T12:56:42,97.11
2025-03-01T12:56:43,93.75
2025-03-01T12:56:44,103.4
2025-03-01T12:56:45,98.06
2025-03-01T12:56:46,103.25
2025-03-01T12:56:47,98.81
2025-03-01T12:56:48,95.03
2025-03-01T12:56:49,98.99
2025-03-01T12:56:50,102.51
2025-03-01T12:56:51,109.12
2025-03-01T12:56:52,110.67
2025-03-01T12:56:53,101.37
2025-03-01T12:56:54,103.77
2025-03-01T12:56:55,101.84
2025-03-01T12:56:56,98.54
2025-03-01T12:56:57,87.49
2025-03-01T12:56:58,105.97
2025-03-01T12:56:59,98.83
2025-03-01T12:57:00,98.16
2025-03-01T12:57:01,92.2
2025-03-01T12:57:02,88.07
2025-03-01T12:57:03,99.08
2025-03-01T12:57:04,100.33
2025-03-01T12:57:05,102.81
2025-03-01T12:57:06,97.16
2025-03-01T12:57:07,100.61
2025-03-01T12:57:08,95.89
2025-03-01T12:57:09,106.93
2025-03-01T12:57:10,101.78
2025-03-01T12:57:11,90.7
2025-03-01T12:57:12,92.49
2025-03-01T12:57:13,100.56
2025-03-01T12:57:14,98.14
2025-03-01T12:57:15,105.09
2025-03-01T12:57:16,98.33
2025-03-01T12:57:17,109.19
2025-03-01T12:57:18,92.32
2025-03-01T12:57:19,106.73
2025-03-01T12:57:20,97.79
2025-03-01T12:57:21,99.25
2025-03-01T12:57:22,95.78
2025-03-01T12:57:23,105.07
2025-03-01T12:57:24,106.22
2025-03-01T12:57:25,97.1
2025-03-01T12:57:26,92.83
2025-03-01T12:57:27,100.13
2025-03-01T12:57:28,104.43
2025-03-01T12:57:29,95.25
2025-03-01T12:57:30,100.14
2025-03-01T12:57:31,94.31
2025-03-01T12:57:32,101.97
2025-03-01T12:57:33,98.07
2025-03-01T12:57:34,96.54
2025-03-01T12:57:35,101.98
2025-03-01T12:57:36,98.9
2025-03-01T12:57:37,105.81
2025-03-01T12:57:38,103.1
2025-03-01T12:57:39,89.93
2025-03-01T12:57:40,109.03
2025-03-01T12:57:41,107.06
2025-03-01T12:57:42,98.22
2025-03-01T12:57:43,101.87
2025-03-01T12:57:44,100.03
2025-03-01T12:57:45,95.92
2025-03-01T12:57:46,97.6
2025-03-01T12:57:47,100.2
2025-03-01T12:57:48,103.89
2025-03-01T12:57:49,110.14
2025-03-01T12:57:50,110.51
2025-03-01T12:57:51,107.03
2025-03-01T12:57:52,102.67
2025-03-01T12:57:53,99.38
2025-03-01T12:57:54,99.24
2025-03-01T12:57:55,
2025-03-01T12:57:56,103.98
2025-03-01T12:57:57,
2025-03-01T12:57:58,102.64
2025-03-01T12:57:59,101.88
2025-03-01T12:58:00,100.47
2025-03-01T12:58:01,102.65
2025-03-01T12:58:02,101.91
2025-03-01T12:58:03,95.48
2025-03-01T12:58:04,102.51
2025-03-01T12:58:05,100.58
2025-03-01T12:58:06,100.64
2025-03-01T12:58:07,97.67
2025-03-01T12:58:08,93.73
2025-03-01T12:58:09,94.45
2025-03-01T12:58:10,100.46
2025-03-01T12:58:11,99.12
2025-03-01T12:58:12,99.31
2025-03-01T12:58:13,97.98
2025-03-01T12:58:14,101.46
2025-03-01T12:58:15,103.3
2025-03-01T12:58:16,101.12
2025-03-01T12:58:17,103.92
2025-03-01T12:58:18,95.66
2025-03-01T12:58:19,103.53
2025-03-01T12:58:20,94.89
2025-03-01T12:58:21,96.15
2025-03-01T12:58:22,99.8
2025-03-01T12:58:23,98.07
2025-03-01T12:58:24,99.23
2025-03-01T12:58:25,105.18
2025-03-01T12:58:26,100.53
2025-03-01T12:58:27,95.77
2025-03-01T12:58:28,94.13
2025-03-01T12:58:29,101.84
2025-03-01T12:58:30,106.4
2025-03-01T12:58:31,102.1
2025-03-01T12:58:32,100.3
2025-03-01T12:58:33,106.22
2025-03-01T12:58:34,97.0
2025-03-01T12:58:35,105.99
2025-03-01T12:58:36,103.44
2025-03-01T12:58:37,106.03
2025-03-01T12:58:38,92.31
2025-03-01T12:58:39,106.72
2025-03-01T12:58:40,103.41
2025-03-01T12:58:41,95.03
2025-03-01T12:58:42,89.1
2025-03-01T12:58:43,96.0
2025-03-01T12:58:44,110.4
2025-03-01T12:58:45,97.28
2025-03-01T12:58:46,102.67
2025-03-01T12:58:47,102.26
2025-03-01T12:58:48,105.0
,
2025-03-01T12:58:50,97.76
2025-03-01T12:58:51,94.27
2025-03-01T12:58:52,96.84
2025-03-01T12:58:53,110.65
2025-03-01T12:58:54,104.17
2025-03-01T12:58:55,97.46
2025-03-01T12:58:56,105.2
2025-03-01T12:58:57,101.27
2025-03-01T12:58:58,106.57
2025-03-01T12:58:59,102.66
2025-03-01T12:59:00,113.29
2025-03-01T12:59:01,106.55
2025-03-01T12:59:02,93.8
2025-03-01T12:59:03,96.63
2025-03-01T12:59:04,100.44
2025-03-01T12:59:05,102.76
2025-03-01T12:59:06,102.09
2025-03-01T12:59:07,96.49
2025-03-01T12:59:08,110.71
2025-03-01T12:59:09,101.61
2025-03-01T12:59:10,93.27
2025-03-01T12:59:11,105.81
2025-03-01T12:59:12,
2025-03-01T12:59:13,103.36
2025-03-01T12:59:14,98.66
2025-03-01T12:59:15,96.22
2025-03-01T12:59:16,100.96
2025-03-01T12:59:17,103.21
2025-03-01T12:59:18,104.05
2025-03-01T12:59:19,106.96
2025-03-01T12:59:20,94.74
2025-03-01T12:59:21,103.65
2025-03-01T12:59:22,101.89
2025-03-01T12:59:23,98.32
2025-03-01T12:59:24,100.15
2025-03-01T12:59:25,98.18
2025-03-01T12:59:26,108.24
2025-03-01T12:59:27,97.1
2025-03-01T12:59:28,97.7
2025-03-01T12:59:29,97.71
2025-03-01T12:59:30,104.13
2025-03-01T12:59:31,107.94
2025-03-01T12:59:32,100.38
2025-03-01T12:59:33,103.68
2025-03-01T12:59:34,91.92
2025-03-01T12:59:35,101.48
2025-03-01T12:59:36,98.73
2025-03-01T12:59:37,91.96
2025-03-01T12:59:38,92.26
2025-03-01T12:59:39,101.2
2025-03-01T12:59:40,94.12
2025-03-01T12:59:41,113.44
2025-03-01T12:59:42,100.26
2025-03-01T12:59:43,92.15
2025-03-01T12:59:44,88.93
2025-03-01T12:59:45,106.12
2025-03-01T12:59:46,93.61
2025-03-01T12:59:47,101.2
2025-03-01T12:59:48,97.52
2025-03-01T12:59:49,100.81
2025-03-01T12:59:50,101.18
2025-03-01T12:59:51,102.74
2025-03-01T12:59:52,99.52
2025-03-01T12:59:53,93.96
2025-03-01T12:59:54,95.49
2025-03-01T12:59:55,111.63
,93.52
2025-03-01T12:59:57,102.29
2025-03-01T12:59:58,102.84
2025-03-01T12:59:59,100.68
2025-03-01T13:00:00,100.28
,96.8
2025-03-01T13:00:02,95.47
2025-03-01T13:00:03,102.65
2025-03-01T13:00:04,106.63
2025-03-01T13:00:05,99.43
2025-03-01T13:00:06,96.27
2025-03-01T13:00:07,94.73
2025-03-01T13:00:08,102.85
2025-03-01T13:00:09,102.32
2025-03-01T13:00:10,95.17
2025-03-01T13:00:11,101.32
2025-03-01T13:00:12,99.46
2025-03-01T13:00:13,97.15
2025-03-01T13:00:14,103.32
2025-03-01T13:00:15,
2025-03-01T13:00:16,102.02
2025-03-01T13:00:17,104.07
2025-03-01T13:00:18,89.12
2025-03-01T13:00:19,103.74
2025-03-01T13:00:20,89.14
2025-03-01T13:00:21,99.93
2025-03-01T13:00:22,101.07
2025-03-01T13:00:23,101.73
2025-03-01T13:00:24,95.7
2025-03-01T13:00:25,105.51
2025-03-01T13:00:26,109.66
2025-03-01T13:00:27,92.78
2025-03-01T13:00:28,95.81
2025-03-01T13:00:29,104.48
2025-03-01T13:00:30,97.34
2025-03-01T13:00:31,107.51
2025-03-01T13:00:32,98.42
2025-03-01T13:00:33,96.97
2025-03-01T13:00:34,96.3
,107.02
2025-03-01T13:00:36,94.42
2025-03-01T13:00:37,93.91
2025-03-01T13:00:38,89.15
2025-03-01T13:00:39,98.25
2025-03-01T13:00:40,103.66
2025-03-01T13:00:41,96.33
2025-03-01T13:00:42,96.23
2025-03-01T13:00:43,93.55
2025-03-01T13:00:44,99.45
2025-03-01T13:00:45,103.17
2025-03-01T13:00:46,105.86
2025-03-01T13:00:47,105.2
2025-03-01T13:00:48,99.02
2025-03-01T13:00:49,98.27
2025-03-01T13:00:50,99.91
2025-03-01T13:00:51,100.01
2025-03-01T13:00:52,100.61
2025-03-01T13:00:53,100.59
2025-03-01T13:00:54,102.49
2025-03-01T13:00:55,97.94
2025-03-01T13:00:56,94.59
2025-03-01T13:00:57,99.48
,105.95
2025-03-01T13:00:59,103.2
2025-03-01T13:01:00,101.85
2025-03-01T13:01:01,91.6
2025-03-01T13:01:02,100.46
2025-03-01T13:01:03,97.57
2025-03-01T13:01:04,105.05
2025-03-01T13:01:05,92.75
2025-03-01T13:01:06,97.91
2025-03-01T13:01:07,108.46
2025-03-01T13:01:08,103.3
2025-03-01T13:01:09,102.34
2025-03-01T13:01:10,108.93
2025-03-01T13:01:11,98.25
2025-03-01T13:01:12,103.58
2025-03-01T13:01:13,92.18
2025-03-01T13:01:14,104.96
2025-03-01T13:01:15,93.46
2025-03-01T13:01:16,102.08
2025-03-01T13:01:17,102.89
2025-03-01T13:01:18,102.41
2025-03-01T13:01:19,103.74
2025-03-01T13:01:20,101.82
2025-03-01T13:01:21,95.49
2025-03-01T13:01:22,108.53
2025-03-01T13:01:23,91.74
2025-03-01T13:01:24,93.93
2025-03-01T13:01:25,105.13
2025-03-01T13:01:26,101.58
2025-03-01T13:01:27,109.24
2025-03-01T13:01:28,107.67
2025-03-01T13:01:29,101.66
2025-03-01T13:01:30,94.85
2025-03-01T13:01:31,98.03
2025-03-01T13:01:32,100.43
2025-03-01T13:01:33,94.99
2025-03-01T13:01:34,97.19
2025-03-01T13:01:35,96.24
2025-03-01T13:01:36,101.19
2025-03-01T13:01:37,92.1
2025-03-01T13:01:38,103.69
2025-03-01T13:01:39,103.88
2025-03-01T13:01:40,98.54
2025-03-01T13:01:41,102.27
2025-03-01T13:01:42,108.84
2025-03-01T13:01:43,96.89
2025-03-01T13:01:44,92.2
2025-03-01T13:01:45,100.05
2025-03-01T13:01:46,103.2
2025-03-01T13:01:47,107.36
2025-03-01T13:01:48,102.34
2025-03-01T13:01:49,93.38
2025-03-01T13:01:50,98.14
2025-03-01T13:01:51,109.84
2025-03-01T13:01:52,93.84
2025-03-01T13:01:53,99.04
2025-03-01T13:01:54,104.02
2025-03-01T13:01:55,96.55
2025-03-01T13:01:56,89.97
2025-03-01T13:01:57,100.17
2025-03-01T13:01:58,104.15
2025-03-01T13:01:59,98.51
2025-03-01T13:02:00,87.0
,104.25
2025-03-01T13:02:02,
2025-03-01T13:02:03,95.22
2025-03-01T13:02:04,95.7
2025-03-01T13:02:05,108.81
2025-03-01T13:02:06,102.86
2025-03-01T13:02:07,85.77
2025-03-01T13:02:08,96.77
2025-03-01T13:02:09,97.84
2025-03-01T13:02:10,96.51
2025-03-01T13:02:11,105.58
2025-03-01T13:02:12,98.05
2025-03-01T13:02:13,108.48
2025-03-01T13:02:14,94.34
2025-03-01T13:02:15,102.36
2025-03-01T13:02:16,102.98
2025-03-01T13:02:17,104.01
2025-03-01T13:02:18,96.29
2025-03-01T13:02:19,101.98
2025-03-01T13:02:20,104.91
2025-03-01T13:02:21,100.08
2025-03-01T13:02:22,94.86
2025-03-01T13:02:23,105.26
2025-03-01T13:02:24,94.24
2025-03-01T13:02:25,104.35
2025-03-01T13:02:26,97.32
2025-03-01T13:02:27,99.79
2025-03-01T13:02:28,96.46
2025-03-01T13:02:29,101.61
2025-03-01T13:02:30,98.98
2025-03-01T13:02:31,93.55
2025-03-01T13:02:32,99.43
2025-03-01T13:02:33,100.45
2025-03-01T13:02:34,98.88
2025-03-01T13:02:35,94.25
2025-03-01T13:02:36,105.4
2025-03-01T13:02:37,98.99
2025-03-01T13:02:38,96.49
2025-03-01T13:02:39,102.08
,98.05
2025-03-01T13:02:41,105.05
2025-03-01T13:02:42,92.82
2025-03-01T13:02:43,98.06
2025-03-01T13:02:44,101.16
2025-03-01T13:02:45,107.66
2025-03-01T13:02:46,97.9
2025-03-01T13:02:47,104.8
2025-03-01T13:02:48,91.4
2025-03-01T13:02:49,97.28
2025-03-01T13:02:50,98.85
2025-03-01T13:02:51,100.15
2025-03-01T13:02:52,103.66
2025-03-01T13:02:53,107.26
2025-03-01T13:02:54,110.17
2025-03-01T13:02:55,108.7
2025-03-01T13:02:56,104.58
2025-03-01T13:02:57,98.48
2025-03-01T13:02:58,101.01
2025-03-01T13:02:59,96.86
,102.19
2025-03-01T13:03:01,103.86
2025-03-01T13:03:02,99.41
2025-03-01T13:03:03,96.71
2025-03-01T13:03:04,107.7
2025-03-01T13:03:05,97.53
2025-03-01T13:03:06,95.31
2025-03-01T13:03:07,105.75
2025-03-01T13:03:08,94.86
2025-03-01T13:03:09,101.92
2025-03-01T13:03:10,96.76
2025-03-01T13:03:11,97.17
2025-03-01T13:03:12,105.22
2025-03-01T13:03:13,98.81
2025-03-01T13:03:14,103.81
2025-03-01T13:03:15,98.02
2025-03-01T13:03:16,108.22
2025-03-01T13:03:17,98.84
2025-03-01T13:03:18,107.12
2025-03-01T13:03:19,99.53
2025-03-01T13:03:20,85.77
2025-03-01T13:03:21,111.14
2025-03-01T13:03:22,99.0
2025-03-01T13:03:23,97.0
2025-03-01T13:03:24,99.42
2025-03-01T13:03:25,102.63
2025-03-01T13:03:26,91.66
2025-03-01T13:03:27,99.57
2025-03-01T13:03:28,99.34
2025-03-01T13:03:29,101.67
2025-03-01T13:03:30,108.94
2025-03-01T13:03:31,99.2
2025-03-01T13:03:32,110.3
2025-03-01T13:03:33,
2025-03-01T13:03:34,102.55
2025-03-01T13:03:35,95.66
2025-03-01T13:03:36,94.41
2025-03-01T13:03:37,103.94
2025-03-01T13:03:38,89.64
2025-03-01T13:03:39,100.72
2025-03-01T13:03:40,97.26
2025-03-01T13:03:41,101.44
2025-03-01T13:03:42,102.11
2025-03-01T13:03:43,102.33
2025-03-01T13:03:44,101.37
2025-03-01T13:03:45,100.8
2025-03-01T13:03:46,99.74
2025-03-01T13:03:47,93.56
2025-03-01T13:03:48,111.03
2025-03-01T13:03:49,103.33
2025-03-01T13:03:50,96.69
2025-03-01T13:03:51,107.05
2025-03-01T13:03:52,103.39
2025-03-01T13:03:53,95.34
2025-03-01T13:03:54,95.68
2025-03-01T13:03:55,113.07
2025-03-01T13:03:56,108.66
2025-03-01T13:03:57,96.28
2025-03-01T13:03:58,91.25
2025-03-01T13:03:59,104.67
2025-03-01T13:04:00,98.76
2025-03-01T13:04:01,107.04
2025-03-01T13:04:02,93.19
2025-03-01T13:04:03,100.98
2025-03-01T13:04:04,94.0
2025-03-01T13:04:05,97.61
2025-03-01T13:04:06,104.44
2025-03-01T13:04:07,99.64
2025-03-01T13:04:08,101.84
2025-03-01T13:04:09,105.04
2025-03-01T13:04:10,95.59
2025-03-01T13:04:11,99.31
2025-03-01T13:04:12,101.23
,93.75
2025-03-01T13:04:14,99.25
,108.08
2025-03-01T13:04:16,98.99
2025-03-01T13:04:17,102.97
2025-03-01T13:04:18,92.58
2025-03-01T13:04:19,93.38
2025-03-01T13:04:20,95.69
2025-03-01T13:04:21,91.85
2025-03-01T13:04:22,106.4
2025-03-01T13:04:23,102.07
2025-03-01T13:04:24,101.01
2025-03-01T13:04:25,93.1
2025-03-01T13:04:26,107.4
2025-03-01T13:04:27,100.85
2025-03-01T13:04:28,101.73
2025-03-01T13:04:29,102.86
2025-03-01T13:04:30,99.48
2025-03-01T13:04:31,103.07
2025-03-01T13:04:32,97.63
2025-03-01T13:04:33,96.91
2025-03-01T13:04:34,104.73
2025-03-01T13:04:35,97.38
2025-03-01T13:04:36,107.08
2025-03-01T13:04:37,109.33
2025-03-01T13:04:38,93.66
2025-03-01T13:04:39,98.33
2025-03-01T13:04:40,97.59
2025-03-01T13:04:41,95.25
2025-03-01T13:04:42,96.73
2025-03-01T13:04:43,103.48
2025-03-01T13:04:44,102.71
2025-03-01T13:04:45,99.3
2025-03-01T13:04:46,96.96
2025-03-01T13:04:47,102.64
2025-03-01T13:04:48,107.32
,92.08
2025-03-01T13:04:50,98.83
2025-03-01T13:04:51,102.68
2025-03-01T13:04:52,102.46
2025-03-01T13:04:53,103.03
2025-03-01T13:04:54,98.74
2025-03-01T13:04:55,88.46
2025-03-01T13:04:56,99.28
2025-03-01T13:04:57,105.58
2025-03-01T13:04:58,88.15
2025-03-01T13:04:59,93.87
2025-03-01T13:05:00,92.1
2025-03-01T13:05:01,99.63
2025-03-01T13:05:02,94.42
2025-03-01T13:05:03,96.13
2025-03-01T13:05:04,96.27
2025-03-01T13:05:05,110.4
2025-03-01T13:05:06,94.72
2025-03-01T13:05:07,98.48
2025-03-01T13:05:08,103.25
2025-03-01T13:05:09,97.5
2025-03-01T13:05:10,106.46
2025-03-01T13:05:11,96.16
2025-03-01T13:05:12,101.89
2025-03-01T13:05:13,94.72
2025-03-01T13:05:14,101.75
2025-03-01T13:05:15,99.54
2025-03-01T13:05:16,104.1
2025-03-01T13:05:17,101.49
2025-03-01T13:05:18,100.53
2025-03-01T13:05:19,102.26
2025-03-01T13:05:20,98.26
2025-03-01T13:05:21,102.69
2025-03-01T13:05:22,94.11
2025-03-01T13:05:23,93.49
2025-03-01T13:05:24,100.31
2025-03-01T13:05:25,106.55
2025-03-01T13:05:26,94.72
2025-03-01T13:05:27,112.92
2025-03-01T13:05:28,105.86
,100.33
2025-03-01T13:05:30,101.22
2025-03-01T13:05:31,101.9
2025-03-01T13:05:32,99.14
2025-03-01T13:05:33,91.35
2025-03-01T13:05:34,105.02
2025-03-01T13:05:35,98.77
2025-03-01T13:05:36,94.89
2025-03-01T13:05:37,103.34
2025-03-01T13:05:38,98.56
2025-03-01T13:05:39,93.51
2025-03-01T13:05:40,108.6
2025-03-01T13:05:41,100.99
2025-03-01T13:05:42,101.27
2025-03-01T13:05:43,99.55
2025-03-01T13:05:44,108.82
2025-03-01T13:05:45,100.67
2025-03-01T13:05:46,94.27
2025-03-01T13:05:47,102.37
2025-03-01T13:05:48,103.1
,91.52
2025-03-01T13:05:50,110.28
2025-03-01T13:05:51,109.12
2025-03-01T13:05:52,93.68
2025-03-01T13:05:53,96.73
2025-03-01T13:05:54,96.27
2025-03-01T13:05:55,99.19
2025-03-01T13:05:56,105.3
2025-03-01T13:05:57,
2025-03-01T13:05:58,
2025-03-01T13:05:59,95.73
2025-03-01T13:06:00,102.41
2025-03-01T13:06:01,112.15
2025-03-01T13:06:02,102.08
2025-03-01T13:06:03,110.82
2025-03-01T13:06:04,100.22
2025-03-01T13:06:05,103.64
2025-03-01T13:06:06,91.69
,93.51
2025-03-01T13:06:08,92.26
2025-03-01T13:06:09,99.93
2025-03-01T13:06:10,104.12
2025-03-01T13:06:11,104.48
2025-03-01T13:06:12,105.63
2025-03-01T13:06:13,106.44
2025-03-01T13:06:14,104.47
2025-03-01T13:06:15,104.42
2025-03-01T13:06:16,96.72
2025-03-01T13:06:17,93.22
2025-03-01T13:06:18,103.76
2025-03-01T13:06:19,97.28
2025-03-01T13:06:20,103.44
,99.98
2025-03-01T13:06:22,91.52
2025-03-01T13:06:23,95.47
2025-03-01T13:06:24,96.7
2025-03-01T13:06:25,98.1
2025-03-01T13:06:26,95.83
2025-03-01T13:06:27,104.65
2025-03-01T13:06:28,87.03
2025-03-01T13:06:29,93.58
2025-03-01T13:06:30,107.7
2025-03-01T13:06:31,105.44
2025-03-01T13:06:32,106.73
2025-03-01T13:06:33,99.88
2025-03-01T13:06:34,106.38
2025-03-01T13:06:35,107.99
2025-03-01T13:06:36,113.44
2025-03-01T13:06:37,98.0
2025-03-01T13:06:38,104.88
2025-03-01T13:06:39,91.85
2025-03-01T13:06:40,101.0
2025-03-01T13:06:41,99.86
2025-03-01T13:06:42,96.91
2025-03-01T13:06:43,101.77
2025-03-01T13:06:44,99.22
2025-03-01T13:06:45,103.59
2025-03-01T13:06:46,101.27
2025-03-01T13:06:47,98.77
2025-03-01T13:06:48,97.94
2025-03-01T13:06:49,102.79
,99.37
2025-03-01T13:06:51,107.59
2025-03-01T13:06:52,97.46
2025-03-01T13:06:53,97.64
2025-03-01T13:06:54,100.75
2025-03-01T13:06:55,102.82
2025-03-01T13:06:56,106.32
2025-03-01T13:06:57,95.05
2025-03-01T13:06:58,98.88
2025-03-01T13:06:59,98.27
2025-03-01T13:07:00,92.89
2025-03-01T13:07:01,109.8
2025-03-01T13:07:02,103.34
2025-03-01T13:07:03,102.55
2025-03-01T13:07:04,96.06
2025-03-01T13:07:05,106.18
2025-03-01T13:07:06,105.35
2025-03-01T13:07:07,98.49
2025-03-01T13:07:08,105.14
,93.15
2025-03-01T13:07:10,
2025-03-01T13:07:11,104.19
2025-03-01T13:07:12,96.82
2025-03-01T13:07:13,98.93
2025-03-01T13:07:14,99.42
2025-03-01T13:07:15,96.54
2025-03-01T13:07:16,100.53
2025-03-01T13:07:17,96.97
2025-03-01T13:07:18,108.21
2025-03-01T13:07:19,97.58
2025-03-01T13:07:20,99.16
2025-03-01T13:07:21,103.46
2025-03-01T13:07:22,111.57
2025-03-01T13:07:23,98.67
2025-03-01T13:07:24,97.92
2025-03-01T13:07:25,96.66
2025-03-01T13:07:26,105.32
2025-03-01T13:07:27,99.71
2025-03-01T13:07:28,105.53
2025-03-01T13:07:29,107.16
2025-03-01T13:07:30,97.55
2025-03-01T13:07:31,112.04
2025-03-01T13:07:32,99.62
2025-03-01T13:07:33,102.27
2025-03-01T13:07:34,95.75
2025-03-01T13:07:35,96.51
2025-03-01T13:07:36,102.86
2025-03-01T13:07:37,106.64
2025-03-01T13:07:38,99.84
2025-03-01T13:07:39,101.77
2025-03-01T13:07:40,97.83
2025-03-01T13:07:41,109.08
2025-03-01T13:07:42,97.78
2025-03-01T13:07:43,97.09
2025-03-01T13:07:44,101.09
2025-03-01T13:07:45,100.65
2025-03-01T13:07:46,99.88
2025-03-01T13:07:47,95.77
2025-03-01T13:07:48,99.32
2025-03-01T13:07:49,103.63
2025-03-01T13:07:50,102.04
2025-03-01T13:07:51,94.46
2025-03-01T13:07:52,103.54
2025-03-01T13:07:53,97.54
2025-03-01T13:07:54,102.03
2025-03-01T13:07:55,100.54
2025-03-01T13:07:56,89.18
2025-03-01T13:07:57,108.99
2025-03-01T13:07:58,107.7
2025-03-01T13:07:59,98.87
2025-03-01T13:08:00,103.23
2025-03-01T13:08:01,96.76
2025-03-01T13:08:02,104.15
2025-03-01T13:08:03,97.7
2025-03-01T13:08:04,105.23
2025-03-01T13:08:05,97.05
2025-03-01T13:08:06,98.85
2025-03-01T13:08:07,104.65
2025-03-01T13:08:08,103.57
2025-03-01T13:08:09,108.3
2025-03-01T13:08:10,97.48
2025-03-01T13:08:11,100.65
2025-03-01T13:08:12,100.53
2025-03-01T13:08:13,94.71
2025-03-01T13:08:14,100.22
2025-03-01T13:08:15,100.76
2025-03-01T13:08:16,90.58
,104.56
2025-03-01T13:08:18,115.06
2025-03-01T13:08:19,94.73
2025-03-01T13:08:20,94.45
2025-03-01T13:08:21,105.21
2025-03-01T13:08:22,103.62
2025-03-01T13:08:23,102.43
2025-03-01T13:08:24,104.21
2025-03-01T13:08:25,101.25
2025-03-01T13:08:26,101.22
2025-03-01T13:08:27,109.17
2025-03-01T13:08:28,94.61
2025-03-01T13:08:29,104.05
,101.27
2025-03-01T13:08:31,102.17
2025-03-01T13:08:32,
2025-03-01T13:08:33,100.69
2025-03-01T13:08:34,96.81
2025-03-01T13:08:35,96.28
2025-03-01T13:08:36,104.08
2025-03-01T13:08:37,98.03
2025-03-01T13:08:38,96.2
2025-03-01T13:08:39,92.47
2025-03-01T13:08:40,102.0
2025-03-01T13:08:41,100.82
2025-03-01T13:08:42,93.79
2025-03-01T13:08:43,96.36
2025-03-01T13:08:44,104.72
2025-03-01T13:08:45,92.12
2025-03-01T13:08:46,105.91
2025-03-01T13:08:47,103.67
2025-03-01T13:08:48,91.64
2025-03-01T13:08:49,94.51
2025-03-01T13:08:50,98.28
2025-03-01T13:08:51,99.62
2025-03-01T13:08:52,102.68
2025-03-01T13:08:53,98.36
2025-03-01T13:08:54,108.89
2025-03-01T13:08:55,95.77
2025-03-01T13:08:56,98.69
2025-03-01T13:08:57,99.51
2025-03-01T13:08:58,107.75
2025-03-01T13:08:59,101.52
2025-03-01T13:09:00,99.01
2025-03-01T13:09:01,99.06
2025-03-01T13:09:02,101.94
2025-03-01T13:09:03,107.8
2025-03-01T13:09:04,96.62
2025-03-01T13:09:05,106.03
2025-03-01T13:09:06,98.59
2025-03-01T13:09:07,104.56
2025-03-01T13:09:08,98.51
2025-03-01T13:09:09,101.21
2025-03-01T13:09:10,93.64
2025-03-01T13:09:11,89.97
2025-03-01T13:09:12,108.81
2025-03-01T13:09:13,91.18
2025-03-01T13:09:14,
2025-03-01T13:09:15,97.97
,95.81
2025-03-01T13:09:17,93.11
2025-03-01T13:09:18,106.35
2025-03-01T13:09:19,104.11
2025-03-01T13:09:20,94.35
2025-03-01T13:09:21,87.27
2025-03-01T13:09:22,96.72
2025-03-01T13:09:23,97.67
2025-03-01T13:09:24,95.38
2025-03-01T13:09:25,107.18
2025-03-01T13:09:26,101.11
2025-03-01T13:09:27,92.06
2025-03-01T13:09:28,89.05
2025-03-01T13:09:29,99.29
2025-03-01T13:09:30,100.33
2025-03-01T13:09:31,100.75
2025-03-01T13:09:32,100.57
2025-03-01T13:09:33,98.07
2025-03-01T13:09:34,103.57
2025-03-01T13:09:35,106.93
2025-03-01T13:09:36,101.84
2025-03-01T13:09:37,98.63
2025-03-01T13:09:38,92.84
2025-03-01T13:09:39,98.2
2025-03-01T13:09:40,
2025-03-01T13:09:41,97.22
2025-03-01T13:09:42,96.28
,107.35
2025-03-01T13:09:44,103.33
2025-03-01T13:09:45,98.4
2025-03-01T13:09:46,96.52
2025-03-01T13:09:47,95.26
2025-03-01T13:09:48,94.9
2025-03-01T13:09:49,96.34
2025-03-01T13:09:50,99.66
2025-03-01T13:09:51,105.62
2025-03-01T13:09:52,107.43
2025-03-01T13:09:53,88.82
2025-03-01T13:09:54,92.85
2025-03-01T13:09:55,102.97
2025-03-01T13:09:56,106.72
2025-03-01T13:09:57,101.77
2025-03-01T13:09:58,103.33
2025-03-01T13:09:59,91.91
2025-03-01T13:10:00,101.29
2025-03-01T13:10:01,95.35
2025-03-01T13:10:02,102.78
2025-03-01T13:10:03,101.71
2025-03-01T13:10:04,99.4
2025-03-01T13:10:05,112.74
2025-03-01T13:10:06,91.92
2025-03-01T13:10:07,100.86
2025-03-01T13:10:08,103.73
2025-03-01T13:10:09,101.19
2025-03-01T13:10:10,96.71
2025-03-01T13:10:11,92.85
2025-03-01T13:10:12,98.13
2025-03-01T13:10:13,96.23
2025-03-01T13:10:14,95.07
2025-03-01T13:10:15,92.64
2025-03-01T13:10:16,89.95
2025-03-01T13:10:17,102.1
2025-03-01T13:10:18,99.02
2025-03-01T13:10:19,96.37
2025-03-01T13:10:20,105.52
2025-03-01T13:10:21,108.34
2025-03-01T13:10:22,104.53
2025-03-01T13:10:23,87.36
2025-03-01T13:10:24,95.9
2025-03-01T13:10:25,92.42
2025-03-01T13:10:26,105.93
2025-03-01T13:10:27,99.95
2025-03-01T13:10:28,108.96
2025-03-01T13:10:29,100.24
2025-03-01T13:10:30,96.4
2025-03-01T13:10:31,92.07
2025-03-01T13:10:32,98.24
2025-03-01T13:10:33,98.59
2025-03-01T13:10:34,97.42
2025-03-01T13:10:35,103.57
2025-03-01T13:10:36,101.96
2025-03-01T13:10:37,101.31
2025-03-01T13:10:38,97.79
2025-03-01T13:10:39,98.68
2025-03-01T13:10:40,103.44
2025-03-01T13:10:41,94.95
2025-03-01T13:10:42,102.38
2025-03-01T13:10:43,90.09
2025-03-01T13:10:44,100.35
2025-03-01T13:10:45,94.44
2025-03-01T13:10:46,97.51
2025-03-01T13:10:47,93.66
2025-03-01T13:10:48,
2025-03-01T13:10:49,103.75
2025-03-01T13:10:50,105.03
2025-03-01T13:10:51,94.08
2025-03-01T13:10:52,110.9
2025-03-01T13:10:53,104.67
2025-03-01T13:10:54,96.5
2025-03-01T13:10:55,115.73
2025-03-01T13:10:56,100.3
2025-03-01T13:10:57,101.42
2025-03-01T13:10:58,108.59
2025-03-01T13:10:59,93.56
2025-03-01T13:11:00,98.41
2025-03-01T13:11:01,98.76
2025-03-01T13:11:02,90.36
2025-03-01T13:11:03,95.68
2025-03-01T13:11:04,94.84
2025-03-01T13:11:05,100.4
2025-03-01T13:11:06,96.78
2025-03-01T13:11:07,95.96
2025-03-01T13:11:08,96.53
2025-03-01T13:11:09,101.0
2025-03-01T13:11:10,102.27
2025-03-01T13:11:11,94.61
,95.81
2025-03-01T13:11:13,102.3
2025-03-01T13:11:14,92.36
2025-03-01T13:11:15,97.7
2025-03-01T13:11:16,97.63
2025-03-01T13:11:17,99.51
2025-03-01T13:11:18,99.25
2025-03-01T13:11:19,101.08
2025-03-01T13:11:20,102.3
,95.24
2025-03-01T13:11:22,105.12
2025-03-01T13:11:23,94.61
2025-03-01T13:11:24,98.7
2025-03-01T13:11:25,104.99
2025-03-01T13:11:26,105.41
2025-03-01T13:11:27,106.91
2025-03-01T13:11:28,102.96
2025-03-01T13:11:29,111.35
2025-03-01T13:11:30,100.19
2025-03-01T13:11:31,100.75
2025-03-01T13:11:32,108.63
2025-03-01T13:11:33,105.75
2025-03-01T13:11:34,97.38
2025-03-01T13:11:35,98.9
2025-03-01T13:11:36,103.07
2025-03-01T13:11:37,101.79
2025-03-01T13:11:38,100.82
2025-03-01T13:11:39,107.52
2025-03-01T13:11:40,101.79
2025-03-01T13:11:41,92.99
2025-03-01T13:11:42,92.9
2025-03-01T13:11:43,87.69
2025-03-01T13:11:44,105.8
2025-03-01T13:11:45,93.09
2025-03-01T13:11:46,95.11
2025-03-01T13:11:47,113.23
2025-03-01T13:11:48,87.23
2025-03-01T13:11:49,102.67
2025-03-01T13:11:50,95.55
2025-03-01T13:11:51,105.59
2025-03-01T13:11:52,100.66
2025-03-01T13:11:53,100.1
2025-03-01T13:11:54,98.05
2025-03-01T13:11:55,103.47
,97.02
2025-03-01T13:11:57,105.83
,96.94
2025-03-01T13:11:59,98.43
2025-03-01T13:12:00,90.68
2025-03-01T13:12:01,110.07
2025-03-01T13:12:02,112.74
2025-03-01T13:12:03,102.47
2025-03-01T13:12:04,104.73
2025-03-01T13:12:05,101.64
2025-03-01T13:12:06,106.02
2025-03-01T13:12:07,99.61
2025-03-01T13:12:08,93.76
2025-03-01T13:12:09,109.05
2025-03-01T13:12:10,107.54
2025-03-01T13:12:11,92.53
2025-03-01T13:12:12,102.32
2025-03-01T13:12:13,
2025-03-01T13:12:14,102.12
2025-03-01T13:12:15,94.81
2025-03-01T13:12:16,105.11
2025-03-01T13:12:17,97.21
2025-03-01T13:12:18,108.24
2025-03-01T13:12:19,92.64
2025-03-01T13:12:20,105.58
2025-03-01T13:12:21,98.53
2025-03-01T13:12:22,103.0
2025-03-01T13:12:23,99.44
2025-03-01T13:12:24,107.77
2025-03-01T13:12:25,97.21
2025-03-01T13:12:26,99.48
2025-03-01T13:12:27,104.13
2025-03-01T13:12:28,98.01
2025-03-01T13:12:29,94.9
2025-03-01T13:12:30,96.79
2025-03-01T13:12:31,95.99
2025-03-01T13:12:32,99.16
2025-03-01T13:12:33,92.5
2025-03-01T13:12:34,97.56
2025-03-01T13:12:35,88.61
2025-03-01T13:12:36,95.44
2025-03-01T13:12:37,93.06
2025-03-01T13:12:38,96.41
2025-03-01T13:12:39,99.75
,96.99
2025-03-01T13:12:41,101.36
2025-03-01T13:12:42,105.32
2025-03-01T13:12:43,104.43
2025-03-01T13:12:44,103.51
2025-03-01T13:12:45,97.73
2025-03-01T13:12:46,101.97
2025-03-01T13:12:47,86.45
2025-03-01T13:12:48,
2025-03-01T13:12:49,88.12
2025-03-01T13:12:50,103.84
2025-03-01T13:12:51,109.42
2025-03-01T13:12:52,100.33
2025-03-01T13:12:53,100.21
2025-03-01T13:12:54,94.73
2025-03-01T13:12:55,102.26
2025-03-01T13:12:56,99.66
2025-03-01T13:12:57,114.3
2025-03-01T13:12:58,112.94
2025-03-01T13:12:59,96.74
2025-03-01T13:13:00,103.9
2025-03-01T13:13:01,107.71
2025-03-01T13:13:02,97.81
2025-03-01T13:13:03,105.0
2025-03-01T13:13:04,95.0
2025-03-01T13:13:05,101.61
2025-03-01T13:13:06,103.43
,95.84
2025-03-01T13:13:08,101.69
2025-03-01T13:13:09,103.15
2025-03-01T13:13:10,95.03
2025-03-01T13:13:11,98.09
2025-03-01T13:13:12,104.86
2025-03-01T13:13:13,93.2
2025-03-01T13:13:14,95.63
2025-03-01T13:13:15,94.89
2025-03-01T13:13:16,102.47
2025-03-01T13:13:17,100.62
2025-03-01T13:13:18,97.52
2025-03-01T13:13:19,97.8
2025-03-01T13:13:20,94.6
2025-03-01T13:13:21,95.76
2025-03-01T13:13:22,106.43
2025-03-01T13:13:23,100.07
2025-03-01T13:13:24,96.76
2025-03-01T13:13:25,91.87
2025-03-01T13:13:26,97.11
2025-03-01T13:13:27,97.76
2025-03-01T13:13:28,99.3
2025-03-01T13:13:29,102.23
2025-03-01T13:13:30,102.72
2025-03-01T13:13:31,107.46
2025-03-01T13:13:32,93.68
2025-03-01T13:13:33,86.23
2025-03-01T13:13:34,92.55
2025-03-01T13:13:35,89.62
2025-03-01T13:13:36,89.16
2025-03-01T13:13:37,108.47
2025-03-01T13:13:38,93.97
2025-03-01T13:13:39,102.87
,108.65
2025-03-01T13:13:41,96.87
2025-03-01T13:13:42,97.65
2025-03-01T13:13:43,102.57
2025-03-01T13:13:44,99.97
2025-03-01T13:13:45,100.36
2025-03-01T13:13:46,103.35
,101.66
2025-03-01T13:13:48,100.79
2025-03-01T13:13:49,105.03
2025-03-01T13:13:50,100.89
2025-03-01T13:13:51,102.66
2025-03-01T13:13:52,104.46
2025-03-01T13:13:53,97.33
2025-03-01T13:13:54,112.24
2025-03-01T13:13:55,87.98
2025-03-01T13:13:56,103.94
2025-03-01T13:13:57,107.78
2025-03-01T13:13:58,105.57
2025-03-01T13:13:59,94.58
2025-03-01T13:14:00,97.53
2025-03-01T13:14:01,96.06
2025-03-01T13:14:02,98.64
2025-03-01T13:14:03,92.66
2025-03-01T13:14:04,101.41
2025-03-01T13:14:05,99.46
,91.99
2025-03-01T13:14:07,99.75
2025-03-01T13:14:08,102.94
2025-03-01T13:14:09,108.29
2025-03-01T13:14:10,99.96
2025-03-01T13:14:11,106.75
2025-03-01T13:14:12,96.5
2025-03-01T13:14:13,105.84
2025-03-01T13:14:14,
2025-03-01T13:14:15,101.5
2025-03-01T13:14:16,99.15
2025-03-01T13:14:17,105.44
2025-03-01T13:14:18,106.63
2025-03-01T13:14:19,93.3
2025-03-01T13:14:20,99.5
2025-03-01T13:14:21,101.46
2025-03-01T13:14:22,94.97
2025-03-01T13:14:23,101.09
,100.95
2025-03-01T13:14:25,93.9
2025-03-01T13:14:26,92.32
2025-03-01T13:14:27,107.05
2025-03-01T13:14:28,93.1
2025-03-01T13:14:29,97.7
2025-03-01T13:14:30,98.94
2025-03-01T13:14:31,99.0
2025-03-01T13:14:32,
2025-03-01T13:14:33,91.32
2025-03-01T13:14:34,102.06
2025-03-01T13:14:35,101.14
2025-03-01T13:14:36,97.48
2025-03-01T13:14:37,102.54
2025-03-01T13:14:38,102.61
2025-03-01T13:14:39,99.84
2025-03-01T13:14:40,103.85
2025-03-01T13:14:41,107.75
2025-03-01T13:14:42,
2025-03-01T13:14:43,100.11
2025-03-01T13:14:44,105.14
2025-03-01T13:14:45,98.29
2025-03-01T13:14:46,112.85
2025-03-01T13:14:47,99.25
2025-03-01T13:14:48,103.08
2025-03-01T13:14:49,103.34
2025-03-01T13:14:50,104.53
,87.66
2025-03-01T13:14:52,95.84
2025-03-01T13:14:53,97.6
2025-03-01T13:14:54,101.29
2025-03-01T13:14:55,102.51
2025-03-01T13:14:56,95.44
2025-03-01T13:14:57,104.22
2025-03-01T13:14:58,110.83
2025-03-01T13:14:59,104.47
2025-03-01T13:15:00,103.34
2025-03-01T13:15:01,100.07
2025-03-01T13:15:02,96.05
2025-03-01T13:15:03,99.38
2025-03-01T13:15:04,98.94
2025-03-01T13:15:05,105.13
2025-03-01T13:15:06,96.2
2025-03-01T13:15:07,97.63
,91.95
2025-03-01T13:15:09,97.68
2025-03-01T13:15:10,99.17
2025-03-01T13:15:11,96.65
2025-03-01T13:15:12,95.04
2025-03-01T13:15:13,97.38
2025-03-01T13:15:14,101.51
2025-03-01T13:15:15,100.55
2025-03-01T13:15:16,102.32
2025-03-01T13:15:17,100.95
2025-03-01T13:15:18,109.48
2025-03-01T13:15:19,111.0
2025-03-01T13:15:20,97.03
2025-03-01T13:15:21,94.97
,98.63
2025-03-01T13:15:23,101.92
2025-03-01T13:15:24,
2025-03-01T13:15:25,94.15
2025-03-01T13:15:26,91.73
2025-03-01T13:15:27,104.58
2025-03-01T13:15:28,102.42
2025-03-01T13:15:29,95.01
2025-03-01T13:15:30,107.9
2025-03-01T13:15:31,102.54
2025-03-01T13:15:32,105.98
2025-03-01T13:15:33,102.92
2025-03-01T13:15:34,113.37
2025-03-01T13:15:35,102.03
2025-03-01T13:15:36,93.17
2025-03-01T13:15:37,100.79
2025-03-01T13:15:38,97.3
2025-03-01T13:15:39,87.71
2025-03-01T13:15:40,103.92
2025-03-01T13:15:41,106.04
2025-03-01T13:15:42,104.71
2025-03-01T13:15:43,94.17
2025-03-01T13:15:44,99.2
,96.77
2025-03-01T13:15:46,103.44
2025-03-01T13:15:47,95.04
2025-03-01T13:15:48,100.44
2025-03-01T13:15:49,103.57
2025-03-01T13:15:50,95.68
2025-03-01T13:15:51,109.78
2025-03-01T13:15:52,106.92
2025-03-01T13:15:53,105.53
2025-03-01T13:15:54,106.76
2025-03-01T13:15:55,99.44
2025-03-01T13:15:56,105.13
2025-03-01T13:15:57,102.62
2025-03-01T13:15:58,101.41
2025-03-01T13:15:59,101.01
2025-03-01T13:16:00,106.32
2025-03-01T13:16:01,98.59
2025-03-01T13:16:02,101.69
2025-03-01T13:16:03,97.16
2025-03-01T13:16:04,99.51
2025-03-01T13:16:05,100.83
2025-03-01T13:16:06,95.16
2025-03-01T13:16:07,101.47
2025-03-01T13:16:08,100.35
2025-03-01T13:16:09,99.94
2025-03-01T13:16:10,
2025-03-01T13:16:11,100.98
2025-03-01T13:16:12,99.08
2025-03-01T13:16:13,101.14
2025-03-01T13:16:14,98.34
2025-03-01T13:16:15,93.26
2025-03-01T13:16:16,95.67
2025-03-01T13:16:17,95.68
2025-03-01T13:16:18,102.36
2025-03-01T13:16:19,90.86
2025-03-01T13:16:20,94.19
,
2025-03-01T13:16:22,99.03
2025-03-01T13:16:23,102.33
2025-03-01T13:16:24,100.39
2025-03-01T13:16:25,99.76
2025-03-01T13:16:26,90.41
2025-03-01T13:16:27,100.29
2025-03-01T13:16:28,104.35
2025-03-01T13:16:29,97.59
2025-03-01T13:16:30,
2025-03-01T13:16:31,105.56
2025-03-01T13:16:32,99.54
2025-03-01T13:16:33,106.26
2025-03-01T13:16:34,97.15
2025-03-01T13:16:35,97.88
2025-03-01T13:16:36,105.43
2025-03-01T13:16:37,93.0
2025-03-01T13:16:38,101.59
2025-03-01T13:16:39,97.07
2025-03-01T13:16:40,109.85
2025-03-01T13:16:41,97.63
2025-03-01T13:16:42,91.39
2025-03-01T13:16:43,89.78
2025-03-01T13:16:44,101.23
2025-03-01T13:16:45,102.16
2025-03-01T13:16:46,97.48
2025-03-01T13:16:47,106.83
2025-03-01T13:16:48,102.17
2025-03-01T13:16:49,103.41
2025-03-01T13:16:50,102.77
2025-03-01T13:16:51,97.66
2025-03-01T13:16:52,101.82
2025-03-01T13:16:53,88.99
2025-03-01T13:16:54,101.88
2025-03-01T13:16:55,96.86
2025-03-01T13:16:56,103.02
,97.34
2025-03-01T13:16:58,100.49
2025-03-01T13:16:59,95.88
2025-03-01T13:17:00,93.92
2025-03-01T13:17:01,106.22
2025-03-01T13:17:02,104.84
2025-03-01T13:17:03,93.87
2025-03-01T13:17:04,98.63
2025-03-01T13:17:05,102.51
2025-03-01T13:17:06,96.41
2025-03-01T13:17:07,97.95
2025-03-01T13:17:08,102.58
2025-03-01T13:17:09,113.02
2025-03-01T13:17:10,92.43
2025-03-01T13:17:11,100.14
2025-03-01T13:17:12,102.11
2025-03-01T13:17:13,106.79
2025-03-01T13:17:14,100.49
2025-03-01T13:17:15,105.49
2025-03-01T13:17:16,97.07
2025-03-01T13:17:17,97.14
2025-03-01T13:17:18,98.34
2025-03-01T13:17:19,98.69
2025-03-01T13:17:20,102.1
2025-03-01T13:17:21,101.1
2025-03-01T13:17:22,101.47
2025-03-01T13:17:23,102.21
2025-03-01T13:17:24,92.33
2025-03-01T13:17:25,102.98
2025-03-01T13:17:26,95.67
2025-03-01T13:17:27,95.34
2025-03-01T13:17:28,97.95
2025-03-01T13:17:29,103.75
2025-03-01T13:17:30,101.1
2025-03-01T13:17:31,90.7
2025-03-01T13:17:32,101.65
2025-03-01T13:17:33,107.04
2025-03-01T13:17:34,91.49
2025-03-01T13:17:35,99.58
2025-03-01T13:17:36,104.8
2025-03-01T13:17:37,99.59
2025-03-01T13:17:38,103.05
2025-03-01T13:17:39,98.34
2025-03-01T13:17:40,99.42
2025-03-01T13:17:41,108.08
2025-03-01T13:17:42,110.83
2025-03-01T13:17:43,97.59
2025-03-01T13:17:44,98.74
2025-03-01T13:17:45,100.67
2025-03-01T13:17:46,97.79
2025-03-01T13:17:47,97.48
2025-03-01T13:17:48,89.43
2025-03-01T13:17:49,97.76
2025-03-01T13:17:50,102.42
2025-03-01T13:17:51,93.63
2025-03-01T13:17:52,105.34
2025-03-01T13:17:53,96.6
2025-03-01T13:17:54,94.46
2025-03-01T13:17:55,102.18
2025-03-01T13:17:56,99.18
2025-03-01T13:17:57,96.17
2025-03-01T13:17:58,99.34
2025-03-01T13:17:59,98.82
2025-03-01T13:18:00,99.84
2025-03-01T13:18:01,111.92
2025-03-01T13:18:02,103.11
2025-03-01T13:18:03,99.74
2025-03-01T13:18:04,96.96
2025-03-01T13:18:05,97.62
2025-03-01T13:18:06,100.67
2025-03-01T13:18:07,92.39
2025-03-01T13:18:08,100.25
2025-03-01T13:18:09,102.3
2025-03-01T13:18:10,95.68
2025-03-01T13:18:11,101.02
2025-03-01T13:18:12,103.46
2025-03-01T13:18:13,101.87
2025-03-01T13:18:14,103.18
2025-03-01T13:18:15,94.4
2025-03-01T13:18:16,106.6
2025-03-01T13:18:17,108.54
2025-03-01T13:18:18,97.9
2025-03-01T13:18:19,107.62
2025-03-01T13:18:20,104.24
2025-03-01T13:18:21,102.68
2025-03-01T13:18:22,96.02
,103.59
2025-03-01T13:18:24,99.42
2025-03-01T13:18:25,105.2
2025-03-01T13:18:26,98.46
2025-03-01T13:18:27,91.48
2025-03-01T13:18:28,105.72
2025-03-01T13:18:29,94.12
2025-03-01T13:18:30,94.62
2025-03-01T13:18:31,101.66
2025-03-01T13:18:32,98.98
2025-03-01T13:18:33,98.43
2025-03-01T13:18:34,102.54
2025-03-01T13:18:35,105.6
2025-03-01T13:18:36,104.15
2025-03-01T13:18:37,95.66
2025-03-01T13:18:38,98.84
2025-03-01T13:18:39,96.65
2025-03-01T13:18:40,104.81
2025-03-01T13:18:41,95.59
2025-03-01T13:18:42,102.44
2025-03-01T13:18:43,98.76
2025-03-01T13:18:44,99.6
2025-03-01T13:18:45,103.55
2025-03-01T13:18:46,97.21
2025-03-01T13:18:47,96.13
2025-03-01T13:18:48,100.66
2025-03-01T13:18:49,104.42
2025-03-01T13:18:50,98.12
2025-03-01T13:18:51,103.77
2025-03-01T13:18:52,104.85
2025-03-01T13:18:53,99.57
2025-03-01T13:18:54,98.98
2025-03-01T13:18:55,104.48
2025-03-01T13:18:56,99.35
2025-03-01T13:18:57,102.23
2025-03-01T13:18:58,102.17
2025-03-01T13:18:59,99.63
2025-03-01T13:19:00,103.94
2025-03-01T13:19:01,99.86
2025-03-01T13:19:02,95.19
2025-03-01T13:19:03,98.15
,98.2
2025-03-01T13:19:05,104.03
2025-03-01T13:19:06,101.11
2025-03-01T13:19:07,100.3
2025-03-01T13:19:08,86.44
2025-03-01T13:19:09,100.67
2025-03-01T13:19:10,91.5
2025-03-01T13:19:11,106.38
,93.57
2025-03-01T13:19:13,98.22
2025-03-01T13:19:14,105.19
2025-03-01T13:19:15,95.72
2025-03-01T13:19:16,101.45
2025-03-01T13:19:17,102.88
2025-03-01T13:19:18,105.79
2025-03-01T13:19:19,98.68
2025-03-01T13:19:20,100.24
2025-03-01T13:19:21,93.13
2025-03-01T13:19:22,100.31
2025-03-01T13:19:23,
2025-03-01T13:19:24,111.19
2025-03-01T13:19:25,101.64
2025-03-01T13:19:26,105.8
2025-03-01T13:19:27,92.99
2025-03-01T13:19:28,107.14
2025-03-01T13:19:29,99.52
2025-03-01T13:19:30,92.28
2025-03-01T13:19:31,102.01
2025-03-01T13:19:32,100.76
2025-03-01T13:19:33,102.13
2025-03-01T13:19:34,106.11
2025-03-01T13:19:35,99.91
2025-03-01T13:19:36,99.23
2025-03-01T13:19:37,94.35
2025-03-01T13:19:38,103.51
2025-03-01T13:19:39,107.95
2025-03-01T13:19:40,104.97
2025-03-01T13:19:41,99.79
2025-03-01T13:19:42,97.79
2025-03-01T13:19:43,105.79
2025-03-01T13:19:44,93.6
2025-03-01T13:19:45,96.31
2025-03-01T13:19:46,102.73
2025-03-01T13:19:47,100.06
2025-03-01T13:19:48,97.64
2025-03-01T13:19:49,101.74
2025-03-01T13:19:50,101.92
2025-03-01T13:19:51,100.11
2025-03-01T13:19:52,101.66
2025-03-01T13:19:53,99.06
2025-03-01T13:19:54,94.07
2025-03-01T13:19:55,94.5
,101.65
2025-03-01T13:19:57,93.88
2025-03-01T13:19:58,101.06
2025-03-01T13:19:59,101.8
