timestamp,value
2025-02-01T10:00:00,102.17
2025-02-01T10:00:01,110.24
2025-02-01T10:00:02,93.12
2025-02-01T10:00:03,101.2
2025-02-01T10:00:04,88.63
2025-02-01T10:00:05,102.39
2025-02-01T10:00:06,95.44
2025-02-01T10:00:07,96.52
2025-02-01T10:00:08,95.76
2025-02-01T10:00:09,99.32
2025-02-01T10:00:10,105.63
2025-02-01T10:00:11,96.34
2025-02-01T10:00:12,102.25
2025-02-01T10:00:13,103.66
2025-02-01T10:00:14,102.94
2025-02-01T10:00:15,102.76
2025-02-01T10:00:16,91.16
,92.81
2025-02-01T10:00:18,97.46
2025-02-01T10:00:19,102.97
2025-02-01T10:00:20,93.47
2025-02-01T10:00:21,98.61
2025-02-01T10:00:22,106.08
2025-02-01T10:00:23,104.88
2025-02-01T10:00:24,103.85
2025-02-01T10:00:25,98.51
2025-02-01T10:00:26,102.61
2025-02-01T10:00:27,105.47
2025-02-01T10:00:28,105.45
2025-02-01T10:00:29,100.54
2025-02-01T10:00:30,107.51
2025-02-01T10:00:31,101.34
2025-02-01T10:00:32,97.97
2025-02-01T10:00:33,97.82
2025-02-01T10:00:34,100.18
2025-02-01T10:00:35,101.36
2025-02-01T10:00:36,106.82
2025-02-01T10:00:37,98.6
2025-02-01T10:00:38,104.24
2025-02-01T10:00:39,98.41
2025-02-01T10:00:40,96.28
2025-02-01T10:00:41,98.03
2025-02-01T10:00:42,108.58
2025-02-01T10:00:43,104.09
2025-02-01T10:00:44,105.04
2025-02-01T10:00:45,
2025-02-01T10:00:46,85.3
2025-02-01T10:00:47,98.86
2025-02-01T10:00:48,105.51
2025-02-01T10:00:49,104.97
2025-02-01T10:00:50,98.31
2025-02-01T10:00:51,
2025-02-01T10:00:52,95.96
2025-02-01T10:00:53,99.84
2025-02-01T10:00:54,105.26
,103.01
2025-02-01T10:00:56,101.95
,103.83
2025-02-01T10:00:58,100.05
2025-02-01T10:00:59,97.63
2025-02-01T10:01:00,97.49
2025-02-01T10:01:01,96.95
2025-02-01T10:01:02,100.45
2025-02-01T10:01:03,102.67
2025-02-01T10:01:04,100.02
2025-02-01T10:01:05,99.56
2025-02-01T10:01:06,109.33
2025-02-01T10:01:07,99.38
2025-02-01T10:01:08,99.48
,98.82
2025-02-01T10:01:10,101.29
2025-02-01T10:01:11,100.04
2025-02-01T10:01:12,108.18
2025-02-01T10:01:13,104.17
2025-02-01T10:01:14,99.71
2025-02-01T10:01:15,106.18
2025-02-01T10:01:16,97.65
2025-02-01T10:01:17,95.48
2025-02-01T10:01:18,93.55
2025-02-01T10:01:19,98.61
2025-02-01T10:01:20,100.17
2025-02-01T10:01:21,106.58
2025-02-01T10:01:22,105.66
2025-02-01T10:01:23,102.81
2025-02-01T10:01:24,99.08
2025-02-01T10:01:25,102.24
,106.02
2025-02-01T10:01:27,100.51
2025-02-01T10:01:28,110.63
2025-02-01T10:01:29,103.12
2025-02-01T10:01:30,102.26
2025-02-01T10:01:31,
2025-02-01T10:01:32,96.1
2025-02-01T10:01:33,101.81
2025-02-01T10:01:34,95.52
2025-02-01T10:01:35,93.29
2025-02-01T10:01:36,98.5
2025-02-01T10:01:37,106.48
2025-02-01T10:01:38,100.38
2025-02-01T10:01:39,96.93
2025-02-01T10:01:40,105.31
2025-02-01T10:01:41,
2025-02-01T10:01:42,102.79
2025-02-01T10:01:43,98.25
2025-02-01T10:01:44,110.86
2025-02-01T10:01:45,88.4
2025-02-01T10:01:46,105.61
2025-02-01T10:01:47,99.53
2025-02-01T10:01:48,100.0
2025-02-01T10:01:49,100.37
2025-02-01T10:01:50,98.0
2025-02-01T10:01:51,95.55
2025-02-01T10:01:52,104.43
2025-02-01T10:01:53,94.77
2025-02-01T10:01:54,105.19
2025-02-01T10:01:55,101.69
2025-02-01T10:01:56,99.5
2025-02-01T10:01:57,93.88
2025-02-01T10:01:58,99.7
2025-02-01T10:01:59,105.86
2025-02-01T10:02:00,92.17
2025-02-01T10:02:01,102.5
2025-02-01T10:02:02,103.69
,105.23
2025-02-01T10:02:04,97.3
2025-02-01T10:02:05,102.24
2025-02-01T10:02:06,102.48
2025-02-01T10:02:07,97.58
2025-02-01T10:02:08,101.57
2025-02-01T10:02:09,99.84
2025-02-01T10:02:10,98.47
2025-02-01T10:02:11,89.16
2025-02-01T10:02:12,93.02
2025-02-01T10:02:13,102.49
2025-02-01T10:02:14,100.47
2025-02-01T10:02:15,98.09
2025-02-01T10:02:16,100.46
2025-02-01T10:02:17,102.31
2025-02-01T10:02:18,108.1
2025-02-01T10:02:19,100.58
2025-02-01T10:02:20,103.1
2025-02-01T10:02:21,104.97
2025-02-01T10:02:22,105.4
2025-02-01T10:02:23,105.82
2025-02-01T10:02:24,100.66
2025-02-01T10:02:25,98.27
2025-02-01T10:02:26,99.45
2025-02-01T10:02:27,96.86
2025-02-01T10:02:28,94.65
2025-02-01T10:02:29,97.51
2025-02-01T10:02:30,100.57
2025-02-01T10:02:31,97.38
2025-02-01T10:02:32,98.22
2025-02-01T10:02:33,101.25
2025-02-01T10:02:34,105.33
2025-02-01T10:02:35,97.66
2025-02-01T10:02:36,101.53
2025-02-01T10:02:37,97.87
2025-02-01T10:02:38,101.73
2025-02-01T10:02:39,103.54
2025-02-01T10:02:40,90.74
2025-02-01T10:02:41,95.96
2025-02-01T10:02:42,99.11
2025-02-01T10:02:43,103.22
2025-02-01T10:02:44,98.87
2025-02-01T10:02:45,107.25
2025-02-01T10:02:46,92.98
2025-02-01T10:02:47,105.78
2025-02-01T10:02:48,107.23
2025-02-01T10:02:49,100.31
2025-02-01T10:02:50,99.39
2025-02-01T10:02:51,97.78
2025-02-01T10:02:52,88.11
2025-02-01T10:02:53,101.51
2025-02-01T10:02:54,95.25
2025-02-01T10:02:55,
2025-02-01T10:02:56,94.25
2025-02-01T10:02:57,99.66
2025-02-01T10:02:58,96.6
2025-02-01T10:02:59,100.94
2025-02-01T10:03:00,104.66
2025-02-01T10:03:01,99.56
2025-02-01T10:03:02,101.5
2025-02-01T10:03:03,98.7
2025-02-01T10:03:04,97.82
2025-02-01T10:03:05,101.62
2025-02-01T10:03:06,99.86
2025-02-01T10:03:07,104.98
2025-02-01T10:03:08,105.5
2025-02-01T10:03:09,96.25
2025-02-01T10:03:10,99.37
2025-02-01T10:03:11,94.77
2025-02-01T10:03:12,96.91
2025-02-01T10:03:13,105.87
2025-02-01T10:03:14,103.07
2025-02-01T10:03:15,98.53
2025-02-01T10:03:16,95.47
2025-02-01T10:03:17,97.66
2025-02-01T10:03:18,101.72
,87.64
2025-02-01T10:03:20,94.8
,107.74
,101.48
2025-02-01T10:03:23,101.28
2025-02-01T10:03:24,96.69
2025-02-01T10:03:25,98.71
2025-02-01T10:03:26,99.15
2025-02-01T10:03:27,97.68
2025-02-01T10:03:28,97.59
2025-02-01T10:03:29,100.4
2025-02-01T10:03:30,101.11
2025-02-01T10:03:31,105.97
2025-02-01T10:03:32,98.19
2025-02-01T10:03:33,93.8
2025-02-01T10:03:34,93.67
2025-02-01T10:03:35,95.37
2025-02-01T10:03:36,101.15
2025-02-01T10:03:37,102.57
2025-02-01T10:03:38,105.5
2025-02-01T10:03:39,92.79
2025-02-01T10:03:40,92.37
2025-02-01T10:03:41,108.98
2025-02-01T10:03:42,110.89
2025-02-01T10:03:43,100.62
2025-02-01T10:03:44,105.97
2025-02-01T10:03:45,101.88
2025-02-01T10:03:46,107.82
2025-02-01T10:03:47,96.91
2025-02-01T10:03:48,110.93
2025-02-01T10:03:49,103.64
2025-02-01T10:03:50,94.97
2025-02-01T10:03:51,104.51
2025-02-01T10:03:52,88.58
2025-02-01T10:03:53,99.38
2025-02-01T10:03:54,106.12
2025-02-01T10:03:55,108.5
2025-02-01T10:03:56,100.38
2025-02-01T10:03:57,104.88
2025-02-01T10:03:58,96.05
2025-02-01T10:03:59,106.41
2025-02-01T10:04:00,104.58
2025-02-01T10:04:01,97.73
2025-02-01T10:04:02,102.21
2025-02-01T10:04:03,92.54
2025-02-01T10:04:04,93.83
2025-02-01T10:04:05,106.8
2025-02-01T10:04:06,106.99
2025-02-01T10:04:07,101.85
2025-02-01T10:04:08,105.87
2025-02-01T10:04:09,101.75
2025-02-01T10:04:10,93.54
2025-02-01T10:04:11,105.91
2025-02-01T10:04:12,100.36
2025-02-01T10:04:13,100.25
2025-02-01T10:04:14,94.89
2025-02-01T10:04:15,97.75
2025-02-01T10:04:16,102.68
2025-02-01T10:04:17,101.59
2025-02-01T10:04:18,109.71
2025-02-01T10:04:19,97.3
2025-02-01T10:04:20,
2025-02-01T10:04:21,101.09
2025-02-01T10:04:22,91.33
2025-02-01T10:04:23,98.3
2025-02-01T10:04:24,99.31
2025-02-01T10:04:25,101.85
2025-02-01T10:04:26,96.24
2025-02-01T10:04:27,100.57
2025-02-01T10:04:28,103.79
2025-02-01T10:04:29,97.57
2025-02-01T10:04:30,93.17
2025-02-01T10:04:31,106.26
2025-02-01T10:04:32,98.63
2025-02-01T10:04:33,99.16
2025-02-01T10:04:34,95.03
2025-02-01T10:04:35,98.08
2025-02-01T10:04:36,102.78
2025-02-01T10:04:37,95.96
2025-02-01T10:04:38,100.31
2025-02-01T10:04:39,97.43
2025-02-01T10:04:40,103.13
2025-02-01T10:04:41,95.28
2025-02-01T10:04:42,94.85
,100.62
2025-02-01T10:04:44,106.59
2025-02-01T10:04:45,97.55
2025-02-01T10:04:46,105.59
2025-02-01T10:04:47,108.36
2025-02-01T10:04:48,102.18
2025-02-01T10:04:49,97.45
2025-02-01T10:04:50,94.01
2025-02-01T10:04:51,95.24
2025-02-01T10:04:52,98.22
2025-02-01T10:04:53,105.59
2025-02-01T10:04:54,90.46
2025-02-01T10:04:55,102.14
2025-02-01T10:04:56,101.52
2025-02-01T10:04:57,100.74
2025-02-01T10:04:58,103.52
2025-02-01T10:04:59,96.43
2025-02-01T10:05:00,102.77
2025-02-01T10:05:01,96.34
2025-02-01T10:05:02,104.03
2025-02-01T10:05:03,102.99
2025-02-01T10:05:04,100.7
2025-02-01T10:05:05,98.22
2025-02-01T10:05:06,99.62
2025-02-01T10:05:07,100.61
2025-02-01T10:05:08,100.17
2025-02-01T10:05:09,104.7
2025-02-01T10:05:10,100.19
2025-02-01T10:05:11,101.02
2025-02-01T10:05:12,102.58
2025-02-01T10:05:13,101.07
2025-02-01T10:05:14,100.38
2025-02-01T10:05:15,105.15
2025-02-01T10:05:16,105.49
2025-02-01T10:05:17,104.0
2025-02-01T10:05:18,98.21
2025-02-01T10:05:19,97.44
2025-02-01T10:05:20,101.01
2025-02-01T10:05:21,96.87
2025-02-01T10:05:22,
2025-02-01T10:05:23,105.66
2025-02-01T10:05:24,98.79
2025-02-01T10:05:25,102.81
2025-02-01T10:05:26,100.28
2025-02-01T10:05:27,101.9
2025-02-01T10:05:28,103.18
2025-02-01T10:05:29,97.15
2025-02-01T10:05:30,101.73
2025-02-01T10:05:31,103.24
2025-02-01T10:05:32,106.82
2025-02-01T10:05:33,104.19
2025-02-01T10:05:34,94.91
2025-02-01T10:05:35,96.23
2025-02-01T10:05:36,99.29
2025-02-01T10:05:37,104.53
2025-02-01T10:05:38,97.45
2025-02-01T10:05:39,104.19
2025-02-01T10:05:40,98.56
2025-02-01T10:05:41,104.71
2025-02-01T10:05:42,94.67
,95.46
2025-02-01T10:05:44,101.92
2025-02-01T10:05:45,
2025-02-01T10:05:46,106.26
2025-02-01T10:05:47,94.97
2025-02-01T10:05:48,94.82
2025-02-01T10:05:49,98.41
2025-02-01T10:05:50,100.83
2025-02-01T10:05:51,101.76
2025-02-01T10:05:52,98.56
2025-02-01T10:05:53,99.25
2025-02-01T10:05:54,102.89
2025-02-01T10:05:55,95.5
2025-02-01T10:05:56,103.66
2025-02-01T10:05:57,94.26
2025-02-01T10:05:58,100.09
2025-02-01T10:05:59,110.22
2025-02-01T10:06:00,93.62
2025-02-01T10:06:01,103.69
2025-02-01T10:06:02,98.61
2025-02-01T10:06:03,101.28
2025-02-01T10:06:04,98.52
2025-02-01T10:06:05,93.46
2025-02-01T10:06:06,
2025-02-01T10:06:07,111.78
2025-02-01T10:06:08,106.47
2025-02-01T10:06:09,98.65
2025-02-01T10:06:10,95.47
2025-02-01T10:06:11,101.99
2025-02-01T10:06:12,110.82
2025-02-01T10:06:13,98.57
2025-02-01T10:06:14,103.88
2025-02-01T10:06:15,94.96
2025-02-01T10:06:16,97.75
2025-02-01T10:06:17,100.45
2025-02-01T10:06:18,101.53
2025-02-01T10:06:19,95.49
2025-02-01T10:06:20,91.42
2025-02-01T10:06:21,90.82
2025-02-01T10:06:22,108.89
2025-02-01T10:06:23,104.44
2025-02-01T10:06:24,96.0
2025-02-01T10:06:25,100.95
,103.12
2025-02-01T10:06:27,100.08
2025-02-01T10:06:28,107.12
2025-02-01T10:06:29,96.67
2025-02-01T10:06:30,103.21
2025-02-01T10:06:31,100.23
2025-02-01T10:06:32,97.57
2025-02-01T10:06:33,102.73
2025-02-01T10:06:34,103.22
2025-02-01T10:06:35,99.06
2025-02-01T10:06:36,105.69
2025-02-01T10:06:37,97.28
2025-02-01T10:06:38,101.87
2025-02-01T10:06:39,97.78
2025-02-01T10:06:40,87.51
2025-02-01T10:06:41,98.28
2025-02-01T10:06:42,100.06
2025-02-01T10:06:43,93.18
2025-02-01T10:06:44,103.16
2025-02-01T10:06:45,96.49
2025-02-01T10:06:46,100.48
2025-02-01T10:06:47,102.03
2025-02-01T10:06:48,102.35
2025-02-01T10:06:49,100.93
2025-02-01T10:06:50,97.27
2025-02-01T10:06:51,105.59
2025-02-01T10:06:52,107.2
2025-02-01T10:06:53,98.95
2025-02-01T10:06:54,109.1
2025-02-01T10:06:55,103.04
2025-02-01T10:06:56,104.01
2025-02-01T10:06:57,105.63
2025-02-01T10:06:58,104.48
2025-02-01T10:06:59,103.49
2025-02-01T10:07:00,103.79
2025-02-01T10:07:01,103.81
,101.43
2025-02-01T10:07:03,
2025-02-01T10:07:04,99.69
2025-02-01T10:07:05,107.25
2025-02-01T10:07:06,95.67
2025-02-01T10:07:07,102.44
2025-02-01T10:07:08,99.42
2025-02-01T10:07:09,97.37
2025-02-01T10:07:10,91.14
2025-02-01T10:07:11,102.06
2025-02-01T10:07:12,96.26
2025-02-01T10:07:13,105.13
2025-02-01T10:07:14,92.92
2025-02-01T10:07:15,92.45
2025-02-01T10:07:16,99.63
2025-02-01T10:07:17,92.24
2025-02-01T10:07:18,103.2
,101.63
2025-02-01T10:07:20,96.65
2025-02-01T10:07:21,108.0
2025-02-01T10:07:22,
2025-02-01T10:07:23,100.85
2025-02-01T10:07:24,111.93
2025-02-01T10:07:25,96.49
2025-02-01T10:07:26,104.11
2025-02-01T10:07:27,88.42
2025-02-01T10:07:28,100.03
2025-02-01T10:07:29,107.05
2025-02-01T10:07:30,89.98
2025-02-01T10:07:31,99.59
2025-02-01T10:07:32,92.49
2025-02-01T10:07:33,96.74
2025-02-01T10:07:34,99.61
2025-02-01T10:07:35,98.74
2025-02-01T10:07:36,96.59
2025-02-01T10:07:37,101.91
2025-02-01T10:07:38,98.36
2025-02-01T10:07:39,90.36
2025-02-01T10:07:40,105.36
2025-02-01T10:07:41,98.11
2025-02-01T10:07:42,100.54
2025-02-01T10:07:43,97.51
2025-02-01T10:07:44,100.01
2025-02-01T10:07:45,103.4
2025-02-01T10:07:46,110.2
2025-02-01T10:07:47,94.29
2025-02-01T10:07:48,95.3
2025-02-01T10:07:49,92.87
2025-02-01T10:07:50,100.38
2025-02-01T10:07:51,90.37
2025-02-01T10:07:52,102.99
2025-02-01T10:07:53,104.49
2025-02-01T10:07:54,99.24
2025-02-01T10:07:55,99.21
2025-02-01T10:07:56,99.05
2025-02-01T10:07:57,106.63
2025-02-01T10:07:58,94.46
2025-02-01T10:07:59,99.9
2025-02-01T10:08:00,104.37
2025-02-01T10:08:01,98.94
2025-02-01T10:08:02,98.57
2025-02-01T10:08:03,95.19
2025-02-01T10:08:04,96.73
2025-02-01T10:08:05,97.88
2025-02-01T10:08:06,100.68
2025-02-01T10:08:07,111.16
2025-02-01T10:08:08,106.64
2025-02-01T10:08:09,100.9
2025-02-01T10:08:10,104.89
2025-02-01T10:08:11,102.64
2025-02-01T10:08:12,103.27
2025-02-01T10:08:13,109.87
2025-02-01T10:08:14,97.95
2025-02-01T10:08:15,100.68
2025-02-01T10:08:16,98.45
2025-02-01T10:08:17,98.79
2025-02-01T10:08:18,107.33
2025-02-01T10:08:19,97.34
2025-02-01T10:08:20,96.93
2025-02-01T10:08:21,99.77
2025-02-01T10:08:22,97.31
2025-02-01T10:08:23,97.77
2025-02-01T10:08:24,99.52
2025-02-01T10:08:25,103.05
2025-02-01T10:08:26,106.49
2025-02-01T10:08:27,103.07
2025-02-01T10:08:28,89.0
2025-02-01T10:08:29,108.84
2025-02-01T10:08:30,98.81
2025-02-01T10:08:31,98.88
2025-02-01T10:08:32,105.95
2025-02-01T10:08:33,98.66
2025-02-01T10:08:34,102.77
2025-02-01T10:08:35,98.93
2025-02-01T10:08:36,104.62
2025-02-01T10:08:37,104.04
2025-02-01T10:08:38,96.52
2025-02-01T10:08:39,107.22
2025-02-01T10:08:40,97.93
,94.88
2025-02-01T10:08:42,101.89
2025-02-01T10:08:43,103.16
2025-02-01T10:08:44,111.46
2025-02-01T10:08:45,95.24
2025-02-01T10:08:46,105.23
2025-02-01T10:08:47,99.65
2025-02-01T10:08:48,102.95
2025-02-01T10:08:49,101.51
2025-02-01T10:08:50,99.9
2025-02-01T10:08:51,99.67
2025-02-01T10:08:52,107.12
2025-02-01T10:08:53,104.2
2025-02-01T10:08:54,108.61
2025-02-01T10:08:55,94.47
2025-02-01T10:08:56,99.94
2025-02-01T10:08:57,107.24
2025-02-01T10:08:58,102.93
2025-02-01T10:08:59,99.96
2025-02-01T10:09:00,100.08
2025-02-01T10:09:01,96.43
2025-02-01T10:09:02,
2025-02-01T10:09:03,88.73
,104.97
2025-02-01T10:09:05,99.0
2025-02-01T10:09:06,106.72
2025-02-01T10:09:07,94.15
2025-02-01T10:09:08,96.7
2025-02-01T10:09:09,91.26
2025-02-01T10:09:10,95.78
2025-02-01T10:09:11,97.72
2025-02-01T10:09:12,96.6
2025-02-01T10:09:13,100.33
2025-02-01T10:09:14,93.49
2025-02-01T10:09:15,102.06
2025-02-01T10:09:16,107.36
2025-02-01T10:09:17,95.79
2025-02-01T10:09:18,99.64
2025-02-01T10:09:19,101.68
2025-02-01T10:09:20,94.35
2025-02-01T10:09:21,104.14
2025-02-01T10:09:22,98.17
2025-02-01T10:09:23,108.92
2025-02-01T10:09:24,111.31
2025-02-01T10:09:25,105.86
2025-02-01T10:09:26,96.21
2025-02-01T10:09:27,93.78
2025-02-01T10:09:28,113.45
2025-02-01T10:09:29,103.07
2025-02-01T10:09:30,98.23
2025-02-01T10:09:31,100.99
2025-02-01T10:09:32,95.75
2025-02-01T10:09:33,91.3
2025-02-01T10:09:34,101.42
2025-02-01T10:09:35,97.32
2025-02-01T10:09:36,96.48
2025-02-01T10:09:37,92.45
2025-02-01T10:09:38,109.31
2025-02-01T10:09:39,97.0
2025-02-01T10:09:40,102.81
2025-02-01T10:09:41,96.33
2025-02-01T10:09:42,100.51
2025-02-01T10:09:43,96.83
2025-02-01T10:09:44,97.2
2025-02-01T10:09:45,101.37
2025-02-01T10:09:46,106.48
2025-02-01T10:09:47,102.0
2025-02-01T10:09:48,96.1
2025-02-01T10:09:49,103.58
2025-02-01T10:09:50,107.99
2025-02-01T10:09:51,100.45
2025-02-01T10:09:52,101.85
2025-02-01T10:09:53,96.77
,97.57
2025-02-01T10:09:55,103.62
2025-02-01T10:09:56,98.42
2025-02-01T10:09:57,104.15
2025-02-01T10:09:58,96.0
2025-02-01T10:09:59,103.19
2025-02-01T10:10:00,108.23
2025-02-01T10:10:01,95.45
2025-02-01T10:10:02,105.75
2025-02-01T10:10:03,91.16
2025-02-01T10:10:04,112.38
2025-02-01T10:10:05,93.46
2025-02-01T10:10:06,100.41
2025-02-01T10:10:07,105.02
2025-02-01T10:10:08,98.21
2025-02-01T10:10:09,102.64
,109.17
2025-02-01T10:10:11,98.74
,105.16
2025-02-01T10:10:13,106.28
2025-02-01T10:10:14,99.62
2025-02-01T10:10:15,99.11
2025-02-01T10:10:16,100.6
2025-02-01T10:10:17,106.16
2025-02-01T10:10:18,96.26
2025-02-01T10:10:19,101.0
,94.56
2025-02-01T10:10:21,100.6
2025-02-01T10:10:22,87.68
2025-02-01T10:10:23,99.13
2025-02-01T10:10:24,106.31
2025-02-01T10:10:25,90.9
2025-02-01T10:10:26,96.29
2025-02-01T10:10:27,100.06
2025-02-01T10:10:28,98.98
2025-02-01T10:10:29,95.0
2025-02-01T10:10:30,103.61
2025-02-01T10:10:31,94.95
2025-02-01T10:10:32,101.35
,95.28
,98.81
2025-02-01T10:10:35,90.17
2025-02-01T10:10:36,94.26
2025-02-01T10:10:37,99.08
2025-02-01T10:10:38,99.12
2025-02-01T10:10:39,93.12
2025-02-01T10:10:40,94.03
2025-02-01T10:10:41,101.69
2025-02-01T10:10:42,97.89
2025-02-01T10:10:43,98.37
2025-02-01T10:10:44,
2025-02-01T10:10:45,94.94
2025-02-01T10:10:46,102.4
2025-02-01T10:10:47,95.91
2025-02-01T10:10:48,
2025-02-01T10:10:49,104.6
2025-02-01T10:10:50,94.59
2025-02-01T10:10:51,101.85
2025-02-01T10:10:52,100.73
2025-02-01T10:10:53,99.07
2025-02-01T10:10:54,104.17
2025-02-01T10:10:55,
2025-02-01T10:10:56,102.77
2025-02-01T10:10:57,96.04
2025-02-01T10:10:58,101.56
2025-02-01T10:10:59,102.03
2025-02-01T10:11:00,108.87
2025-02-01T10:11:01,104.85
2025-02-01T10:11:02,109.65
2025-02-01T10:11:03,101.89
2025-02-01T10:11:04,104.4
2025-02-01T10:11:05,102.33
2025-02-01T10:11:06,103.04
2025-02-01T10:11:07,96.51
2025-02-01T10:11:08,101.2
2025-02-01T10:11:09,101.96
2025-02-01T10:11:10,103.22
2025-02-01T10:11:11,99.01
2025-02-01T10:11:12,101.33
2025-02-01T10:11:13,100.61
2025-02-01T10:11:14,98.66
2025-02-01T10:11:15,106.12
2025-02-01T10:11:16,100.57
2025-02-01T10:11:17,98.31
2025-02-01T10:11:18,97.35
2025-02-01T10:11:19,94.86
2025-02-01T10:11:20,107.87
2025-02-01T10:11:21,94.75
2025-02-01T10:11:22,100.06
2025-02-01T10:11:23,93.0
2025-02-01T10:11:24,101.01
2025-02-01T10:11:25,93.51
2025-02-01T10:11:26,99.61
2025-02-01T10:11:27,94.26
2025-02-01T10:11:28,108.8
2025-02-01T10:11:29,96.79
2025-02-01T10:11:30,100.66
2025-02-01T10:11:31,98.59
2025-02-01T10:11:32,105.68
2025-02-01T10:11:33,93.44
2025-02-01T10:11:34,94.31
2025-02-01T10:11:35,101.15
2025-02-01T10:11:36,94.49
2025-02-01T10:11:37,96.34
,99.68
2025-02-01T10:11:39,98.81
2025-02-01T10:11:40,99.48
2025-02-01T10:11:41,100.17
2025-02-01T10:11:42,94.74
2025-02-01T10:11:43,96.03
2025-02-01T10:11:44,101.79
2025-02-01T10:11:45,103.8
2025-02-01T10:11:46,105.09
2025-02-01T10:11:47,95.99
2025-02-01T10:11:48,103.44
2025-02-01T10:11:49,112.8
2025-02-01T10:11:50,104.71
2025-02-01T10:11:51,94.88
2025-02-01T10:11:52,92.14
2025-02-01T10:11:53,104.28
2025-02-01T10:11:54,95.33
2025-02-01T10:11:55,96.98
2025-02-01T10:11:56,104.25
2025-02-01T10:11:57,95.83
2025-02-01T10:11:58,101.13
2025-02-01T10:11:59,99.97
2025-02-01T10:12:00,86.75
2025-02-01T10:12:01,109.84
2025-02-01T10:12:02,102.6
2025-02-01T10:12:03,92.27
2025-02-01T10:12:04,96.04
2025-02-01T10:12:05,95.44
2025-02-01T10:12:06,102.74
2025-02-01T10:12:07,102.63
2025-02-01T10:12:08,98.5
2025-02-01T10:12:09,99.74
,92.57
2025-02-01T10:12:11,104.0
2025-02-01T10:12:12,97.5
2025-02-01T10:12:13,100.62
2025-02-01T10:12:14,102.04
2025-02-01T10:12:15,96.23
2025-02-01T10:12:16,92.24
2025-02-01T10:12:17,110.67
2025-02-01T10:12:18,106.72
2025-02-01T10:12:19,101.33
2025-02-01T10:12:20,103.04
2025-02-01T10:12:21,95.33
2025-02-01T10:12:22,93.52
2025-02-01T10:12:23,106.17
2025-02-01T10:12:24,107.14
2025-02-01T10:12:25,97.44
2025-02-01T10:12:26,102.64
2025-02-01T10:12:27,93.31
2025-02-01T10:12:28,97.93
2025-02-01T10:12:29,106.18
2025-02-01T10:12:30,100.53
2025-02-01T10:12:31,96.81
2025-02-01T10:12:32,95.62
2025-02-01T10:12:33,97.78
2025-02-01T10:12:34,97.18
2025-02-01T10:12:35,97.98
2025-02-01T10:12:36,96.04
2025-02-01T10:12:37,102.75
2025-02-01T10:12:38,107.46
2025-02-01T10:12:39,
2025-02-01T10:12:40,99.78
2025-02-01T10:12:41,96.0
2025-02-01T10:12:42,96.73
2025-02-01T10:12:43,101.78
2025-02-01T10:12:44,
2025-02-01T10:12:45,99.64
2025-02-01T10:12:46,99.66
2025-02-01T10:12:47,101.56
2025-02-01T10:12:48,98.01
2025-02-01T10:12:49,95.44
2025-02-01T10:12:50,103.86
2025-02-01T10:12:51,93.16
2025-02-01T10:12:52,100.11
2025-02-01T10:12:53,96.36
2025-02-01T10:12:54,103.06
2025-02-01T10:12:55,106.74
2025-02-01T10:12:56,101.52
2025-02-01T10:12:57,104.58
2025-02-01T10:12:58,101.54
2025-02-01T10:12:59,111.68
2025-02-01T10:13:00,97.01
2025-02-01T10:13:01,101.71
2025-02-01T10:13:02,103.21
2025-02-01T10:13:03,102.26
2025-02-01T10:13:04,101.24
2025-02-01T10:13:05,93.43
2025-02-01T10:13:06,96.59
2025-02-01T10:13:07,105.24
2025-02-01T10:13:08,106.98
2025-02-01T10:13:09,99.4
2025-02-01T10:13:10,105.44
2025-02-01T10:13:11,91.88
2025-02-01T10:13:12,96.95
2025-02-01T10:13:13,103.72
2025-02-01T10:13:14,112.78
2025-02-01T10:13:15,103.74
2025-02-01T10:13:16,98.71
2025-02-01T10:13:17,92.65
2025-02-01T10:13:18,109.44
2025-02-01T10:13:19,100.4
2025-02-01T10:13:20,103.41
2025-02-01T10:13:21,104.62
2025-02-01T10:13:22,108.05
2025-02-01T10:13:23,95.56
2025-02-01T10:13:24,102.61
2025-02-01T10:13:25,101.34
2025-02-01T10:13:26,100.09
2025-02-01T10:13:27,97.7
2025-02-01T10:13:28,100.78
2025-02-01T10:13:29,99.82
2025-02-01T10:13:30,99.05
2025-02-01T10:13:31,100.43
2025-02-01T10:13:32,100.82
2025-02-01T10:13:33,97.19
2025-02-01T10:13:34,96.51
2025-02-01T10:13:35,98.98
2025-02-01T10:13:36,100.55
2025-02-01T10:13:37,110.32
2025-02-01T10:13:38,94.28
2025-02-01T10:13:39,95.34
2025-02-01T10:13:40,96.77
2025-02-01T10:13:41,97.86
2025-02-01T10:13:42,94.5
2025-02-01T10:13:43,96.49
2025-02-01T10:13:44,108.31
2025-02-01T10:13:45,102.22
2025-02-01T10:13:46,95.84
2025-02-01T10:13:47,106.26
2025-02-01T10:13:48,96.77
2025-02-01T10:13:49,91.51
2025-02-01T10:13:50,99.75
2025-02-01T10:13:51,95.59
2025-02-01T10:13:52,95.82
2025-02-01T10:13:53,97.78
2025-02-01T10:13:54,102.35
2025-02-01T10:13:55,110.42
2025-02-01T10:13:56,99.88
2025-02-01T10:13:57,110.16
2025-02-01T10:13:58,97.85
2025-02-01T10:13:59,96.93
2025-02-01T10:14:00,101.46
2025-02-01T10:14:01,97.03
2025-02-01T10:14:02,103.27
2025-02-01T10:14:03,96.66
2025-02-01T10:14:04,102.41
2025-02-01T10:14:05,94.6
2025-02-01T10:14:06,99.17
2025-02-01T10:14:07,87.62
2025-02-01T10:14:08,92.96
2025-02-01T10:14:09,95.04
2025-02-01T10:14:10,99.87
2025-02-01T10:14:11,95.27
2025-02-01T10:14:12,100.09
2025-02-01T10:14:13,95.38
2025-02-01T10:14:14,101.51
2025-02-01T10:14:15,91.24
2025-02-01T10:14:16,94.69
2025-02-01T10:14:17,97.15
2025-02-01T10:14:18,90.82
2025-02-01T10:14:19,100.0
2025-02-01T10:14:20,
2025-02-01T10:14:21,93.89
2025-02-01T10:14:22,104.62
2025-02-01T10:14:23,95.11
2025-02-01T10:14:24,100.05
2025-02-01T10:14:25,99.9
2025-02-01T10:14:26,97.05
2025-02-01T10:14:27,93.03
2025-02-01T10:14:28,112.05
2025-02-01T10:14:29,
2025-02-01T10:14:30,106.26
2025-02-01T10:14:31,95.43
2025-02-01T10:14:32,107.05
2025-02-01T10:14:33,101.55
2025-02-01T10:14:34,98.87
2025-02-01T10:14:35,98.42
,96.89
2025-02-01T10:14:37,104.0
2025-02-01T10:14:38,102.96
2025-02-01T10:14:39,96.37
2025-02-01T10:14:40,89.2
2025-02-01T10:14:41,100.06
2025-02-01T10:14:42,93.07
2025-02-01T10:14:43,92.87
2025-02-01T10:14:44,93.5
2025-02-01T10:14:45,100.7
2025-02-01T10:14:46,96.86
2025-02-01T10:14:47,93.33
2025-02-01T10:14:48,87.96
2025-02-01T10:14:49,92.73
2025-02-01T10:14:50,99.31
2025-02-01T10:14:51,97.24
2025-02-01T10:14:52,100.34
2025-02-01T10:14:53,93.97
2025-02-01T10:14:54,94.72
2025-02-01T10:14:55,107.26
2025-02-01T10:14:56,104.71
2025-02-01T10:14:57,
2025-02-01T10:14:58,96.65
2025-02-01T10:14:59,96.06
2025-02-01T10:15:00,
2025-02-01T10:15:01,102.82
2025-02-01T10:15:02,104.05
2025-02-01T10:15:03,97.2
2025-02-01T10:15:04,86.7
2025-02-01T10:15:05,101.17
2025-02-01T10:15:06,102.5
2025-02-01T10:15:07,97.39
2025-02-01T10:15:08,101.76
2025-02-01T10:15:09,101.13
2025-02-01T10:15:10,90.75
2025-02-01T10:15:11,98.87
2025-02-01T10:15:12,96.67
2025-02-01T10:15:13,95.92
2025-02-01T10:15:14,96.31
2025-02-01T10:15:15,93.8
2025-02-01T10:15:16,102.97
2025-02-01T10:15:17,103.95
2025-02-01T10:15:18,96.07
2025-02-01T10:15:19,105.07
2025-02-01T10:15:20,92.49
2025-02-01T10:15:21,100.08
2025-02-01T10:15:22,102.85
2025-02-01T10:15:23,96.88
2025-02-01T10:15:24,99.27
2025-02-01T10:15:25,97.29
2025-02-01T10:15:26,106.71
2025-02-01T10:15:27,102.22
,99.58
2025-02-01T10:15:29,104.31
2025-02-01T10:15:30,101.96
2025-02-01T10:15:31,96.68
2025-02-01T10:15:32,100.6
2025-02-01T10:15:33,103.18
2025-02-01T10:15:34,95.24
2025-02-01T10:15:35,105.57
2025-02-01T10:15:36,106.22
2025-02-01T10:15:37,92.49
2025-02-01T10:15:38,107.03
2025-02-01T10:15:39,105.12
2025-02-01T10:15:40,103.18
2025-02-01T10:15:41,99.61
2025-02-01T10:15:42,109.93
2025-02-01T10:15:43,108.87
2025-02-01T10:15:44,90.69
2025-02-01T10:15:45,95.29
2025-02-01T10:15:46,105.42
2025-02-01T10:15:47,100.03
2025-02-01T10:15:48,99.11
2025-02-01T10:15:49,107.32
2025-02-01T10:15:50,101.22
2025-02-01T10:15:51,106.46
2025-02-01T10:15:52,95.19
2025-02-01T10:15:53,103.35
2025-02-01T10:15:54,104.67
2025-02-01T10:15:55,
2025-02-01T10:15:56,103.03
2025-02-01T10:15:57,101.6
2025-02-01T10:15:58,101.87
2025-02-01T10:15:59,91.49
,105.97
2025-02-01T10:16:01,110.56
2025-02-01T10:16:02,98.6
2025-02-01T10:16:03,98.38
2025-02-01T10:16:04,92.47
2025-02-01T10:16:05,105.34
2025-02-01T10:16:06,95.77
2025-02-01T10:16:07,101.83
2025-02-01T10:16:08,95.33
2025-02-01T10:16:09,110.53
2025-02-01T10:16:10,99.96
2025-02-01T10:16:11,99.11
2025-02-01T10:16:12,98.1
2025-02-01T10:16:13,103.71
,94.95
2025-02-01T10:16:15,115.49
2025-02-01T10:16:16,108.18
2025-02-01T10:16:17,90.58
2025-02-01T10:16:18,96.25
2025-02-01T10:16:19,106.27
2025-02-01T10:16:20,97.77
2025-02-01T10:16:21,103.08
2025-02-01T10:16:22,89.19
2025-02-01T10:16:23,107.67
2025-02-01T10:16:24,103.63
2025-02-01T10:16:25,102.92
2025-02-01T10:16:26,94.12
2025-02-01T10:16:27,101.49
2025-02-01T10:16:28,97.77
2025-02-01T10:16:29,95.71
2025-02-01T10:16:30,97.79
2025-02-01T10:16:31,93.28
2025-02-01T10:16:32,97.99
2025-02-01T10:16:33,99.58
2025-02-01T10:16:34,94.46
2025-02-01T10:16:35,103.75
2025-02-01T10:16:36,99.85
2025-02-01T10:16:37,102.26
2025-02-01T10:16:38,97.92
2025-02-01T10:16:39,110.91
2025-02-01T10:16:40,103.82
2025-02-01T10:16:41,105.46
2025-02-01T10:16:42,103.38
2025-02-01T10:16:43,99.27
2025-02-01T10:16:44,94.83
2025-02-01T10:16:45,100.34
2025-02-01T10:16:46,106.08
2025-02-01T10:16:47,104.67
2025-02-01T10:16:48,106.76
2025-02-01T10:16:49,100.03
2025-02-01T10:16:50,99.6
,101.77
2025-02-01T10:16:52,104.02
2025-02-01T10:16:53,92.02
2025-02-01T10:16:54,104.58
2025-02-01T10:16:55,98.93
2025-02-01T10:16:56,104.06
2025-02-01T10:16:57,99.54
2025-02-01T10:16:58,102.44
2025-02-01T10:16:59,99.82
2025-02-01T10:17:00,95.66
2025-02-01T10:17:01,94.59
2025-02-01T10:17:02,91.99
,98.98
2025-02-01T10:17:04,101.09
2025-02-01T10:17:05,103.8
2025-02-01T10:17:06,101.17
2025-02-01T10:17:07,110.67
,89.77
2025-02-01T10:17:09,108.36
2025-02-01T10:17:10,98.59
2025-02-01T10:17:11,92.6
2025-02-01T10:17:12,95.5
2025-02-01T10:17:13,108.12
2025-02-01T10:17:14,98.17
2025-02-01T10:17:15,102.62
2025-02-01T10:17:16,95.58
2025-02-01T10:17:17,96.4
2025-02-01T10:17:18,101.32
2025-02-01T10:17:19,102.38
2025-02-01T10:17:20,99.18
2025-02-01T10:17:21,102.24
2025-02-01T10:17:22,87.86
2025-02-01T10:17:23,95.68
2025-02-01T10:17:24,97.31
2025-02-01T10:17:25,102.97
2025-02-01T10:17:26,101.3
2025-02-01T10:17:27,91.4
2025-02-01T10:17:28,108.79
2025-02-01T10:17:29,95.11
2025-02-01T10:17:30,101.1
2025-02-01T10:17:31,107.92
2025-02-01T10:17:32,102.08
2025-02-01T10:17:33,97.14
2025-02-01T10:17:34,95.5
2025-02-01T10:17:35,94.48
2025-02-01T10:17:36,110.33
2025-02-01T10:17:37,102.28
2025-02-01T10:17:38,99.66
2025-02-01T10:17:39,100.57
2025-02-01T10:17:40,96.27
2025-02-01T10:17:41,94.31
2025-02-01T10:17:42,97.92
2025-02-01T10:17:43,93.9
2025-02-01T10:17:44,103.05
2025-02-01T10:17:45,100.23
2025-02-01T10:17:46,98.86
2025-02-01T10:17:47,98.95
2025-02-01T10:17:48,107.48
2025-02-01T10:17:49,102.3
2025-02-01T10:17:50,105.28
2025-02-01T10:17:51,91.52
2025-02-01T10:17:52,105.23
2025-02-01T10:17:53,95.24
2025-02-01T10:17:54,106.32
2025-02-01T10:17:55,91.32
2025-02-01T10:17:56,110.96
2025-02-01T10:17:57,98.99
2025-02-01T10:17:58,92.7
2025-02-01T10:17:59,97.4
2025-02-01T10:18:00,100.68
,98.27
2025-02-01T10:18:02,99.96
2025-02-01T10:18:03,103.23
2025-02-01T10:18:04,102.78
2025-02-01T10:18:05,107.89
2025-02-01T10:18:06,93.74
2025-02-01T10:18:07,92.04
2025-02-01T10:18:08,92.84
2025-02-01T10:18:09,98.22
2025-02-01T10:18:10,100.03
2025-02-01T10:18:11,101.8
2025-02-01T10:18:12,93.47
2025-02-01T10:18:13,91.2
2025-02-01T10:18:14,106.36
2025-02-01T10:18:15,93.6
2025-02-01T10:18:16,102.99
2025-02-01T10:18:17,94.8
2025-02-01T10:18:18,100.22
2025-02-01T10:18:19,97.79
2025-02-01T10:18:20,97.68
2025-02-01T10:18:21,100.03
2025-02-01T10:18:22,96.59
2025-02-01T10:18:23,103.12
2025-02-01T10:18:24,
2025-02-01T10:18:25,103.23
2025-02-01T10:18:26,106.07
2025-02-01T10:18:27,101.75
,104.94
2025-02-01T10:18:29,95.38
2025-02-01T10:18:30,102.28
2025-02-01T10:18:31,
2025-02-01T10:18:32,109.77
2025-02-01T10:18:33,101.05
2025-02-01T10:18:34,101.13
2025-02-01T10:18:35,94.96
2025-02-01T10:18:36,100.1
2025-02-01T10:18:37,103.19
2025-02-01T10:18:38,
2025-02-01T10:18:39,106.93
2025-02-01T10:18:40,105.3
2025-02-01T10:18:41,96.91
2025-02-01T10:18:42,97.67
2025-02-01T10:18:43,91.71
2025-02-01T10:18:44,87.56
2025-02-01T10:18:45,99.47
2025-02-01T10:18:46,101.07
2025-02-01T10:18:47,102.03
2025-02-01T10:18:48,101.14
2025-02-01T10:18:49,111.45
2025-02-01T10:18:50,100.73
2025-02-01T10:18:51,100.57
2025-02-01T10:18:52,100.8
2025-02-01T10:18:53,85.95
2025-02-01T10:18:54,96.6
2025-02-01T10:18:55,96.94
2025-02-01T10:18:56,99.01
2025-02-01T10:18:57,109.15
2025-02-01T10:18:58,104.17
2025-02-01T10:18:59,97.61
,93.73
2025-02-01T10:19:01,103.13
2025-02-01T10:19:02,102.88
2025-02-01T10:19:03,99.08
2025-02-01T10:19:04,98.84
2025-02-01T10:19:05,105.5
2025-02-01T10:19:06,102.27
2025-02-01T10:19:07,104.65
2025-02-01T10:19:08,101.69
2025-02-01T10:19:09,104.64
2025-02-01T10:19:10,100.6
2025-02-01T10:19:11,101.6
2025-02-01T10:19:12,102.34
2025-02-01T10:19:13,93.58
2025-02-01T10:19:14,110.22
2025-02-01T10:19:15,106.82
2025-02-01T10:19:16,102.78
2025-02-01T10:19:17,101.19
2025-02-01T10:19:18,99.62
2025-02-01T10:19:19,100.18
2025-02-01T10:19:20,102.23
2025-02-01T10:19:21,100.26
2025-02-01T10:19:22,102.69
2025-02-01T10:19:23,99.47
2025-02-01T10:19:24,100.24
2025-02-01T10:19:25,98.17
2025-02-01T10:19:26,95.25
2025-02-01T10:19:27,100.29
2025-02-01T10:19:28,102.19
2025-02-01T10:19:29,100.22
2025-02-01T10:19:30,101.05
2025-02-01T10:19:31,101.13
2025-02-01T10:19:32,105.41
2025-02-01T10:19:33,105.62
2025-02-01T10:19:34,102.85
2025-02-01T10:19:35,103.2
2025-02-01T10:19:36,99.55
2025-02-01T10:19:37,103.71
2025-02-01T10:19:38,101.08
2025-02-01T10:19:39,98.51
2025-02-01T10:19:40,102.6
2025-02-01T10:19:41,95.48
2025-02-01T10:19:42,99.3
2025-02-01T10:19:43,106.43
2025-02-01T10:19:44,101.43
2025-02-01T10:19:45,104.37
2025-02-01T10:19:46,88.78
2025-02-01T10:19:47,96.11
2025-02-01T10:19:48,107.9
2025-02-01T10:19:49,99.77
2025-02-01T10:19:50,97.7
2025-02-01T10:19:51,92.8
2025-02-01T10:19:52,105.1
2025-02-01T10:19:53,98.54
2025-02-01T10:19:54,93.64
2025-02-01T10:19:55,
2025-02-01T10:19:56,109.52
2025-02-01T10:19:57,101.49
2025-02-01T10:19:58,85.89
2025-02-01T10:19:59,100.87
2025-02-01T10:20:00,97.02
2025-02-01T10:20:01,96.13
2025-02-01T10:20:02,97.44
2025-02-01T10:20:03,95.12
2025-02-01T10:20:04,100.37
2025-02-01T10:20:05,109.45
2025-02-01T10:20:06,96.44
2025-02-01T10:20:07,112.08
2025-02-01T10:20:08,103.39
2025-02-01T10:20:09,101.3
2025-02-01T10:20:10,102.97
2025-02-01T10:20:11,97.15
2025-02-01T10:20:12,105.64
2025-02-01T10:20:13,94.83
2025-02-01T10:20:14,97.55
2025-02-01T10:20:15,98.51
2025-02-01T10:20:16,102.47
2025-02-01T10:20:17,100.9
2025-02-01T10:20:18,103.93
2025-02-01T10:20:19,102.76
2025-02-01T10:20:20,97.46
2025-02-01T10:20:21,109.5
2025-02-01T10:20:22,98.78
2025-02-01T10:20:23,100.79
2025-02-01T10:20:24,95.07
2025-02-01T10:20:25,96.05
2025-02-01T10:20:26,98.42
2025-02-01T10:20:27,100.31
2025-02-01T10:20:28,97.1
2025-02-01T10:20:29,109.0
2025-02-01T10:20:30,105.34
2025-02-01T10:20:31,94.89
2025-02-01T10:20:32,99.46
2025-02-01T10:20:33,106.05
2025-02-01T10:20:34,101.83
2025-02-01T10:20:35,99.13
2025-02-01T10:20:36,91.0
2025-02-01T10:20:37,96.25
2025-02-01T10:20:38,103.06
2025-02-01T10:20:39,111.29
2025-02-01T10:20:40,102.66
2025-02-01T10:20:41,99.85
2025-02-01T10:20:42,100.37
2025-02-01T10:20:43,100.09
2025-02-01T10:20:44,105.7
2025-02-01T10:20:45,98.59
2025-02-01T10:20:46,101.58
2025-02-01T10:20:47,101.06
2025-02-01T10:20:48,109.14
2025-02-01T10:20:49,100.45
2025-02-01T10:20:50,104.84
2025-02-01T10:20:51,101.87
2025-02-01T10:20:52,103.12
2025-02-01T10:20:53,100.03
2025-02-01T10:20:54,97.91
2025-02-01T10:20:55,96.22
2025-02-01T10:20:56,104.79
2025-02-01T10:20:57,100.21
2025-02-01T10:20:58,88.58
2025-02-01T10:20:59,91.2
2025-02-01T10:21:00,109.22
2025-02-01T10:21:01,102.7
2025-02-01T10:21:02,101.48
2025-02-01T10:21:03,101.67
2025-02-01T10:21:04,96.08
2025-02-01T10:21:05,107.2
2025-02-01T10:21:06,95.94
2025-02-01T10:21:07,96.59
2025-02-01T10:21:08,99.41
2025-02-01T10:21:09,97.36
2025-02-01T10:21:10,99.43
2025-02-01T10:21:11,97.56
2025-02-01T10:21:12,95.49
2025-02-01T10:21:13,103.5
2025-02-01T10:21:14,97.11
2025-02-01T10:21:15,
2025-02-01T10:21:16,97.23
,91.9
2025-02-01T10:21:18,101.84
2025-02-01T10:21:19,91.94
2025-02-01T10:21:20,98.75
2025-02-01T10:21:21,94.8
2025-02-01T10:21:22,90.99
2025-02-01T10:21:23,93.61
,82.57
2025-02-01T10:21:25,107.69
2025-02-01T10:21:26,102.56
2025-02-01T10:21:27,94.66
2025-02-01T10:21:28,99.82
2025-02-01T10:21:29,96.59
2025-02-01T10:21:30,103.91
2025-02-01T10:21:31,92.46
2025-02-01T10:21:32,102.88
2025-02-01T10:21:33,107.91
2025-02-01T10:21:34,106.94
2025-02-01T10:21:35,103.4
2025-02-01T10:21:36,94.32
2025-02-01T10:21:37,104.77
2025-02-01T10:21:38,101.35
2025-02-01T10:21:39,109.85
2025-02-01T10:21:40,95.54
2025-02-01T10:21:41,108.4
2025-02-01T10:21:42,105.21
2025-02-01T10:21:43,99.22
2025-02-01T10:21:44,102.37
2025-02-01T10:21:45,98.58
2025-02-01T10:21:46,92.76
2025-02-01T10:21:47,107.04
2025-02-01T10:21:48,104.65
2025-02-01T10:21:49,95.73
2025-02-01T10:21:50,98.15
2025-02-01T10:21:51,105.03
2025-02-01T10:21:52,105.67
2025-02-01T10:21:53,99.13
2025-02-01T10:21:54,100.67
2025-02-01T10:21:55,98.99
2025-02-01T10:21:56,105.08
2025-02-01T10:21:57,109.19
2025-02-01T10:21:58,102.23
2025-02-01T10:21:59,96.39
2025-02-01T10:22:00,100.87
2025-02-01T10:22:01,95.24
2025-02-01T10:22:02,106.86
2025-02-01T10:22:03,92.89
2025-02-01T10:22:04,96.79
2025-02-01T10:22:05,98.36
2025-02-01T10:22:06,99.12
2025-02-01T10:22:07,104.07
2025-02-01T10:22:08,91.99
2025-02-01T10:22:09,99.47
2025-02-01T10:22:10,103.38
2025-02-01T10:22:11,95.38
2025-02-01T10:22:12,104.75
2025-02-01T10:22:13,98.7
2025-02-01T10:22:14,99.26
2025-02-01T10:22:15,94.96
2025-02-01T10:22:16,112.26
2025-02-01T10:22:17,107.78
2025-02-01T10:22:18,104.47
2025-02-01T10:22:19,99.49
2025-02-01T10:22:20,91.26
2025-02-01T10:22:21,101.42
2025-02-01T10:22:22,92.42
2025-02-01T10:22:23,93.17
2025-02-01T10:22:24,96.99
2025-02-01T10:22:25,100.81
2025-02-01T10:22:26,100.79
2025-02-01T10:22:27,100.99
2025-02-01T10:22:28,105.88
2025-02-01T10:22:29,100.83
2025-02-01T10:22:30,104.32
2025-02-01T10:22:31,109.92
2025-02-01T10:22:32,111.38
2025-02-01T10:22:33,89.84
2025-02-01T10:22:34,107.23
2025-02-01T10:22:35,100.86
,98.0
2025-02-01T10:22:37,101.14
2025-02-01T10:22:38,102.99
2025-02-01T10:22:39,99.93
2025-02-01T10:22:40,96.42
2025-02-01T10:22:41,101.42
2025-02-01T10:22:42,98.06
2025-02-01T10:22:43,101.34
2025-02-01T10:22:44,100.9
2025-02-01T10:22:45,99.34
2025-02-01T10:22:46,94.95
2025-02-01T10:22:47,93.35
2025-02-01T10:22:48,102.78
2025-02-01T10:22:49,101.88
2025-02-01T10:22:50,95.03
2025-02-01T10:22:51,97.61
2025-02-01T10:22:52,100.62
2025-02-01T10:22:53,97.81
2025-02-01T10:22:54,102.18
2025-02-01T10:22:55,98.24
2025-02-01T10:22:56,89.82
2025-02-01T10:22:57,91.18
2025-02-01T10:22:58,94.68
2025-02-01T10:22:59,100.42
2025-02-01T10:23:00,99.89
2025-02-01T10:23:01,100.97
2025-02-01T10:23:02,92.75
2025-02-01T10:23:03,109.27
2025-02-01T10:23:04,98.17
,95.02
2025-02-01T10:23:06,95.8
2025-02-01T10:23:07,95.51
2025-02-01T10:23:08,108.71
2025-02-01T10:23:09,95.04
2025-02-01T10:23:10,84.79
2025-02-01T10:23:11,96.22
,96.1
2025-02-01T10:23:13,98.48
2025-02-01T10:23:14,
2025-02-01T10:23:15,91.2
2025-02-01T10:23:16,106.43
2025-02-01T10:23:17,99.19
2025-02-01T10:23:18,104.96
2025-02-01T10:23:19,95.8
2025-02-01T10:23:20,93.39
2025-02-01T10:23:21,93.7
,101.2
2025-02-01T10:23:23,86.85
2025-02-01T10:23:24,101.25
2025-02-01T10:23:25,107.57
2025-02-01T10:23:26,102.23
2025-02-01T10:23:27,105.29
2025-02-01T10:23:28,101.75
2025-02-01T10:23:29,108.05
2025-02-01T10:23:30,102.61
2025-02-01T10:23:31,91.63
2025-02-01T10:23:32,104.07
2025-02-01T10:23:33,97.47
2025-02-01T10:23:34,99.5
2025-02-01T10:23:35,103.4
2025-02-01T10:23:36,103.96
2025-02-01T10:23:37,92.98
2025-02-01T10:23:38,94.61
2025-02-01T10:23:39,89.72
2025-02-01T10:23:40,104.98
,101.37
2025-02-01T10:23:42,89.8
2025-02-01T10:23:43,98.52
2025-02-01T10:23:44,100.65
2025-02-01T10:23:45,101.93
2025-02-01T10:23:46,108.74
2025-02-01T10:23:47,98.07
2025-02-01T10:23:48,107.0
2025-02-01T10:23:49,92.36
2025-02-01T10:23:50,99.17
2025-02-01T10:23:51,89.18
2025-02-01T10:23:52,98.26
2025-02-01T10:23:53,96.54
2025-02-01T10:23:54,102.23
2025-02-01T10:23:55,86.65
2025-02-01T10:23:56,102.03
2025-02-01T10:23:57,93.4
2025-02-01T10:23:58,100.66
2025-02-01T10:23:59,95.18
2025-02-01T10:24:00,93.03
2025-02-01T10:24:01,103.36
2025-02-01T10:24:02,
2025-02-01T10:24:03,
2025-02-01T10:24:04,101.4
2025-02-01T10:24:05,97.97
2025-02-01T10:24:06,102.81
2025-02-01T10:24:07,98.19
2025-02-01T10:24:08,109.03
2025-02-01T10:24:09,94.54
2025-02-01T10:24:10,110.79
2025-02-01T10:24:11,106.75
2025-02-01T10:24:12,106.51
2025-02-01T10:24:13,101.7
2025-02-01T10:24:14,
2025-02-01T10:24:15,92.98
,102.77
2025-02-01T10:24:17,105.03
2025-02-01T10:24:18,101.41
2025-02-01T10:24:19,103.7
2025-02-01T10:24:20,98.51
2025-02-01T10:24:21,93.32
2025-02-01T10:24:22,92.57
2025-02-01T10:24:23,92.27
2025-02-01T10:24:24,97.3
2025-02-01T10:24:25,103.83
2025-02-01T10:24:26,118.33
2025-02-01T10:24:27,107.87
2025-02-01T10:24:28,99.52
2025-02-01T10:24:29,105.07
2025-02-01T10:24:30,92.52
2025-02-01T10:24:31,98.87
2025-02-01T10:24:32,94.82
2025-02-01T10:24:33,
2025-02-01T10:24:34,98.9
2025-02-01T10:24:35,92.71
2025-02-01T10:24:36,109.32
2025-02-01T10:24:37,88.38
2025-02-01T10:24:38,105.11
2025-02-01T10:24:39,102.49
2025-02-01T10:24:40,106.8
2025-02-01T10:24:41,100.55
2025-02-01T10:24:42,94.84
2025-02-01T10:24:43,108.05
2025-02-01T10:24:44,103.0
2025-02-01T10:24:45,104.01
2025-02-01T10:24:46,96.64
2025-02-01T10:24:47,101.25
2025-02-01T10:24:48,
2025-02-01T10:24:49,91.11
2025-02-01T10:24:50,96.0
2025-02-01T10:24:51,97.8
2025-02-01T10:24:52,108.56
2025-02-01T10:24:53,95.75
2025-02-01T10:24:54,98.88
2025-02-01T10:24:55,97.99
2025-02-01T10:24:56,98.99
2025-02-01T10:24:57,104.0
2025-02-01T10:24:58,100.03
2025-02-01T10:24:59,105.19
2025-02-01T10:25:00,106.61
2025-02-01T10:25:01,103.36
2025-02-01T10:25:02,99.79
2025-02-01T10:25:03,89.94
2025-02-01T10:25:04,101.92
2025-02-01T10:25:05,100.64
2025-02-01T10:25:06,99.91
,93.41
2025-02-01T10:25:08,103.64
,100.13
2025-02-01T10:25:10,100.14
2025-02-01T10:25:11,96.12
2025-02-01T10:25:12,107.33
2025-02-01T10:25:13,101.43
2025-02-01T10:25:14,97.83
2025-02-01T10:25:15,96.35
2025-02-01T10:25:16,92.74
,107.2
2025-02-01T10:25:18,92.87
2025-02-01T10:25:19,105.29
2025-02-01T10:25:20,
2025-02-01T10:25:21,95.89
2025-02-01T10:25:22,95.38
2025-02-01T10:25:23,
2025-02-01T10:25:24,103.17
2025-02-01T10:25:25,103.07
2025-02-01T10:25:26,100.06
2025-02-01T10:25:27,93.01
2025-02-01T10:25:28,103.04
2025-02-01T10:25:29,104.2
2025-02-01T10:25:30,
2025-02-01T10:25:31,95.7
2025-02-01T10:25:32,104.6
2025-02-01T10:25:33,99.59
2025-02-01T10:25:34,97.27
2025-02-01T10:25:35,101.44
2025-02-01T10:25:36,98.44
2025-02-01T10:25:37,99.47
2025-02-01T10:25:38,106.97
2025-02-01T10:25:39,92.43
2025-02-01T10:25:40,102.98
2025-02-01T10:25:41,101.45
2025-02-01T10:25:42,108.59
2025-02-01T10:25:43,93.0
2025-02-01T10:25:44,92.66
2025-02-01T10:25:45,101.3
2025-02-01T10:25:46,106.92
2025-02-01T10:25:47,94.17
2025-02-01T10:25:48,103.26
2025-02-01T10:25:49,113.06
2025-02-01T10:25:50,101.02
,93.18
2025-02-01T10:25:52,97.92
2025-02-01T10:25:53,95.57
2025-02-01T10:25:54,95.4
2025-02-01T10:25:55,101.8
2025-02-01T10:25:56,95.81
2025-02-01T10:25:57,94.13
2025-02-01T10:25:58,96.94
2025-02-01T10:25:59,107.06
2025-02-01T10:26:00,100.79
2025-02-01T10:26:01,97.39
2025-02-01T10:26:02,105.6
2025-02-01T10:26:03,97.77
2025-02-01T10:26:04,108.12
2025-02-01T10:26:05,102.21
2025-02-01T10:26:06,101.3
2025-02-01T10:26:07,105.12
2025-02-01T10:26:08,98.01
2025-02-01T10:26:09,104.7
2025-02-01T10:26:10,106.68
2025-02-01T10:26:11,100.56
2025-02-01T10:26:12,99.39
2025-02-01T10:26:13,102.52
2025-02-01T10:26:14,102.78
2025-02-01T10:26:15,101.48
2025-02-01T10:26:16,95.39
2025-02-01T10:26:17,101.44
2025-02-01T10:26:18,96.73
2025-02-01T10:26:19,101.44
2025-02-01T10:26:20,103.48
2025-02-01T10:26:21,97.02
2025-02-01T10:26:22,98.97
2025-02-01T10:26:23,107.34
2025-02-01T10:26:24,91.81
2025-02-01T10:26:25,106.93
2025-02-01T10:26:26,100.78
2025-02-01T10:26:27,96.3
2025-02-01T10:26:28,96.73
2025-02-01T10:26:29,95.97
2025-02-01T10:26:30,97.31
2025-02-01T10:26:31,95.09
2025-02-01T10:26:32,102.6
2025-02-01T10:26:33,99.72
2025-02-01T10:26:34,93.54
2025-02-01T10:26:35,101.08
2025-02-01T10:26:36,97.24
2025-02-01T10:26:37,107.76
2025-02-01T10:26:38,95.39
,99.18
2025-02-01T10:26:40,97.38
2025-02-01T10:26:41,100.1
2025-02-01T10:26:42,99.34
2025-02-01T10:26:43,99.13
2025-02-01T10:26:44,93.31
2025-02-01T10:26:45,105.71
2025-02-01T10:26:46,91.48
2025-02-01T10:26:47,95.1
2025-02-01T10:26:48,102.5
2025-02-01T10:26:49,99.75
2025-02-01T10:26:50,107.79
2025-02-01T10:26:51,104.14
2025-02-01T10:26:52,102.67
2025-02-01T10:26:53,107.2
2025-02-01T10:26:54,99.3
,96.12
2025-02-01T10:26:56,99.61
2025-02-01T10:26:57,97.82
2025-02-01T10:26:58,100.67
2025-02-01T10:26:59,102.23
,91.04
2025-02-01T10:27:01,98.26
2025-02-01T10:27:02,96.3
2025-02-01T10:27:03,98.07
2025-02-01T10:27:04,93.71
2025-02-01T10:27:05,104.1
2025-02-01T10:27:06,110.7
2025-02-01T10:27:07,98.34
2025-02-01T10:27:08,94.67
2025-02-01T10:27:09,90.23
2025-02-01T10:27:10,101.57
2025-02-01T10:27:11,112.61
2025-02-01T10:27:12,97.37
2025-02-01T10:27:13,92.7
2025-02-01T10:27:14,104.01
2025-02-01T10:27:15,102.93
2025-02-01T10:27:16,97.38
2025-02-01T10:27:17,92.15
2025-02-01T10:27:18,99.82
2025-02-01T10:27:19,104.6
2025-02-01T10:27:20,102.04
2025-02-01T10:27:21,96.6
2025-02-01T10:27:22,99.54
2025-02-01T10:27:23,87.88
2025-02-01T10:27:24,103.61
2025-02-01T10:27:25,109.41
2025-02-01T10:27:26,101.38
2025-02-01T10:27:27,100.92
2025-02-01T10:27:28,106.31
2025-02-01T10:27:29,102.85
2025-02-01T10:27:30,105.25
2025-02-01T10:27:31,102.5
2025-02-01T10:27:32,100.6
2025-02-01T10:27:33,104.75
2025-02-01T10:27:34,104.28
2025-02-01T10:27:35,99.82
2025-02-01T10:27:36,95.0
2025-02-01T10:27:37,105.89
2025-02-01T10:27:38,101.59
2025-02-01T10:27:39,93.46
2025-02-01T10:27:40,95.84
2025-02-01T10:27:41,102.44
2025-02-01T10:27:42,88.15
2025-02-01T10:27:43,99.73
2025-02-01T10:27:44,98.85
2025-02-01T10:27:45,112.52
2025-02-01T10:27:46,95.6
2025-02-01T10:27:47,90.64
2025-02-01T10:27:48,105.41
2025-02-01T10:27:49,
2025-02-01T10:27:50,106.51
2025-02-01T10:27:51,98.88
2025-02-01T10:27:52,94.92
2025-02-01T10:27:53,100.11
2025-02-01T10:27:54,91.52
2025-02-01T10:27:55,94.09
2025-02-01T10:27:56,96.77
2025-02-01T10:27:57,105.5
2025-02-01T10:27:58,103.78
2025-02-01T10:27:59,96.53
2025-02-01T10:28:00,97.94
2025-02-01T10:28:01,102.41
2025-02-01T10:28:02,100.33
2025-02-01T10:28:03,97.06
2025-02-01T10:28:04,92.4
2025-02-01T10:28:05,93.28
2025-02-01T10:28:06,97.57
2025-02-01T10:28:07,89.84
2025-02-01T10:28:08,107.58
2025-02-01T10:28:09,103.65
2025-02-01T10:28:10,105.0
2025-02-01T10:28:11,107.98
2025-02-01T10:28:12,95.77
2025-02-01T10:28:13,107.84
2025-02-01T10:28:14,98.67
2025-02-01T10:28:15,107.83
2025-02-01T10:28:16,95.94
2025-02-01T10:28:17,100.06
2025-02-01T10:28:18,99.14
2025-02-01T10:28:19,98.81
2025-02-01T10:28:20,90.44
2025-02-01T10:28:21,95.29
2025-02-01T10:28:22,97.31
2025-02-01T10:28:23,
2025-02-01T10:28:24,105.68
2025-02-01T10:28:25,98.6
2025-02-01T10:28:26,95.43
2025-02-01T10:28:27,109.2
2025-02-01T10:28:28,107.25
2025-02-01T10:28:29,99.81
2025-02-01T10:28:30,103.97
2025-02-01T10:28:31,108.0
2025-02-01T10:28:32,95.18
2025-02-01T10:28:33,107.66
2025-02-01T10:28:34,94.71
2025-02-01T10:28:35,108.51
2025-02-01T10:28:36,97.22
2025-02-01T10:28:37,105.0
2025-02-01T10:28:38,106.21
2025-02-01T10:28:39,98.31
2025-02-01T10:28:40,90.64
2025-02-01T10:28:41,102.86
2025-02-01T10:28:42,104.81
2025-02-01T10:28:43,108.91
2025-02-01T10:28:44,103.49
2025-02-01T10:28:45,105.74
2025-02-01T10:28:46,102.02
2025-02-01T10:28:47,98.48
2025-02-01T10:28:48,101.99
2025-02-01T10:28:49,98.07
2025-02-01T10:28:50,98.02
2025-02-01T10:28:51,100.18
2025-02-01T10:28:52,94.76
2025-02-01T10:28:53,91.1
2025-02-01T10:28:54,110.51
2025-02-01T10:28:55,99.82
2025-02-01T10:28:56,106.74
2025-02-01T10:28:57,92.4
2025-02-01T10:28:58,99.52
2025-02-01T10:28:59,104.33
2025-02-01T10:29:00,100.25
2025-02-01T10:29:01,98.42
2025-02-01T10:29:02,97.39
2025-02-01T10:29:03,100.66
2025-02-01T10:29:04,
2025-02-01T10:29:05,107.71
2025-02-01T10:29:06,104.25
2025-02-01T10:29:07,94.11
2025-02-01T10:29:08,105.72
2025-02-01T10:29:09,98.75
2025-02-01T10:29:10,103.98
2025-02-01T10:29:11,96.28
2025-02-01T10:29:12,94.57
2025-02-01T10:29:13,110.22
2025-02-01T10:29:14,104.79
2025-02-01T10:29:15,104.27
2025-02-01T10:29:16,98.25
2025-02-01T10:29:17,98.74
2025-02-01T10:29:18,100.7
2025-02-01T10:29:19,89.65
2025-02-01T10:29:20,101.82
2025-02-01T10:29:21,108.01
2025-02-01T10:29:22,109.73
2025-02-01T10:29:23,101.41
2025-02-01T10:29:24,97.14
2025-02-01T10:29:25,93.71
2025-02-01T10:29:26,100.44
2025-02-01T10:29:27,101.95
2025-02-01T10:29:28,98.11
2025-02-01T10:29:29,92.66
2025-02-01T10:29:30,105.86
2025-02-01T10:29:31,87.92
2025-02-01T10:29:32,90.3
2025-02-01T10:29:33,107.24
2025-02-01T10:29:34,89.06
2025-02-01T10:29:35,102.11
2025-02-01T10:29:36,102.13
2025-02-01T10:29:37,104.8
2025-02-01T10:29:38,101.59
2025-02-01T10:29:39,100.6
2025-02-01T10:29:40,107.46
2025-02-01T10:29:41,92.34
2025-02-01T10:29:42,100.05
2025-02-01T10:29:43,101.42
2025-02-01T10:29:44,
2025-02-01T10:29:45,99.38
2025-02-01T10:29:46,109.14
2025-02-01T10:29:47,103.4
2025-02-01T10:29:48,102.68
2025-02-01T10:29:49,99.74
2025-02-01T10:29:50,98.13
2025-02-01T10:29:51,97.12
2025-02-01T10:29:52,94.72
2025-02-01T10:29:53,99.65
2025-02-01T10:29:54,103.52
,103.98
2025-02-01T10:29:56,95.04
2025-02-01T10:29:57,98.16
2025-02-01T10:29:58,104.05
2025-02-01T10:29:59,91.58
2025-02-01T10:30:00,103.55
2025-02-01T10:30:01,98.37
2025-02-01T10:30:02,96.88
2025-02-01T10:30:03,97.35
2025-02-01T10:30:04,96.63
2025-02-01T10:30:05,100.67
2025-02-01T10:30:06,98.32
2025-02-01T10:30:07,93.1
2025-02-01T10:30:08,97.02
2025-02-01T10:30:09,104.4
2025-02-01T10:30:10,98.77
2025-02-01T10:30:11,104.84
2025-02-01T10:30:12,107.58
2025-02-01T10:30:13,98.48
2025-02-01T10:30:14,99.95
2025-02-01T10:30:15,95.11
2025-02-01T10:30:16,105.83
2025-02-01T10:30:17,100.56
2025-02-01T10:30:18,104.44
2025-02-01T10:30:19,98.65
2025-02-01T10:30:20,101.91
2025-02-01T10:30:21,106.25
2025-02-01T10:30:22,102.67
2025-02-01T10:30:23,105.48
2025-02-01T10:30:24,95.45
2025-02-01T10:30:25,96.8
2025-02-01T10:30:26,98.38
2025-02-01T10:30:27,85.7
2025-02-01T10:30:28,99.15
2025-02-01T10:30:29,101.76
2025-02-01T10:30:30,98.87
2025-02-01T10:30:31,96.08
2025-02-01T10:30:32,98.73
2025-02-01T10:30:33,101.72
2025-02-01T10:30:34,97.5
2025-02-01T10:30:35,99.17
2025-02-01T10:30:36,96.22
2025-02-01T10:30:37,107.42
2025-02-01T10:30:38,100.74
2025-02-01T10:30:39,106.14
2025-02-01T10:30:40,106.25
2025-02-01T10:30:41,101.46
2025-02-01T10:30:42,92.08
,99.26
2025-02-01T10:30:44,97.22
2025-02-01T10:30:45,99.81
2025-02-01T10:30:46,99.82
2025-02-01T10:30:47,102.3
2025-02-01T10:30:48,110.1
2025-02-01T10:30:49,104.91
2025-02-01T10:30:50,92.9
2025-02-01T10:30:51,101.36
2025-02-01T10:30:52,98.24
2025-02-01T10:30:53,109.55
2025-02-01T10:30:54,97.91
2025-02-01T10:30:55,102.96
2025-02-01T10:30:56,105.35
2025-02-01T10:30:57,96.32
2025-02-01T10:30:58,103.04
2025-02-01T10:30:59,99.29
2025-02-01T10:31:00,92.68
2025-02-01T10:31:01,94.86
2025-02-01T10:31:02,105.67
,99.93
2025-02-01T10:31:04,112.24
2025-02-01T10:31:05,
2025-02-01T10:31:06,99.99
2025-02-01T10:31:07,98.18
2025-02-01T10:31:08,97.18
2025-02-01T10:31:09,98.07
2025-02-01T10:31:10,93.74
2025-02-01T10:31:11,107.04
2025-02-01T10:31:12,110.69
2025-02-01T10:31:13,102.89
2025-02-01T10:31:14,103.77
2025-02-01T10:31:15,99.04
2025-02-01T10:31:16,102.79
2025-02-01T10:31:17,87.19
2025-02-01T10:31:18,90.97
2025-02-01T10:31:19,104.71
2025-02-01T10:31:20,99.22
2025-02-01T10:31:21,97.97
2025-02-01T10:31:22,101.43
2025-02-01T10:31:23,100.37
2025-02-01T10:31:24,105.92
2025-02-01T10:31:25,91.25
2025-02-01T10:31:26,100.81
2025-02-01T10:31:27,94.09
2025-02-01T10:31:28,96.09
2025-02-01T10:31:29,98.4
2025-02-01T10:31:30,98.88
2025-02-01T10:31:31,103.58
2025-02-01T10:31:32,106.15
2025-02-01T10:31:33,104.31
2025-02-01T10:31:34,94.8
2025-02-01T10:31:35,99.87
2025-02-01T10:31:36,104.47
2025-02-01T10:31:37,92.23
2025-02-01T10:31:38,
2025-02-01T10:31:39,92.82
2025-02-01T10:31:40,105.1
2025-02-01T10:31:41,100.19
,97.98
2025-02-01T10:31:43,97.69
2025-02-01T10:31:44,112.56
2025-02-01T10:31:45,98.99
2025-02-01T10:31:46,103.94
2025-02-01T10:31:47,103.07
2025-02-01T10:31:48,101.48
2025-02-01T10:31:49,92.95
2025-02-01T10:31:50,102.03
,98.47
2025-02-01T10:31:52,98.07
2025-02-01T10:31:53,104.04
2025-02-01T10:31:54,107.06
2025-02-01T10:31:55,91.21
2025-02-01T10:31:56,102.3
2025-02-01T10:31:57,102.63
2025-02-01T10:31:58,94.94
2025-02-01T10:31:59,98.38
2025-02-01T10:32:00,104.01
2025-02-01T10:32:01,97.96
2025-02-01T10:32:02,99.92
2025-02-01T10:32:03,105.07
2025-02-01T10:32:04,98.77
2025-02-01T10:32:05,105.55
2025-02-01T10:32:06,98.68
,106.97
2025-02-01T10:32:08,97.41
2025-02-01T10:32:09,103.58
2025-02-01T10:32:10,105.68
2025-02-01T10:32:11,100.85
2025-02-01T10:32:12,96.53
2025-02-01T10:32:13,91.47
2025-02-01T10:32:14,90.52
2025-02-01T10:32:15,101.95
2025-02-01T10:32:16,95.36
2025-02-01T10:32:17,108.86
2025-02-01T10:32:18,99.48
2025-02-01T10:32:19,102.3
2025-02-01T10:32:20,101.7
2025-02-01T10:32:21,98.19
2025-02-01T10:32:22,98.59
2025-02-01T10:32:23,93.38
2025-02-01T10:32:24,99.59
2025-02-01T10:32:25,96.17
2025-02-01T10:32:26,106.71
2025-02-01T10:32:27,105.38
2025-02-01T10:32:28,105.4
2025-02-01T10:32:29,104.93
2025-02-01T10:32:30,100.55
2025-02-01T10:32:31,94.09
2025-02-01T10:32:32,99.61
2025-02-01T10:32:33,105.24
2025-02-01T10:32:34,101.07
2025-02-01T10:32:35,98.59
2025-02-01T10:32:36,97.72
2025-02-01T10:32:37,103.23
2025-02-01T10:32:38,101.8
2025-02-01T10:32:39,100.24
2025-02-01T10:32:40,102.61
2025-02-01T10:32:41,100.55
2025-02-01T10:32:42,97.1
2025-02-01T10:32:43,104.47
2025-02-01T10:32:44,94.92
2025-02-01T10:32:45,110.31
2025-02-01T10:32:46,99.36
2025-02-01T10:32:47,96.12
2025-02-01T10:32:48,95.68
2025-02-01T10:32:49,90.15
2025-02-01T10:32:50,106.67
2025-02-01T10:32:51,99.41
2025-02-01T10:32:52,104.9
2025-02-01T10:32:53,99.47
2025-02-01T10:32:54,102.27
2025-02-01T10:32:55,107.98
2025-02-01T10:32:56,95.47
2025-02-01T10:32:57,98.0
2025-02-01T10:32:58,94.09
2025-02-01T10:32:59,111.86
2025-02-01T10:33:00,97.77
2025-02-01T10:33:01,97.68
2025-02-01T10:33:02,104.97
2025-02-01T10:33:03,94.28
2025-02-01T10:33:04,105.31
2025-02-01T10:33:05,99.59
2025-02-01T10:33:06,99.96
2025-02-01T10:33:07,94.99
2025-02-01T10:33:08,97.62
2025-02-01T10:33:09,102.3
2025-02-01T10:33:10,114.47
2025-02-01T10:33:11,101.76
2025-02-01T10:33:12,101.36
2025-02-01T10:33:13,105.94
2025-02-01T10:33:14,96.11
2025-02-01T10:33:15,92.49
2025-02-01T10:33:16,94.26
2025-02-01T10:33:17,97.67
,97.36
2025-02-01T10:33:19,96.54
2025-02-01T10:33:20,105.13
2025-02-01T10:33:21,100.77
2025-02-01T10:33:22,97.11
2025-02-01T10:33:23,92.06
2025-02-01T10:33:24,102.78
,92.37
2025-02-01T10:33:26,
2025-02-01T10:33:27,104.45
2025-02-01T10:33:28,104.84
2025-02-01T10:33:29,104.57
2025-02-01T10:33:30,97.89
2025-02-01T10:33:31,102.75
2025-02-01T10:33:32,94.11
2025-02-01T10:33:33,96.31
2025-02-01T10:33:34,102.71
2025-02-01T10:33:35,105.89
2025-02-01T10:33:36,104.89
2025-02-01T10:33:37,90.26
2025-02-01T10:33:38,94.95
2025-02-01T10:33:39,100.5
2025-02-01T10:33:40,105.45
2025-02-01T10:33:41,98.33
2025-02-01T10:33:42,107.91
2025-02-01T10:33:43,91.88
2025-02-01T10:33:44,98.41
2025-02-01T10:33:45,105.76
2025-02-01T10:33:46,102.6
2025-02-01T10:33:47,93.87
2025-02-01T10:33:48,98.57
2025-02-01T10:33:49,106.88
2025-02-01T10:33:50,101.31
2025-02-01T10:33:51,98.86
2025-02-01T10:33:52,99.85
2025-02-01T10:33:53,97.65
2025-02-01T10:33:54,
2025-02-01T10:33:55,101.62
2025-02-01T10:33:56,101.86
2025-02-01T10:33:57,100.47
2025-02-01T10:33:58,97.98
2025-02-01T10:33:59,107.2
2025-02-01T10:34:00,100.35
2025-02-01T10:34:01,99.99
2025-02-01T10:34:02,103.02
2025-02-01T10:34:03,103.81
2025-02-01T10:34:04,104.11
2025-02-01T10:34:05,92.25
2025-02-01T10:34:06,110.26
2025-02-01T10:34:07,108.62
2025-02-01T10:34:08,95.14
2025-02-01T10:34:09,95.42
2025-02-01T10:34:10,101.69
2025-02-01T10:34:11,97.67
2025-02-01T10:34:12,89.57
2025-02-01T10:34:13,93.73
2025-02-01T10:34:14,106.06
2025-02-01T10:34:15,106.08
2025-02-01T10:34:16,94.0
2025-02-01T10:34:17,97.51
2025-02-01T10:34:18,100.39
2025-02-01T10:34:19,98.38
2025-02-01T10:34:20,99.67
2025-02-01T10:34:21,99.13
2025-02-01T10:34:22,105.18
2025-02-01T10:34:23,104.05
2025-02-01T10:34:24,105.19
2025-02-01T10:34:25,96.08
,99.32
2025-02-01T10:34:27,106.91
2025-02-01T10:34:28,98.58
2025-02-01T10:34:29,97.83
2025-02-01T10:34:30,89.69
2025-02-01T10:34:31,104.77
2025-02-01T10:34:32,101.56
2025-02-01T10:34:33,109.95
2025-02-01T10:34:34,97.94
2025-02-01T10:34:35,97.77
2025-02-01T10:34:36,96.0
2025-02-01T10:34:37,95.51
2025-02-01T10:34:38,103.95
2025-02-01T10:34:39,103.11
2025-02-01T10:34:40,95.54
2025-02-01T10:34:41,102.34
2025-02-01T10:34:42,99.56
2025-02-01T10:34:43,
2025-02-01T10:34:44,102.73
2025-02-01T10:34:45,99.76
,113.84
2025-02-01T10:34:47,100.29
2025-02-01T10:34:48,101.1
2025-02-01T10:34:49,99.96
2025-02-01T10:34:50,100.0
2025-02-01T10:34:51,93.47
2025-02-01T10:34:52,102.74
2025-02-01T10:34:53,100.51
2025-02-01T10:34:54,102.04
2025-02-01T10:34:55,94.56
2025-02-01T10:34:56,101.69
2025-02-01T10:34:57,101.02
2025-02-01T10:34:58,
2025-02-01T10:34:59,88.53
2025-02-01T10:35:00,106.52
2025-02-01T10:35:01,108.2
2025-02-01T10:35:02,94.84
2025-02-01T10:35:03,95.07
2025-02-01T10:35:04,100.71
2025-02-01T10:35:05,99.6
2025-02-01T10:35:06,100.12
2025-02-01T10:35:07,106.75
2025-02-01T10:35:08,103.64
2025-02-01T10:35:09,104.9
2025-02-01T10:35:10,98.55
2025-02-01T10:35:11,100.68
2025-02-01T10:35:12,94.55
2025-02-01T10:35:13,99.53
2025-02-01T10:35:14,102.31
2025-02-01T10:35:15,97.95
2025-02-01T10:35:16,96.51
2025-02-01T10:35:17,96.69
2025-02-01T10:35:18,94.62
2025-02-01T10:35:19,98.31
2025-02-01T10:35:20,100.87
2025-02-01T10:35:21,95.76
2025-02-01T10:35:22,104.14
2025-02-01T10:35:23,100.28
2025-02-01T10:35:24,106.05
,108.23
2025-02-01T10:35:26,
2025-02-01T10:35:27,99.24
2025-02-01T10:35:28,102.41
2025-02-01T10:35:29,105.4
2025-02-01T10:35:30,99.74
2025-02-01T10:35:31,101.59
2025-02-01T10:35:32,106.73
2025-02-01T10:35:33,96.19
2025-02-01T10:35:34,100.86
2025-02-01T10:35:35,
2025-02-01T10:35:36,103.03
2025-02-01T10:35:37,92.65
2025-02-01T10:35:38,95.01
2025-02-01T10:35:39,108.48
2025-02-01T10:35:40,104.46
2025-02-01T10:35:41,98.07
2025-02-01T10:35:42,99.07
2025-02-01T10:35:43,102.32
2025-02-01T10:35:44,100.23
2025-02-01T10:35:45,101.98
2025-02-01T10:35:46,110.25
2025-02-01T10:35:47,105.04
2025-02-01T10:35:48,96.5
2025-02-01T10:35:49,102.12
2025-02-01T10:35:50,93.66
2025-02-01T10:35:51,98.21
2025-02-01T10:35:52,101.7
2025-02-01T10:35:53,100.33
2025-02-01T10:35:54,106.0
2025-02-01T10:35:55,94.79
2025-02-01T10:35:56,96.81
2025-02-01T10:35:57,105.82
,101.5
2025-02-01T10:35:59,102.03
2025-02-01T10:36:00,86.72
2025-02-01T10:36:01,103.25
2025-02-01T10:36:02,99.31
2025-02-01T10:36:03,96.19
2025-02-01T10:36:04,88.45
2025-02-01T10:36:05,102.73
2025-02-01T10:36:06,107.29
2025-02-01T10:36:07,99.57
2025-02-01T10:36:08,97.68
2025-02-01T10:36:09,93.86
2025-02-01T10:36:10,99.97
2025-02-01T10:36:11,101.62
2025-02-01T10:36:12,95.61
2025-02-01T10:36:13,102.33
2025-02-01T10:36:14,102.02
2025-02-01T10:36:15,95.46
2025-02-01T10:36:16,95.41
2025-02-01T10:36:17,95.47
2025-02-01T10:36:18,98.71
2025-02-01T10:36:19,105.06
2025-02-01T10:36:20,99.19
2025-02-01T10:36:21,99.33
2025-02-01T10:36:22,107.11
,96.0
2025-02-01T10:36:24,101.04
2025-02-01T10:36:25,101.26
2025-02-01T10:36:26,105.02
2025-02-01T10:36:27,103.21
2025-02-01T10:36:28,104.54
2025-02-01T10:36:29,97.09
2025-02-01T10:36:30,99.34
2025-02-01T10:36:31,90.43
2025-02-01T10:36:32,97.54
2025-02-01T10:36:33,108.85
2025-02-01T10:36:34,97.36
2025-02-01T10:36:35,102.47
2025-02-01T10:36:36,98.9
2025-02-01T10:36:37,94.39
2025-02-01T10:36:38,101.7
2025-02-01T10:36:39,100.53
2025-02-01T10:36:40,106.04
2025-02-01T10:36:41,95.04
2025-02-01T10:36:42,93.48
2025-02-01T10:36:43,108.14
2025-02-01T10:36:44,92.3
2025-02-01T10:36:45,102.1
2025-02-01T10:36:46,98.66
2025-02-01T10:36:47,103.53
2025-02-01T10:36:48,
2025-02-01T10:36:49,91.66
2025-02-01T10:36:50,92.59
2025-02-01T10:36:51,107.79
2025-02-01T10:36:52,97.58
2025-02-01T10:36:53,106.91
2025-02-01T10:36:54,102.45
2025-02-01T10:36:55,99.75
2025-02-01T10:36:56,93.74
2025-02-01T10:36:57,103.28
2025-02-01T10:36:58,103.13
2025-02-01T10:36:59,104.74
2025-02-01T10:37:00,90.66
2025-02-01T10:37:01,93.6
2025-02-01T10:37:02,88.03
2025-02-01T10:37:03,105.83
,
2025-02-01T10:37:05,109.89
2025-02-01T10:37:06,100.49
2025-02-01T10:37:07,93.73
2025-02-01T10:37:08,100.52
2025-02-01T10:37:09,95.62
2025-02-01T10:37:10,102.58
2025-02-01T10:37:11,104.05
,106.25
2025-02-01T10:37:13,102.8
2025-02-01T10:37:14,100.23
2025-02-01T10:37:15,104.51
2025-02-01T10:37:16,94.68
2025-02-01T10:37:17,92.29
2025-02-01T10:37:18,89.45
2025-02-01T10:37:19,97.4
2025-02-01T10:37:20,100.46
2025-02-01T10:37:21,99.26
2025-02-01T10:37:22,101.12
,104.35
2025-02-01T10:37:24,103.4
2025-02-01T10:37:25,104.46
2025-02-01T10:37:26,101.61
2025-02-01T10:37:27,106.76
2025-02-01T10:37:28,104.43
2025-02-01T10:37:29,94.77
2025-02-01T10:37:30,95.3
2025-02-01T10:37:31,102.75
2025-02-01T10:37:32,94.19
2025-02-01T10:37:33,99.24
2025-02-01T10:37:34,
2025-02-01T10:37:35,
2025-02-01T10:37:36,104.22
2025-02-01T10:37:37,102.51
2025-02-01T10:37:38,105.82
2025-02-01T10:37:39,104.92
2025-02-01T10:37:40,105.21
2025-02-01T10:37:41,102.54
2025-02-01T10:37:42,93.99
2025-02-01T10:37:43,86.6
2025-02-01T10:37:44,96.55
2025-02-01T10:37:45,92.49
2025-02-01T10:37:46,113.77
2025-02-01T10:37:47,106.05
2025-02-01T10:37:48,93.77
2025-02-01T10:37:49,104.25
2025-02-01T10:37:50,106.48
2025-02-01T10:37:51,96.8
2025-02-01T10:37:52,107.96
2025-02-01T10:37:53,103.0
2025-02-01T10:37:54,100.02
2025-02-01T10:37:55,98.82
2025-02-01T10:37:56,99.87
2025-02-01T10:37:57,103.8
2025-02-01T10:37:58,102.56
2025-02-01T10:37:59,109.24
2025-02-01T10:38:00,89.77
2025-02-01T10:38:01,98.32
2025-02-01T10:38:02,95.93
2025-02-01T10:38:03,110.56
2025-02-01T10:38:04,95.78
2025-02-01T10:38:05,106.05
2025-02-01T10:38:06,99.3
2025-02-01T10:38:07,104.57
2025-02-01T10:38:08,112.71
2025-02-01T10:38:09,103.71
2025-02-01T10:38:10,95.95
2025-02-01T10:38:11,100.36
2025-02-01T10:38:12,107.14
2025-02-01T10:38:13,98.37
2025-02-01T10:38:14,100.52
2025-02-01T10:38:15,109.58
2025-02-01T10:38:16,99.89
2025-02-01T10:38:17,101.82
2025-02-01T10:38:18,103.1
2025-02-01T10:38:19,102.25
2025-02-01T10:38:20,103.5
2025-02-01T10:38:21,99.78
2025-02-01T10:38:22,97.25
2025-02-01T10:38:23,
2025-02-01T10:38:24,97.68
2025-02-01T10:38:25,115.66
2025-02-01T10:38:26,97.15
2025-02-01T10:38:27,109.75
2025-02-01T10:38:28,103.7
2025-02-01T10:38:29,101.02
2025-02-01T10:38:30,92.93
2025-02-01T10:38:31,98.14
2025-02-01T10:38:32,100.12
2025-02-01T10:38:33,92.84
2025-02-01T10:38:34,106.11
2025-02-01T10:38:35,103.36
2025-02-01T10:38:36,91.49
2025-02-01T10:38:37,106.93
2025-02-01T10:38:38,104.33
2025-02-01T10:38:39,108.54
2025-02-01T10:38:40,100.47
2025-02-01T10:38:41,95.02
2025-02-01T10:38:42,94.1
2025-02-01T10:38:43,103.08
2025-02-01T10:38:44,100.89
2025-02-01T10:38:45,100.57
2025-02-01T10:38:46,100.8
2025-02-01T10:38:47,101.67
2025-02-01T10:38:48,92.4
2025-02-01T10:38:49,99.55
2025-02-01T10:38:50,103.53
2025-02-01T10:38:51,95.02
2025-02-01T10:38:52,102.3
2025-02-01T10:38:53,106.26
2025-02-01T10:38:54,99.14
,104.88
2025-02-01T10:38:56,102.52
2025-02-01T10:38:57,101.65
2025-02-01T10:38:58,100.26
2025-02-01T10:38:59,104.39
2025-02-01T10:39:00,105.0
2025-02-01T10:39:01,101.91
2025-02-01T10:39:02,103.35
2025-02-01T10:39:03,98.06
2025-02-01T10:39:04,103.3
2025-02-01T10:39:05,97.47
2025-02-01T10:39:06,105.47
2025-02-01T10:39:07,93.95
2025-02-01T10:39:08,105.8
2025-02-01T10:39:09,93.47
,100.45
2025-02-01T10:39:11,104.72
2025-02-01T10:39:12,93.44
2025-02-01T10:39:13,104.86
2025-02-01T10:39:14,100.14
2025-02-01T10:39:15,98.6
2025-02-01T10:39:16,99.65
2025-02-01T10:39:17,90.66
2025-02-01T10:39:18,105.46
2025-02-01T10:39:19,98.29
2025-02-01T10:39:20,107.38
2025-02-01T10:39:21,104.29
2025-02-01T10:39:22,99.88
2025-02-01T10:39:23,97.02
2025-02-01T10:39:24,99.46
2025-02-01T10:39:25,94.82
2025-02-01T10:39:26,86.32
2025-02-01T10:39:27,
2025-02-01T10:39:28,105.33
2025-02-01T10:39:29,93.4
2025-02-01T10:39:30,102.41
2025-02-01T10:39:31,98.19
2025-02-01T10:39:32,102.69
2025-02-01T10:39:33,100.95
2025-02-01T10:39:34,100.0
2025-02-01T10:39:35,87.42
2025-02-01T10:39:36,104.16
2025-02-01T10:39:37,105.08
2025-02-01T10:39:38,95.46
2025-02-01T10:39:39,
2025-02-01T10:39:40,104.3
2025-02-01T10:39:41,107.01
2025-02-01T10:39:42,103.84
2025-02-01T10:39:43,95.66
,98.97
2025-02-01T10:39:45,103.7
2025-02-01T10:39:46,95.32
2025-02-01T10:39:47,97.42
2025-02-01T10:39:48,96.45
2025-02-01T10:39:49,109.45
2025-02-01T10:39:50,99.75
2025-02-01T10:39:51,101.51
2025-02-01T10:39:52,97.02
2025-02-01T10:39:53,99.46
2025-02-01T10:39:54,
2025-02-01T10:39:55,96.15
2025-02-01T10:39:56,97.39
2025-02-01T10:39:57,108.88
2025-02-01T10:39:58,102.61
2025-02-01T10:39:59,105.57
2025-02-01T10:40:00,100.77
2025-02-01T10:40:01,104.82
2025-02-01T10:40:02,106.2
2025-02-01T10:40:03,95.32
2025-02-01T10:40:04,100.95
2025-02-01T10:40:05,97.56
2025-02-01T10:40:06,100.89
2025-02-01T10:40:07,97.85
2025-02-01T10:40:08,102.87
2025-02-01T10:40:09,96.2
,102.02
2025-02-01T10:40:11,100.4
2025-02-01T10:40:12,95.09
2025-02-01T10:40:13,94.3
2025-02-01T10:40:14,103.38
2025-02-01T10:40:15,93.98
2025-02-01T10:40:16,104.65
2025-02-01T10:40:17,
2025-02-01T10:40:18,96.3
2025-02-01T10:40:19,108.44
2025-02-01T10:40:20,105.98
2025-02-01T10:40:21,106.85
2025-02-01T10:40:22,94.95
2025-02-01T10:40:23,103.71
2025-02-01T10:40:24,98.51
2025-02-01T10:40:25,103.38
2025-02-01T10:40:26,100.3
2025-02-01T10:40:27,94.23
2025-02-01T10:40:28,97.97
2025-02-01T10:40:29,112.99
2025-02-01T10:40:30,98.55
2025-02-01T10:40:31,99.89
2025-02-01T10:40:32,98.22
2025-02-01T10:40:33,111.99
2025-02-01T10:40:34,102.31
2025-02-01T10:40:35,97.1
2025-02-01T10:40:36,103.63
2025-02-01T10:40:37,99.45
2025-02-01T10:40:38,107.8
2025-02-01T10:40:39,95.69
2025-02-01T10:40:40,103.37
2025-02-01T10:40:41,98.4
2025-02-01T10:40:42,90.28
2025-02-01T10:40:43,109.85
2025-02-01T10:40:44,98.92
2025-02-01T10:40:45,104.45
2025-02-01T10:40:46,102.43
2025-02-01T10:40:47,103.1
2025-02-01T10:40:48,96.08
2025-02-01T10:40:49,104.53
2025-02-01T10:40:50,99.47
2025-02-01T10:40:51,91.9
2025-02-01T10:40:52,96.1
2025-02-01T10:40:53,100.31
2025-02-01T10:40:54,105.34
2025-02-01T10:40:55,100.0
2025-02-01T10:40:56,99.63
2025-02-01T10:40:57,96.12
2025-02-01T10:40:58,96.42
2025-02-01T10:40:59,108.83
2025-02-01T10:41:00,97.57
2025-02-01T10:41:01,100.51
2025-02-01T10:41:02,105.06
2025-02-01T10:41:03,106.39
2025-02-01T10:41:04,99.29
2025-02-01T10:41:05,
2025-02-01T10:41:06,107.83
2025-02-01T10:41:07,96.4
2025-02-01T10:41:08,100.13
2025-02-01T10:41:09,95.39
2025-02-01T10:41:10,112.82
2025-02-01T10:41:11,96.85
2025-02-01T10:41:12,108.74
2025-02-01T10:41:13,100.53
2025-02-01T10:41:14,102.8
2025-02-01T10:41:15,103.25
2025-02-01T10:41:16,96.22
2025-02-01T10:41:17,107.21
2025-02-01T10:41:18,103.75
2025-02-01T10:41:19,101.82
2025-02-01T10:41:20,101.93
2025-02-01T10:41:21,93.83
2025-02-01T10:41:22,106.76
2025-02-01T10:41:23,106.95
2025-02-01T10:41:24,99.35
,92.01
2025-02-01T10:41:26,109.16
2025-02-01T10:41:27,97.5
2025-02-01T10:41:28,107.65
2025-02-01T10:41:29,100.85
2025-02-01T10:41:30,106.48
2025-02-01T10:41:31,104.76
2025-02-01T10:41:32,98.89
2025-02-01T10:41:33,93.34
2025-02-01T10:41:34,88.22
2025-02-01T10:41:35,90.62
2025-02-01T10:41:36,105.31
2025-02-01T10:41:37,105.17
2025-02-01T10:41:38,93.35
2025-02-01T10:41:39,104.67
2025-02-01T10:41:40,97.03
2025-02-01T10:41:41,102.03
2025-02-01T10:41:42,103.71
2025-02-01T10:41:43,100.33
2025-02-01T10:41:44,100.24
2025-02-01T10:41:45,91.71
2025-02-01T10:41:46,108.43
2025-02-01T10:41:47,90.51
2025-02-01T10:41:48,98.3
2025-02-01T10:41:49,103.86
2025-02-01T10:41:50,106.95
2025-02-01T10:41:51,92.03
2025-02-01T10:41:52,105.46
2025-02-01T10:41:53,89.79
2025-02-01T10:41:54,104.55
2025-02-01T10:41:55,103.99
2025-02-01T10:41:56,95.7
2025-02-01T10:41:57,101.9
2025-02-01T10:41:58,107.01
2025-02-01T10:41:59,99.65
2025-02-01T10:42:00,106.07
2025-02-01T10:42:01,100.25
2025-02-01T10:42:02,104.96
2025-02-01T10:42:03,91.22
2025-02-01T10:42:04,90.52
2025-02-01T10:42:05,98.76
2025-02-01T10:42:06,88.72
2025-02-01T10:42:07,94.34
2025-02-01T10:42:08,100.7
2025-02-01T10:42:09,113.19
2025-02-01T10:42:10,98.3
2025-02-01T10:42:11,95.26
2025-02-01T10:42:12,104.77
2025-02-01T10:42:13,103.66
2025-02-01T10:42:14,102.14
2025-02-01T10:42:15,97.08
2025-02-01T10:42:16,91.3
2025-02-01T10:42:17,104.08
2025-02-01T10:42:18,93.05
2025-02-01T10:42:19,100.79
2025-02-01T10:42:20,102.32
2025-02-01T10:42:21,101.31
2025-02-01T10:42:22,100.54
,93.12
2025-02-01T10:42:24,101.42
2025-02-01T10:42:25,103.13
2025-02-01T10:42:26,92.55
2025-02-01T10:42:27,103.52
2025-02-01T10:42:28,91.4
2025-02-01T10:42:29,99.65
2025-02-01T10:42:30,100.25
2025-02-01T10:42:31,101.23
2025-02-01T10:42:32,98.69
2025-02-01T10:42:33,95.46
2025-02-01T10:42:34,106.33
2025-02-01T10:42:35,107.06
2025-02-01T10:42:36,100.67
2025-02-01T10:42:37,95.95
2025-02-01T10:42:38,98.07
2025-02-01T10:42:39,97.1
2025-02-01T10:42:40,99.2
2025-02-01T10:42:41,97.78
2025-02-01T10:42:42,106.57
2025-02-01T10:42:43,104.95
2025-02-01T10:42:44,98.35
2025-02-01T10:42:45,99.15
2025-02-01T10:42:46,95.14
2025-02-01T10:42:47,102.65
2025-02-01T10:42:48,94.2
2025-02-01T10:42:49,102.66
2025-02-01T10:42:50,99.31
2025-02-01T10:42:51,106.52
2025-02-01T10:42:52,92.56
2025-02-01T10:42:53,93.71
2025-02-01T10:42:54,107.06
2025-02-01T10:42:55,94.37
2025-02-01T10:42:56,98.53
2025-02-01T10:42:57,93.88
2025-02-01T10:42:58,97.51
2025-02-01T10:42:59,108.61
2025-02-01T10:43:00,102.18
2025-02-01T10:43:01,87.5
2025-02-01T10:43:02,92.86
2025-02-01T10:43:03,100.01
2025-02-01T10:43:04,98.99
2025-02-01T10:43:05,91.67
2025-02-01T10:43:06,96.47
2025-02-01T10:43:07,100.36
2025-02-01T10:43:08,101.99
2025-02-01T10:43:09,95.81
2025-02-01T10:43:10,97.58
2025-02-01T10:43:11,110.71
2025-02-01T10:43:12,98.52
2025-02-01T10:43:13,93.6
2025-02-01T10:43:14,98.54
2025-02-01T10:43:15,93.71
,103.41
2025-02-01T10:43:17,111.53
2025-02-01T10:43:18,105.34
2025-02-01T10:43:19,100.11
2025-02-01T10:43:20,100.33
2025-02-01T10:43:21,99.07
2025-02-01T10:43:22,105.72
2025-02-01T10:43:23,103.74
2025-02-01T10:43:24,95.95
2025-02-01T10:43:25,97.9
2025-02-01T10:43:26,99.12
2025-02-01T10:43:27,103.22
2025-02-01T10:43:28,103.43
2025-02-01T10:43:29,101.04
2025-02-01T10:43:30,96.37
2025-02-01T10:43:31,97.27
2025-02-01T10:43:32,113.72
2025-02-01T10:43:33,97.27
2025-02-01T10:43:34,98.63
2025-02-01T10:43:35,101.03
2025-02-01T10:43:36,104.47
2025-02-01T10:43:37,104.36
,95.33
2025-02-01T10:43:39,115.36
2025-02-01T10:43:40,94.51
2025-02-01T10:43:41,108.39
2025-02-01T10:43:42,
2025-02-01T10:43:43,94.16
2025-02-01T10:43:44,101.95
2025-02-01T10:43:45,97.08
2025-02-01T10:43:46,94.13
2025-02-01T10:43:47,103.41
2025-02-01T10:43:48,107.06
,108.76
2025-02-01T10:43:50,86.16
2025-02-01T10:43:51,91.04
2025-02-01T10:43:52,101.48
2025-02-01T10:43:53,104.69
2025-02-01T10:43:54,107.63
2025-02-01T10:43:55,101.76
2025-02-01T10:43:56,103.99
2025-02-01T10:43:57,97.77
2025-02-01T10:43:58,102.06
2025-02-01T10:43:59,102.92
2025-02-01T10:44:00,96.69
2025-02-01T10:44:01,113.69
2025-02-01T10:44:02,97.06
2025-02-01T10:44:03,104.45
2025-02-01T10:44:04,91.41
2025-02-01T10:44:05,95.3
2025-02-01T10:44:06,101.06
2025-02-01T10:44:07,99.82
2025-02-01T10:44:08,105.67
2025-02-01T10:44:09,93.59
2025-02-01T10:44:10,92.85
2025-02-01T10:44:11,92.15
2025-02-01T10:44:12,103.07
2025-02-01T10:44:13,107.24
2025-02-01T10:44:14,100.87
2025-02-01T10:44:15,93.13
2025-02-01T10:44:16,104.48
2025-02-01T10:44:17,97.91
2025-02-01T10:44:18,89.99
2025-02-01T10:44:19,99.32
2025-02-01T10:44:20,102.22
2025-02-01T10:44:21,105.79
2025-02-01T10:44:22,106.55
2025-02-01T10:44:23,104.73
2025-02-01T10:44:24,98.31
2025-02-01T10:44:25,94.26
2025-02-01T10:44:26,95.99
2025-02-01T10:44:27,95.07
2025-02-01T10:44:28,95.43
2025-02-01T10:44:29,101.02
2025-02-01T10:44:30,95.94
2025-02-01T10:44:31,95.05
2025-02-01T10:44:32,101.3
2025-02-01T10:44:33,110.65
,98.74
2025-02-01T10:44:35,93.02
2025-02-01T10:44:36,97.15
2025-02-01T10:44:37,98.68
2025-02-01T10:44:38,97.85
2025-02-01T10:44:39,104.14
,95.04
2025-02-01T10:44:41,99.59
2025-02-01T10:44:42,94.32
2025-02-01T10:44:43,94.16
2025-02-01T10:44:44,97.84
2025-02-01T10:44:45,97.57
2025-02-01T10:44:46,107.68
2025-02-01T10:44:47,94.38
2025-02-01T10:44:48,102.99
2025-02-01T10:44:49,98.16
2025-02-01T10:44:50,93.85
2025-02-01T10:44:51,96.93
2025-02-01T10:44:52,96.52
2025-02-01T10:44:53,98.08
2025-02-01T10:44:54,101.16
2025-02-01T10:44:55,
2025-02-01T10:44:56,100.28
2025-02-01T10:44:57,98.1
2025-02-01T10:44:58,96.82
2025-02-01T10:44:59,100.46
2025-02-01T10:45:00,93.26
2025-02-01T10:45:01,100.54
2025-02-01T10:45:02,100.01
2025-02-01T10:45:03,96.6
2025-02-01T10:45:04,103.59
2025-02-01T10:45:05,98.22
,94.63
2025-02-01T10:45:07,109.32
2025-02-01T10:45:08,85.9
2025-02-01T10:45:09,100.29
2025-02-01T10:45:10,107.06
2025-02-01T10:45:11,96.66
2025-02-01T10:45:12,94.04
2025-02-01T10:45:13,99.66
2025-02-01T10:45:14,99.58
2025-02-01T10:45:15,96.84
2025-02-01T10:45:16,109.89
2025-02-01T10:45:17,94.68
2025-02-01T10:45:18,104.78
2025-02-01T10:45:19,104.11
2025-02-01T10:45:20,106.37
2025-02-01T10:45:21,
2025-02-01T10:45:22,106.91
2025-02-01T10:45:23,91.95
2025-02-01T10:45:24,102.39
2025-02-01T10:45:25,96.25
2025-02-01T10:45:26,99.6
2025-02-01T10:45:27,102.71
2025-02-01T10:45:28,99.3
2025-02-01T10:45:29,99.75
2025-02-01T10:45:30,100.9
2025-02-01T10:45:31,101.76
2025-02-01T10:45:32,111.22
2025-02-01T10:45:33,85.27
2025-02-01T10:45:34,103.0
2025-02-01T10:45:35,95.34
2025-02-01T10:45:36,101.56
2025-02-01T10:45:37,96.49
2025-02-01T10:45:38,96.73
2025-02-01T10:45:39,93.46
2025-02-01T10:45:40,99.77
2025-02-01T10:45:41,104.03
2025-02-01T10:45:42,102.41
2025-02-01T10:45:43,102.58
2025-02-01T10:45:44,94.81
2025-02-01T10:45:45,94.55
2025-02-01T10:45:46,104.26
2025-02-01T10:45:47,112.83
2025-02-01T10:45:48,95.98
2025-02-01T10:45:49,102.3
2025-02-01T10:45:50,102.73
2025-02-01T10:45:51,100.62
2025-02-01T10:45:52,104.04
2025-02-01T10:45:53,83.57
2025-02-01T10:45:54,98.9
2025-02-01T10:45:55,106.06
2025-02-01T10:45:56,100.27
2025-02-01T10:45:57,100.65
2025-02-01T10:45:58,94.74
2025-02-01T10:45:59,98.02
2025-02-01T10:46:00,87.3
2025-02-01T10:46:01,109.01
2025-02-01T10:46:02,99.17
2025-02-01T10:46:03,103.86
2025-02-01T10:46:04,101.85
2025-02-01T10:46:05,96.94
2025-02-01T10:46:06,98.26
2025-02-01T10:46:07,97.53
2025-02-01T10:46:08,106.29
2025-02-01T10:46:09,102.84
2025-02-01T10:46:10,107.18
2025-02-01T10:46:11,
2025-02-01T10:46:12,91.58
2025-02-01T10:46:13,97.52
2025-02-01T10:46:14,96.82
2025-02-01T10:46:15,101.24
2025-02-01T10:46:16,99.44
2025-02-01T10:46:17,97.61
2025-02-01T10:46:18,104.4
2025-02-01T10:46:19,96.79
2025-02-01T10:46:20,
2025-02-01T10:46:21,105.21
2025-02-01T10:46:22,98.19
2025-02-01T10:46:23,96.3
2025-02-01T10:46:24,97.06
2025-02-01T10:46:25,108.58
2025-02-01T10:46:26,96.78
2025-02-01T10:46:27,106.55
2025-02-01T10:46:28,95.2
2025-02-01T10:46:29,100.16
2025-02-01T10:46:30,88.52
2025-02-01T10:46:31,98.37
2025-02-01T10:46:32,90.82
2025-02-01T10:46:33,101.39
2025-02-01T10:46:34,97.42
2025-02-01T10:46:35,99.8
2025-02-01T10:46:36,100.54
2025-02-01T10:46:37,95.13
2025-02-01T10:46:38,104.81
2025-02-01T10:46:39,103.66
2025-02-01T10:46:40,100.74
2025-02-01T10:46:41,95.56
2025-02-01T10:46:42,101.26
2025-02-01T10:46:43,105.15
2025-02-01T10:46:44,98.6
2025-02-01T10:46:45,97.3
2025-02-01T10:46:46,99.41
2025-02-01T10:46:47,102.12
2025-02-01T10:46:48,92.35
2025-02-01T10:46:49,101.02
2025-02-01T10:46:50,96.08
2025-02-01T10:46:51,106.59
2025-02-01T10:46:52,104.48
2025-02-01T10:46:53,98.19
2025-02-01T10:46:54,92.38
2025-02-01T10:46:55,104.08
2025-02-01T10:46:56,96.89
2025-02-01T10:46:57,97.55
2025-02-01T10:46:58,100.88
2025-02-01T10:46:59,100.12
2025-02-01T10:47:00,104.04
2025-02-01T10:47:01,100.36
2025-02-01T10:47:02,98.84
2025-02-01T10:47:03,101.07
2025-02-01T10:47:04,98.01
2025-02-01T10:47:05,97.21
2025-02-01T10:47:06,94.32
2025-02-01T10:47:07,102.98
2025-02-01T10:47:08,102.43
2025-02-01T10:47:09,106.6
2025-02-01T10:47:10,100.72
2025-02-01T10:47:11,102.34
2025-02-01T10:47:12,98.38
2025-02-01T10:47:13,93.56
2025-02-01T10:47:14,103.17
2025-02-01T10:47:15,111.04
2025-02-01T10:47:16,105.66
2025-02-01T10:47:17,93.04
2025-02-01T10:47:18,110.69
2025-02-01T10:47:19,97.04
2025-02-01T10:47:20,95.67
2025-02-01T10:47:21,104.97
2025-02-01T10:47:22,93.19
2025-02-01T10:47:23,100.04
2025-02-01T10:47:24,96.29
2025-02-01T10:47:25,99.62
2025-02-01T10:47:26,101.44
2025-02-01T10:47:27,101.01
2025-02-01T10:47:28,97.67
2025-02-01T10:47:29,95.26
2025-02-01T10:47:30,95.58
2025-02-01T10:47:31,93.19
2025-02-01T10:47:32,104.89
2025-02-01T10:47:33,96.51
2025-02-01T10:47:34,95.4
2025-02-01T10:47:35,95.17
2025-02-01T10:47:36,96.6
2025-02-01T10:47:37,107.29
2025-02-01T10:47:38,101.08
2025-02-01T10:47:39,95.75
2025-02-01T10:47:40,97.83
2025-02-01T10:47:41,96.32
2025-02-01T10:47:42,106.93
2025-02-01T10:47:43,100.84
2025-02-01T10:47:44,98.2
2025-02-01T10:47:45,105.29
2025-02-01T10:47:46,86.24
2025-02-01T10:47:47,99.09
2025-02-01T10:47:48,92.35
2025-02-01T10:47:49,94.91
2025-02-01T10:47:50,105.3
2025-02-01T10:47:51,103.19
2025-02-01T10:47:52,94.92
2025-02-01T10:47:53,99.44
2025-02-01T10:47:54,99.18
2025-02-01T10:47:55,98.45
2025-02-01T10:47:56,106.48
2025-02-01T10:47:57,107.26
2025-02-01T10:47:58,101.44
2025-02-01T10:47:59,93.02
2025-02-01T10:48:00,102.96
2025-02-01T10:48:01,99.04
2025-02-01T10:48:02,104.56
2025-02-01T10:48:03,103.08
2025-02-01T10:48:04,99.79
2025-02-01T10:48:05,107.46
2025-02-01T10:48:06,92.95
2025-02-01T10:48:07,94.32
2025-02-01T10:48:08,96.66
2025-02-01T10:48:09,98.39
2025-02-01T10:48:10,102.42
2025-02-01T10:48:11,88.91
2025-02-01T10:48:12,95.62
2025-02-01T10:48:13,109.12
2025-02-01T10:48:14,102.62
2025-02-01T10:48:15,113.68
2025-02-01T10:48:16,100.65
2025-02-01T10:48:17,97.86
2025-02-01T10:48:18,109.66
2025-02-01T10:48:19,100.4
2025-02-01T10:48:20,100.88
2025-02-01T10:48:21,94.79
2025-02-01T10:48:22,101.78
2025-02-01T10:48:23,96.4
2025-02-01T10:48:24,102.92
2025-02-01T10:48:25,97.5
2025-02-01T10:48:26,94.1
,103.33
2025-02-01T10:48:28,94.09
2025-02-01T10:48:29,95.37
2025-02-01T10:48:30,105.34
2025-02-01T10:48:31,102.15
2025-02-01T10:48:32,94.63
2025-02-01T10:48:33,96.2
2025-02-01T10:48:34,97.36
2025-02-01T10:48:35,100.89
2025-02-01T10:48:36,100.26
2025-02-01T10:48:37,101.06
2025-02-01T10:48:38,90.63
2025-02-01T10:48:39,101.71
2025-02-01T10:48:40,105.05
2025-02-01T10:48:41,100.23
2025-02-01T10:48:42,99.55
2025-02-01T10:48:43,96.57
,100.63
2025-02-01T10:48:45,102.82
,105.59
2025-02-01T10:48:47,103.92
2025-02-01T10:48:48,99.61
2025-02-01T10:48:49,95.99
2025-02-01T10:48:50,87.97
2025-02-01T10:48:51,102.53
2025-02-01T10:48:52,95.02
2025-02-01T10:48:53,88.53
2025-02-01T10:48:54,101.04
2025-02-01T10:48:55,108.8
2025-02-01T10:48:56,97.29
2025-02-01T10:48:57,99.53
2025-02-01T10:48:58,99.63
2025-02-01T10:48:59,97.92
2025-02-01T10:49:00,99.61
2025-02-01T10:49:01,99.8
,99.23
2025-02-01T10:49:03,104.92
2025-02-01T10:49:04,96.58
2025-02-01T10:49:05,106.0
2025-02-01T10:49:06,106.9
2025-02-01T10:49:07,98.59
2025-02-01T10:49:08,101.4
2025-02-01T10:49:09,109.09
2025-02-01T10:49:10,103.24
2025-02-01T10:49:11,107.67
2025-02-01T10:49:12,94.06
2025-02-01T10:49:13,102.44
2025-02-01T10:49:14,96.38
2025-02-01T10:49:15,101.64
2025-02-01T10:49:16,96.74
2025-02-01T10:49:17,100.36
2025-02-01T10:49:18,96.5
2025-02-01T10:49:19,94.72
2025-02-01T10:49:20,106.1
2025-02-01T10:49:21,96.69
2025-02-01T10:49:22,98.91
2025-02-01T10:49:23,108.42
2025-02-01T10:49:24,101.07
2025-02-01T10:49:25,92.5
2025-02-01T10:49:26,100.4
2025-02-01T10:49:27,108.34
2025-02-01T10:49:28,96.47
2025-02-01T10:49:29,99.56
2025-02-01T10:49:30,104.7
2025-02-01T10:49:31,94.04
2025-02-01T10:49:32,100.73
2025-02-01T10:49:33,94.74
2025-02-01T10:49:34,98.25
2025-02-01T10:49:35,99.39
2025-02-01T10:49:36,101.91
2025-02-01T10:49:37,92.19
2025-02-01T10:49:38,96.92
2025-02-01T10:49:39,115.62
2025-02-01T10:49:40,103.1
2025-02-01T10:49:41,98.7
2025-02-01T10:49:42,90.19
,101.34
2025-02-01T10:49:44,102.65
2025-02-01T10:49:45,107.27
2025-02-01T10:49:46,104.99
2025-02-01T10:49:47,99.59
2025-02-01T10:49:48,99.86
2025-02-01T10:49:49,108.51
2025-02-01T10:49:50,102.49
2025-02-01T10:49:51,96.36
2025-02-01T10:49:52,101.24
2025-02-01T10:49:53,108.52
2025-02-01T10:49:54,93.98
2025-02-01T10:49:55,94.68
2025-02-01T10:49:56,100.17
2025-02-01T10:49:57,98.25
2025-02-01T10:49:58,95.08
2025-02-01T10:49:59,99.28
2025-02-01T10:50:00,104.61
2025-02-01T10:50:01,97.93
2025-02-01T10:50:02,104.53
2025-02-01T10:50:03,88.26
2025-02-01T10:50:04,101.35
2025-02-01T10:50:05,101.39
,104.3
2025-02-01T10:50:07,94.15
2025-02-01T10:50:08,102.7
2025-02-01T10:50:09,93.72
2025-02-01T10:50:10,92.53
2025-02-01T10:50:11,101.99
2025-02-01T10:50:12,111.64
2025-02-01T10:50:13,97.23
2025-02-01T10:50:14,102.31
2025-02-01T10:50:15,109.56
2025-02-01T10:50:16,101.24
2025-02-01T10:50:17,107.37
2025-02-01T10:50:18,97.45
2025-02-01T10:50:19,98.7
2025-02-01T10:50:20,94.48
2025-02-01T10:50:21,109.43
2025-02-01T10:50:22,103.53
2025-02-01T10:50:23,94.99
2025-02-01T10:50:24,103.34
2025-02-01T10:50:25,115.39
2025-02-01T10:50:26,99.87
2025-02-01T10:50:27,101.17
2025-02-01T10:50:28,99.1
2025-02-01T10:50:29,102.38
2025-02-01T10:50:30,100.46
2025-02-01T10:50:31,94.52
2025-02-01T10:50:32,95.67
2025-02-01T10:50:33,110.44
2025-02-01T10:50:34,100.84
2025-02-01T10:50:35,103.59
2025-02-01T10:50:36,97.64
2025-02-01T10:50:37,97.16
2025-02-01T10:50:38,105.06
2025-02-01T10:50:39,102.17
2025-02-01T10:50:40,101.68
2025-02-01T10:50:41,95.86
2025-02-01T10:50:42,94.64
2025-02-01T10:50:43,101.06
2025-02-01T10:50:44,100.28
2025-02-01T10:50:45,89.35
2025-02-01T10:50:46,107.82
2025-02-01T10:50:47,100.69
2025-02-01T10:50:48,108.15
2025-02-01T10:50:49,104.64
2025-02-01T10:50:50,96.64
2025-02-01T10:50:51,103.37
2025-02-01T10:50:52,97.51
2025-02-01T10:50:53,101.34
2025-02-01T10:50:54,93.91
2025-02-01T10:50:55,98.6
2025-02-01T10:50:56,97.97
2025-02-01T10:50:57,102.17
2025-02-01T10:50:58,93.91
2025-02-01T10:50:59,101.32
2025-02-01T10:51:00,97.44
2025-02-01T10:51:01,105.71
2025-02-01T10:51:02,95.48
2025-02-01T10:51:03,99.57
2025-02-01T10:51:04,95.09
2025-02-01T10:51:05,99.02
2025-02-01T10:51:06,103.69
2025-02-01T10:51:07,109.79
,107.56
2025-02-01T10:51:09,101.05
2025-02-01T10:51:10,98.12
2025-02-01T10:51:11,94.01
2025-02-01T10:51:12,99.76
2025-02-01T10:51:13,101.58
2025-02-01T10:51:14,99.32
2025-02-01T10:51:15,99.77
2025-02-01T10:51:16,92.24
2025-02-01T10:51:17,99.05
2025-02-01T10:51:18,102.11
2025-02-01T10:51:19,95.6
2025-02-01T10:51:20,94.91
2025-02-01T10:51:21,
2025-02-01T10:51:22,99.69
2025-02-01T10:51:23,103.19
2025-02-01T10:51:24,99.59
2025-02-01T10:51:25,100.69
2025-02-01T10:51:26,95.54
2025-02-01T10:51:27,98.8
2025-02-01T10:51:28,100.03
2025-02-01T10:51:29,95.78
2025-02-01T10:51:30,103.15
2025-02-01T10:51:31,101.13
2025-02-01T10:51:32,100.67
2025-02-01T10:51:33,97.81
2025-02-01T10:51:34,99.73
2025-02-01T10:51:35,104.74
2025-02-01T10:51:36,95.32
2025-02-01T10:51:37,95.9
2025-02-01T10:51:38,98.86
2025-02-01T10:51:39,108.05
2025-02-01T10:51:40,98.01
2025-02-01T10:51:41,96.38
2025-02-01T10:51:42,91.57
2025-02-01T10:51:43,94.57
2025-02-01T10:51:44,103.81
2025-02-01T10:51:45,101.12
2025-02-01T10:51:46,92.54
2025-02-01T10:51:47,97.32
2025-02-01T10:51:48,105.16
2025-02-01T10:51:49,107.57
2025-02-01T10:51:50,97.21
2025-02-01T10:51:51,95.37
2025-02-01T10:51:52,98.46
2025-02-01T10:51:53,97.28
2025-02-01T10:51:54,99.63
2025-02-01T10:51:55,101.92
2025-02-01T10:51:56,93.86
2025-02-01T10:51:57,
2025-02-01T10:51:58,94.41
2025-02-01T10:51:59,93.07
2025-02-01T10:52:00,94.65
2025-02-01T10:52:01,102.06
2025-02-01T10:52:02,99.92
2025-02-01T10:52:03,102.64
2025-02-01T10:52:04,104.52
2025-02-01T10:52:05,96.59
2025-02-01T10:52:06,92.09
2025-02-01T10:52:07,95.41
2025-02-01T10:52:08,
2025-02-01T10:52:09,91.29
2025-02-01T10:52:10,97.82
2025-02-01T10:52:11,106.59
2025-02-01T10:52:12,100.2
2025-02-01T10:52:13,98.53
2025-02-01T10:52:14,104.79
2025-02-01T10:52:15,102.06
2025-02-01T10:52:16,108.99
2025-02-01T10:52:17,96.28
2025-02-01T10:52:18,93.14
2025-02-01T10:52:19,95.35
2025-02-01T10:52:20,105.87
2025-02-01T10:52:21,103.92
2025-02-01T10:52:22,108.15
2025-02-01T10:52:23,108.3
2025-02-01T10:52:24,100.48
2025-02-01T10:52:25,91.33
2025-02-01T10:52:26,91.49
2025-02-01T10:52:27,91.61
2025-02-01T10:52:28,101.64
2025-02-01T10:52:29,93.83
2025-02-01T10:52:30,102.91
2025-02-01T10:52:31,96.16
2025-02-01T10:52:32,102.21
2025-02-01T10:52:33,99.52
2025-02-01T10:52:34,103.35
2025-02-01T10:52:35,97.68
2025-02-01T10:52:36,102.8
2025-02-01T10:52:37,100.38
2025-02-01T10:52:38,102.16
2025-02-01T10:52:39,105.35
2025-02-01T10:52:40,107.92
2025-02-01T10:52:41,103.89
2025-02-01T10:52:42,95.12
2025-02-01T10:52:43,112.37
2025-02-01T10:52:44,96.73
2025-02-01T10:52:45,102.9
2025-02-01T10:52:46,95.94
2025-02-01T10:52:47,97.88
2025-02-01T10:52:48,99.86
2025-02-01T10:52:49,88.07
2025-02-01T10:52:50,100.93
2025-02-01T10:52:51,101.79
2025-02-01T10:52:52,105.62
2025-02-01T10:52:53,98.41
2025-02-01T10:52:54,101.21
2025-02-01T10:52:55,96.72
2025-02-01T10:52:56,99.19
2025-02-01T10:52:57,104.88
2025-02-01T10:52:58,101.92
2025-02-01T10:52:59,100.69
2025-02-01T10:53:00,104.96
2025-02-01T10:53:01,101.78
2025-02-01T10:53:02,94.14
2025-02-01T10:53:03,107.05
2025-02-01T10:53:04,99.73
2025-02-01T10:53:05,89.5
2025-02-01T10:53:06,110.14
2025-02-01T10:53:07,96.49
2025-02-01T10:53:08,98.85
2025-02-01T10:53:09,102.19
2025-02-01T10:53:10,98.99
2025-02-01T10:53:11,99.75
2025-02-01T10:53:12,102.24
2025-02-01T10:53:13,100.89
2025-02-01T10:53:14,99.67
2025-02-01T10:53:15,102.13
2025-02-01T10:53:16,110.14
2025-02-01T10:53:17,98.79
2025-02-01T10:53:18,103.21
2025-02-01T10:53:19,106.98
2025-02-01T10:53:20,105.29
2025-02-01T10:53:21,109.94
2025-02-01T10:53:22,94.51
2025-02-01T10:53:23,98.34
2025-02-01T10:53:24,101.13
,97.98
2025-02-01T10:53:26,107.97
2025-02-01T10:53:27,99.31
2025-02-01T10:53:28,94.86
2025-02-01T10:53:29,103.49
2025-02-01T10:53:30,101.35
2025-02-01T10:53:31,107.01
2025-02-01T10:53:32,88.57
2025-02-01T10:53:33,97.87
2025-02-01T10:53:34,101.17
2025-02-01T10:53:35,94.84
2025-02-01T10:53:36,93.41
2025-02-01T10:53:37,102.74
2025-02-01T10:53:38,106.86
2025-02-01T10:53:39,95.69
2025-02-01T10:53:40,99.14
2025-02-01T10:53:41,105.32
2025-02-01T10:53:42,104.23
2025-02-01T10:53:43,91.49
2025-02-01T10:53:44,106.77
2025-02-01T10:53:45,98.01
2025-02-01T10:53:46,102.4
2025-02-01T10:53:47,94.43
2025-02-01T10:53:48,92.55
2025-02-01T10:53:49,99.8
2025-02-01T10:53:50,101.82
2025-02-01T10:53:51,101.21
2025-02-01T10:53:52,96.82
2025-02-01T10:53:53,92.82
2025-02-01T10:53:54,93.14
2025-02-01T10:53:55,99.71
2025-02-01T10:53:56,102.81
2025-02-01T10:53:57,102.02
2025-02-01T10:53:58,91.39
2025-02-01T10:53:59,103.06
2025-02-01T10:54:00,98.93
2025-02-01T10:54:01,110.4
2025-02-01T10:54:02,98.22
2025-02-01T10:54:03,93.2
2025-02-01T10:54:04,98.82
2025-02-01T10:54:05,111.33
2025-02-01T10:54:06,106.58
2025-02-01T10:54:07,108.47
2025-02-01T10:54:08,100.56
2025-02-01T10:54:09,100.2
2025-02-01T10:54:10,101.18
2025-02-01T10:54:11,94.65
2025-02-01T10:54:12,90.04
2025-02-01T10:54:13,101.64
2025-02-01T10:54:14,98.71
2025-02-01T10:54:15,108.4
2025-02-01T10:54:16,96.66
2025-02-01T10:54:17,94.26
,105.4
2025-02-01T10:54:19,102.68
2025-02-01T10:54:20,108.39
2025-02-01T10:54:21,105.59
2025-02-01T10:54:22,102.47
2025-02-01T10:54:23,108.5
2025-02-01T10:54:24,99.44
2025-02-01T10:54:25,87.41
2025-02-01T10:54:26,104.53
2025-02-01T10:54:27,103.58
2025-02-01T10:54:28,96.66
2025-02-01T10:54:29,91.46
2025-02-01T10:54:30,97.57
2025-02-01T10:54:31,
2025-02-01T10:54:32,107.4
2025-02-01T10:54:33,105.49
2025-02-01T10:54:34,96.5
2025-02-01T10:54:35,106.72
2025-02-01T10:54:36,94.74
2025-02-01T10:54:37,101.51
2025-02-01T10:54:38,105.89
2025-02-01T10:54:39,92.03
2025-02-01T10:54:40,98.83
2025-02-01T10:54:41,111.07
2025-02-01T10:54:42,98.3
2025-02-01T10:54:43,101.13
2025-02-01T10:54:44,91.93
2025-02-01T10:54:45,98.23
2025-02-01T10:54:46,95.98
2025-02-01T10:54:47,99.26
2025-02-01T10:54:48,101.15
2025-02-01T10:54:49,101.6
2025-02-01T10:54:50,102.71
2025-02-01T10:54:51,103.62
2025-02-01T10:54:52,105.54
2025-02-01T10:54:53,95.06
2025-02-01T10:54:54,101.28
2025-02-01T10:54:55,99.6
2025-02-01T10:54:56,94.74
2025-02-01T10:54:57,100.3
2025-02-01T10:54:58,103.36
2025-02-01T10:54:59,101.68
2025-02-01T10:55:00,102.53
2025-02-01T10:55:01,97.36
2025-02-01T10:55:02,104.3
2025-02-01T10:55:03,101.8
2025-02-01T10:55:04,99.65
2025-02-01T10:55:05,98.17
2025-02-01T10:55:06,102.5
2025-02-01T10:55:07,101.99
2025-02-01T10:55:08,100.36
2025-02-01T10:55:09,100.53
2025-02-01T10:55:10,96.57
2025-02-01T10:55:11,110.71
2025-02-01T10:55:12,98.17
2025-02-01T10:55:13,98.73
2025-02-01T10:55:14,110.01
2025-02-01T10:55:15,93.61
2025-02-01T10:55:16,93.89
2025-02-01T10:55:17,95.28
2025-02-01T10:55:18,94.1
2025-02-01T10:55:19,100.47
2025-02-01T10:55:20,96.26
2025-02-01T10:55:21,102.09
2025-02-01T10:55:22,101.67
2025-02-01T10:55:23,95.32
2025-02-01T10:55:24,104.68
2025-02-01T10:55:25,101.8
2025-02-01T10:55:26,99.0
2025-02-01T10:55:27,109.89
2025-02-01T10:55:28,103.51
2025-02-01T10:55:29,100.62
2025-02-01T10:55:30,103.62
,102.66
2025-02-01T10:55:32,101.93
2025-02-01T10:55:33,102.62
2025-02-01T10:55:34,104.11
2025-02-01T10:55:35,95.39
2025-02-01T10:55:36,106.6
2025-02-01T10:55:37,97.78
2025-02-01T10:55:38,96.21
2025-02-01T10:55:39,97.17
,93.75
2025-02-01T10:55:41,96.41
2025-02-01T10:55:42,96.81
2025-02-01T10:55:43,100.55
2025-02-01T10:55:44,99.3
2025-02-01T10:55:45,89.38
2025-02-01T10:55:46,106.21
2025-02-01T10:55:47,100.72
2025-02-01T10:55:48,100.44
2025-02-01T10:55:49,97.81
2025-02-01T10:55:50,98.8
2025-02-01T10:55:51,110.0
2025-02-01T10:55:52,93.91
2025-02-01T10:55:53,94.67
2025-02-01T10:55:54,98.4
2025-02-01T10:55:55,103.69
2025-02-01T10:55:56,92.94
2025-02-01T10:55:57,92.96
2025-02-01T10:55:58,100.68
2025-02-01T10:55:59,94.65
2025-02-01T10:56:00,96.78
2025-02-01T10:56:01,103.28
2025-02-01T10:56:02,95.85
2025-02-01T10:56:03,
2025-02-01T10:56:04,105.94
2025-02-01T10:56:05,96.23
2025-02-01T10:56:06,97.53
2025-02-01T10:56:07,100.65
,99.09
2025-02-01T10:56:09,106.51
2025-02-01T10:56:10,96.9
2025-02-01T10:56:11,101.87
2025-02-01T10:56:12,98.75
2025-02-01T10:56:13,93.29
2025-02-01T10:56:14,99.49
2025-02-01T10:56:15,96.42
,88.08
2025-02-01T10:56:17,97.83
2025-02-01T10:56:18,91.98
2025-02-01T10:56:19,90.18
2025-02-01T10:56:20,103.76
2025-02-01T10:56:21,95.9
2025-02-01T10:56:22,88.18
2025-02-01T10:56:23,109.47
2025-02-01T10:56:24,99.55
2025-02-01T10:56:25,100.52
2025-02-01T10:56:26,99.75
2025-02-01T10:56:27,94.93
2025-02-01T10:56:28,100.13
2025-02-01T10:56:29,102.17
2025-02-01T10:56:30,103.16
2025-02-01T10:56:31,98.47
2025-02-01T10:56:32,100.97
2025-02-01T10:56:33,93.35
2025-02-01T10:56:34,98.84
2025-02-01T10:56:35,101.34
2025-02-01T10:56:36,107.23
2025-02-01T10:56:37,85.46
2025-02-01T10:56:38,102.82
2025-02-01T10:56:39,99.0
2025-02-01T10:56:40,99.08
2025-02-01T10:56:41,90.96
2025-02-01T10:56:42,
2025-02-01T10:56:43,99.44
2025-02-01T10:56:44,95.75
2025-02-01T10:56:45,98.37
2025-02-01T10:56:46,96.04
2025-02-01T10:56:47,99.94
2025-02-01T10:56:48,99.92
2025-02-01T10:56:49,103.12
2025-02-01T10:56:50,95.45
2025-02-01T10:56:51,102.66
2025-02-01T10:56:52,105.08
2025-02-01T10:56:53,95.23
2025-02-01T10:56:54,99.67
2025-02-01T10:56:55,109.47
2025-02-01T10:56:56,98.97
2025-02-01T10:56:57,101.37
2025-02-01T10:56:58,107.93
2025-02-01T10:56:59,105.53
2025-02-01T10:57:00,101.36
2025-02-01T10:57:01,95.22
2025-02-01T10:57:02,103.45
2025-02-01T10:57:03,106.17
2025-02-01T10:57:04,101.82
2025-02-01T10:57:05,96.84
2025-02-01T10:57:06,102.28
2025-02-01T10:57:07,100.47
2025-02-01T10:57:08,103.81
2025-02-01T10:57:09,107.06
2025-02-01T10:57:10,102.6
2025-02-01T10:57:11,104.92
2025-02-01T10:57:12,103.33
2025-02-01T10:57:13,99.6
2025-02-01T10:57:14,102.19
2025-02-01T10:57:15,97.24
2025-02-01T10:57:16,97.41
2025-02-01T10:57:17,100.42
2025-02-01T10:57:18,109.74
2025-02-01T10:57:19,111.69
2025-02-01T10:57:20,98.76
2025-02-01T10:57:21,95.49
2025-02-01T10:57:22,98.84
2025-02-01T10:57:23,90.68
2025-02-01T10:57:24,94.48
2025-02-01T10:57:25,90.02
2025-02-01T10:57:26,105.14
2025-02-01T10:57:27,91.0
2025-02-01T10:57:28,93.11
2025-02-01T10:57:29,103.04
2025-02-01T10:57:30,93.48
2025-02-01T10:57:31,91.19
2025-02-01T10:57:32,103.76
2025-02-01T10:57:33,107.28
2025-02-01T10:57:34,96.77
2025-02-01T10:57:35,102.25
2025-02-01T10:57:36,94.59
2025-02-01T10:57:37,101.12
2025-02-01T10:57:38,100.47
2025-02-01T10:57:39,92.57
2025-02-01T10:57:40,94.96
2025-02-01T10:57:41,100.67
2025-02-01T10:57:42,102.81
2025-02-01T10:57:43,104.91
2025-02-01T10:57:44,102.84
2025-02-01T10:57:45,100.57
2025-02-01T10:57:46,94.91
2025-02-01T10:57:47,102.66
2025-02-01T10:57:48,102.09
2025-02-01T10:57:49,110.36
2025-02-01T10:57:50,95.21
2025-02-01T10:57:51,96.54
2025-02-01T10:57:52,99.75
2025-02-01T10:57:53,95.97
2025-02-01T10:57:54,103.41
2025-02-01T10:57:55,101.46
2025-02-01T10:57:56,94.04
2025-02-01T10:57:57,100.31
2025-02-01T10:57:58,85.06
2025-02-01T10:57:59,99.47
2025-02-01T10:58:00,94.91
2025-02-01T10:58:01,98.8
2025-02-01T10:58:02,98.25
2025-02-01T10:58:03,
2025-02-01T10:58:04,95.62
2025-02-01T10:58:05,113.93
2025-02-01T10:58:06,93.64
2025-02-01T10:58:07,100.54
2025-02-01T10:58:08,104.94
2025-02-01T10:58:09,95.99
2025-02-01T10:58:10,97.26
2025-02-01T10:58:11,97.41
2025-02-01T10:58:12,94.02
,96.97
2025-02-01T10:58:14,95.66
2025-02-01T10:58:15,99.99
2025-02-01T10:58:16,99.26
2025-02-01T10:58:17,99.53
2025-02-01T10:58:18,95.48
2025-02-01T10:58:19,92.91
2025-02-01T10:58:20,104.11
2025-02-01T10:58:21,100.49
2025-02-01T10:58:22,97.82
2025-02-01T10:58:23,92.61
2025-02-01T10:58:24,101.85
2025-02-01T10:58:25,104.65
2025-02-01T10:58:26,95.36
2025-02-01T10:58:27,102.1
,101.22
2025-02-01T10:58:29,91.05
2025-02-01T10:58:30,98.97
2025-02-01T10:58:31,87.71
2025-02-01T10:58:32,105.26
2025-02-01T10:58:33,94.74
2025-02-01T10:58:34,87.75
,98.54
2025-02-01T10:58:36,117.0
2025-02-01T10:58:37,98.59
2025-02-01T10:58:38,95.19
2025-02-01T10:58:39,91.44
2025-02-01T10:58:40,100.49
2025-02-01T10:58:41,99.32
2025-02-01T10:58:42,102.74
2025-02-01T10:58:43,102.66
2025-02-01T10:58:44,88.37
2025-02-01T10:58:45,101.1
,99.98
,90.75
2025-02-01T10:58:48,100.26
2025-02-01T10:58:49,97.57
2025-02-01T10:58:50,97.38
2025-02-01T10:58:51,96.57
2025-02-01T10:58:52,100.9
2025-02-01T10:58:53,107.08
2025-02-01T10:58:54,97.14
,91.63
2025-02-01T10:58:56,
2025-02-01T10:58:57,105.27
2025-02-01T10:58:58,101.41
2025-02-01T10:58:59,90.86
2025-02-01T10:59:00,97.39
2025-02-01T10:59:01,105.94
,99.29
2025-02-01T10:59:03,109.01
2025-02-01T10:59:04,103.84
2025-02-01T10:59:05,99.53
2025-02-01T10:59:06,98.31
2025-02-01T10:59:07,93.56
2025-02-01T10:59:08,100.88
2025-02-01T10:59:09,94.94
2025-02-01T10:59:10,104.61
2025-02-01T10:59:11,95.5
2025-02-01T10:59:12,98.25
2025-02-01T10:59:13,98.96
2025-02-01T10:59:14,99.0
2025-02-01T10:59:15,95.75
2025-02-01T10:59:16,97.67
2025-02-01T10:59:17,113.33
2025-02-01T10:59:18,101.11
2025-02-01T10:59:19,93.99
2025-02-01T10:59:20,97.44
2025-02-01T10:59:21,90.23
2025-02-01T10:59:22,113.63
2025-02-01T10:59:23,106.35
2025-02-01T10:59:24,99.56
2025-02-01T10:59:25,103.31
2025-02-01T10:59:26,102.17
2025-02-01T10:59:27,97.98
2025-02-01T10:59:28,85.97
2025-02-01T10:59:29,94.79
2025-02-01T10:59:30,101.2
2025-02-01T10:59:31,107.64
2025-02-01T10:59:32,96.26
2025-02-01T10:59:33,96.75
2025-02-01T10:59:34,84.74
2025-02-01T10:59:35,100.99
2025-02-01T10:59:36,99.72
2025-02-01T10:59:37,104.25
2025-02-01T10:59:38,99.69
2025-02-01T10:59:39,101.42
2025-02-01T10:59:40,99.68
2025-02-01T10:59:41,101.89
2025-02-01T10:59:42,111.49
2025-02-01T10:59:43,97.8
2025-02-01T10:59:44,99.1
2025-02-01T10:59:45,98.36
,101.24
2025-02-01T10:59:47,96.91
2025-02-01T10:59:48,99.97
2025-02-01T10:59:49,97.37
2025-02-01T10:59:50,105.99
2025-02-01T10:59:51,105.55
2025-02-01T10:59:52,98.08
2025-02-01T10:59:53,103.79
,92.89
2025-02-01T10:59:55,106.31
2025-02-01T10:59:56,
2025-02-01T10:59:57,97.9
2025-02-01T10:59:58,94.43
2025-02-01T10:59:59,92.95
2025-02-01T11:00:00,104.82
2025-02-01T11:00:01,102.79
2025-02-01T11:00:02,104.56
2025-02-01T11:00:03,101.0
2025-02-01T11:00:04,103.0
2025-02-01T11:00:05,105.9
2025-02-01T11:00:06,107.73
2025-02-01T11:00:07,99.67
2025-02-01T11:00:08,97.19
2025-02-01T11:00:09,99.39
2025-02-01T11:00:10,100.39
2025-02-01T11:00:11,103.71
2025-02-01T11:00:12,98.0
2025-02-01T11:00:13,97.75
2025-02-01T11:00:14,100.73
2025-02-01T11:00:15,97.01
2025-02-01T11:00:16,96.38
2025-02-01T11:00:17,94.73
2025-02-01T11:00:18,102.09
2025-02-01T11:00:19,94.11
2025-02-01T11:00:20,95.87
2025-02-01T11:00:21,97.23
2025-02-01T11:00:22,100.59
2025-02-01T11:00:23,99.61
,98.04
2025-02-01T11:00:25,97.08
2025-02-01T11:00:26,94.05
2025-02-01T11:00:27,97.25
2025-02-01T11:00:28,99.6
2025-02-01T11:00:29,101.68
2025-02-01T11:00:30,103.37
2025-02-01T11:00:31,97.93
2025-02-01T11:00:32,98.61
2025-02-01T11:00:33,99.92
2025-02-01T11:00:34,93.51
2025-02-01T11:00:35,105.75
2025-02-01T11:00:36,94.7
2025-02-01T11:00:37,101.34
2025-02-01T11:00:38,97.22
2025-02-01T11:00:39,92.35
2025-02-01T11:00:40,98.18
2025-02-01T11:00:41,98.4
2025-02-01T11:00:42,
2025-02-01T11:00:43,101.85
2025-02-01T11:00:44,95.45
2025-02-01T11:00:45,94.68
2025-02-01T11:00:46,93.01
2025-02-01T11:00:47,97.82
2025-02-01T11:00:48,97.48
2025-02-01T11:00:49,102.77
2025-02-01T11:00:50,99.04
2025-02-01T11:00:51,108.13
2025-02-01T11:00:52,104.21
2025-02-01T11:00:53,95.37
2025-02-01T11:00:54,102.57
2025-02-01T11:00:55,103.02
2025-02-01T11:00:56,102.03
2025-02-01T11:00:57,95.36
2025-02-01T11:00:58,90.6
2025-02-01T11:00:59,100.04
2025-02-01T11:01:00,102.24
2025-02-01T11:01:01,110.05
2025-02-01T11:01:02,
2025-02-01T11:01:03,99.22
2025-02-01T11:01:04,94.03
2025-02-01T11:01:05,106.92
2025-02-01T11:01:06,103.47
2025-02-01T11:01:07,101.27
2025-02-01T11:01:08,100.65
2025-02-01T11:01:09,99.21
2025-02-01T11:01:10,105.23
2025-02-01T11:01:11,99.73
2025-02-01T11:01:12,97.91
2025-02-01T11:01:13,99.54
2025-02-01T11:01:14,102.64
2025-02-01T11:01:15,98.83
2025-02-01T11:01:16,96.52
2025-02-01T11:01:17,97.9
2025-02-01T11:01:18,93.84
2025-02-01T11:01:19,89.29
2025-02-01T11:01:20,95.39
2025-02-01T11:01:21,92.81
2025-02-01T11:01:22,102.14
2025-02-01T11:01:23,105.04
2025-02-01T11:01:24,103.42
2025-02-01T11:01:25,90.98
2025-02-01T11:01:26,97.45
2025-02-01T11:01:27,101.95
2025-02-01T11:01:28,101.03
2025-02-01T11:01:29,98.86
2025-02-01T11:01:30,101.18
2025-02-01T11:01:31,99.1
2025-02-01T11:01:32,97.3
2025-02-01T11:01:33,100.1
2025-02-01T11:01:34,102.78
2025-02-01T11:01:35,98.62
2025-02-01T11:01:36,97.86
2025-02-01T11:01:37,106.73
2025-02-01T11:01:38,102.44
2025-02-01T11:01:39,103.77
2025-02-01T11:01:40,96.43
2025-02-01T11:01:41,111.4
2025-02-01T11:01:42,89.22
2025-02-01T11:01:43,105.48
2025-02-01T11:01:44,112.22
2025-02-01T11:01:45,104.44
2025-02-01T11:01:46,99.05
2025-02-01T11:01:47,98.95
2025-02-01T11:01:48,92.66
2025-02-01T11:01:49,100.74
2025-02-01T11:01:50,99.28
2025-02-01T11:01:51,101.1
2025-02-01T11:01:52,101.05
2025-02-01T11:01:53,97.29
2025-02-01T11:01:54,103.62
2025-02-01T11:01:55,99.1
2025-02-01T11:01:56,103.67
2025-02-01T11:01:57,103.74
2025-02-01T11:01:58,114.0
2025-02-01T11:01:59,95.67
2025-02-01T11:02:00,99.31
2025-02-01T11:02:01,98.94
2025-02-01T11:02:02,100.87
2025-02-01T11:02:03,101.74
2025-02-01T11:02:04,
2025-02-01T11:02:05,101.39
2025-02-01T11:02:06,105.0
2025-02-01T11:02:07,90.69
2025-02-01T11:02:08,99.6
2025-02-01T11:02:09,93.16
2025-02-01T11:02:10,101.67
2025-02-01T11:02:11,99.1
2025-02-01T11:02:12,96.43
2025-02-01T11:02:13,92.05
2025-02-01T11:02:14,95.87
2025-02-01T11:02:15,108.28
2025-02-01T11:02:16,107.7
2025-02-01T11:02:17,93.01
2025-02-01T11:02:18,96.63
,105.99
2025-02-01T11:02:20,97.53
2025-02-01T11:02:21,101.22
2025-02-01T11:02:22,
2025-02-01T11:02:23,102.15
2025-02-01T11:02:24,106.9
2025-02-01T11:02:25,111.75
2025-02-01T11:02:26,106.09
2025-02-01T11:02:27,98.38
2025-02-01T11:02:28,106.79
2025-02-01T11:02:29,104.62
2025-02-01T11:02:30,101.13
2025-02-01T11:02:31,97.15
2025-02-01T11:02:32,94.04
2025-02-01T11:02:33,94.91
2025-02-01T11:02:34,
2025-02-01T11:02:35,105.57
2025-02-01T11:02:36,90.21
2025-02-01T11:02:37,
2025-02-01T11:02:38,99.81
2025-02-01T11:02:39,106.67
2025-02-01T11:02:40,93.68
2025-02-01T11:02:41,96.76
2025-02-01T11:02:42,106.95
2025-02-01T11:02:43,96.6
2025-02-01T11:02:44,101.64
2025-02-01T11:02:45,99.7
2025-02-01T11:02:46,99.02
2025-02-01T11:02:47,101.68
2025-02-01T11:02:48,94.04
2025-02-01T11:02:49,94.55
2025-02-01T11:02:50,89.19
2025-02-01T11:02:51,93.31
2025-02-01T11:02:52,97.24
2025-02-01T11:02:53,97.84
2025-02-01T11:02:54,100.04
2025-02-01T11:02:55,96.74
2025-02-01T11:02:56,88.36
2025-02-01T11:02:57,94.77
2025-02-01T11:02:58,99.47
2025-02-01T11:02:59,100.23
2025-02-01T11:03:00,99.89
2025-02-01T11:03:01,102.46
2025-02-01T11:03:02,100.87
2025-02-01T11:03:03,93.54
2025-02-01T11:03:04,104.64
2025-02-01T11:03:05,99.82
2025-02-01T11:03:06,99.13
2025-02-01T11:03:07,93.68
2025-02-01T11:03:08,97.39
2025-02-01T11:03:09,91.77
2025-02-01T11:03:10,97.74
2025-02-01T11:03:11,98.59
,108.82
2025-02-01T11:03:13,93.46
2025-02-01T11:03:14,102.55
2025-02-01T11:03:15,101.21
2025-02-01T11:03:16,94.38
,100.95
2025-02-01T11:03:18,97.24
,92.01
2025-02-01T11:03:20,94.36
2025-02-01T11:03:21,104.45
2025-02-01T11:03:22,92.39
2025-02-01T11:03:23,104.23
2025-02-01T11:03:24,105.34
2025-02-01T11:03:25,104.66
2025-02-01T11:03:26,101.47
2025-02-01T11:03:27,96.41
2025-02-01T11:03:28,103.07
2025-02-01T11:03:29,102.14
2025-02-01T11:03:30,105.14
2025-02-01T11:03:31,
2025-02-01T11:03:32,99.72
2025-02-01T11:03:33,101.95
2025-02-01T11:03:34,101.48
2025-02-01T11:03:35,104.14
2025-02-01T11:03:36,91.95
2025-02-01T11:03:37,99.9
2025-02-01T11:03:38,111.36
2025-02-01T11:03:39,105.86
,100.16
2025-02-01T11:03:41,101.26
2025-02-01T11:03:42,99.99
2025-02-01T11:03:43,106.43
2025-02-01T11:03:44,101.27
2025-02-01T11:03:45,103.14
2025-02-01T11:03:46,95.63
2025-02-01T11:03:47,101.28
2025-02-01T11:03:48,95.26
2025-02-01T11:03:49,97.91
2025-02-01T11:03:50,103.65
2025-02-01T11:03:51,92.57
2025-02-01T11:03:52,105.81
2025-02-01T11:03:53,98.65
2025-02-01T11:03:54,99.04
2025-02-01T11:03:55,98.91
2025-02-01T11:03:56,98.67
,106.56
2025-02-01T11:03:58,109.01
2025-02-01T11:03:59,100.67
2025-02-01T11:04:00,94.53
2025-02-01T11:04:01,92.38
2025-02-01T11:04:02,100.09
2025-02-01T11:04:03,89.73
2025-02-01T11:04:04,88.21
2025-02-01T11:04:05,100.0
2025-02-01T11:04:06,101.06
2025-02-01T11:04:07,99.5
2025-02-01T11:04:08,98.91
2025-02-01T11:04:09,89.72
2025-02-01T11:04:10,93.88
2025-02-01T11:04:11,101.11
2025-02-01T11:04:12,99.93
2025-02-01T11:04:13,97.32
2025-02-01T11:04:14,105.71
2025-02-01T11:04:15,98.91
2025-02-01T11:04:16,100.71
2025-02-01T11:04:17,108.07
2025-02-01T11:04:18,105.37
2025-02-01T11:04:19,100.2
2025-02-01T11:04:20,97.48
2025-02-01T11:04:21,101.53
2025-02-01T11:04:22,99.38
2025-02-01T11:04:23,111.12
2025-02-01T11:04:24,100.38
2025-02-01T11:04:25,101.86
2025-02-01T11:04:26,95.49
2025-02-01T11:04:27,100.77
2025-02-01T11:04:28,89.95
2025-02-01T11:04:29,95.25
2025-02-01T11:04:30,100.87
2025-02-01T11:04:31,102.41
2025-02-01T11:04:32,105.08
2025-02-01T11:04:33,104.65
2025-02-01T11:04:34,94.02
2025-02-01T11:04:35,90.72
2025-02-01T11:04:36,95.43
2025-02-01T11:04:37,102.39
2025-02-01T11:04:38,101.17
2025-02-01T11:04:39,
2025-02-01T11:04:40,105.06
2025-02-01T11:04:41,103.27
2025-02-01T11:04:42,99.57
2025-02-01T11:04:43,108.46
2025-02-01T11:04:44,92.27
2025-02-01T11:04:45,108.82
2025-02-01T11:04:46,95.79
2025-02-01T11:04:47,101.92
2025-02-01T11:04:48,103.09
2025-02-01T11:04:49,96.6
2025-02-01T11:04:50,102.85
2025-02-01T11:04:51,104.57
2025-02-01T11:04:52,100.16
,98.68
2025-02-01T11:04:54,103.08
2025-02-01T11:04:55,95.03
2025-02-01T11:04:56,94.0
2025-02-01T11:04:57,97.74
,102.99
2025-02-01T11:04:59,105.76
2025-02-01T11:05:00,101.38
2025-02-01T11:05:01,99.83
2025-02-01T11:05:02,104.97
2025-02-01T11:05:03,103.75
2025-02-01T11:05:04,97.5
2025-02-01T11:05:05,103.7
2025-02-01T11:05:06,104.0
2025-02-01T11:05:07,111.47
2025-02-01T11:05:08,99.77
2025-02-01T11:05:09,93.75
2025-02-01T11:05:10,98.26
2025-02-01T11:05:11,87.25
2025-02-01T11:05:12,104.8
,104.98
2025-02-01T11:05:14,97.81
,105.47
2025-02-01T11:05:16,106.62
2025-02-01T11:05:17,98.84
2025-02-01T11:05:18,96.47
2025-02-01T11:05:19,
2025-02-01T11:05:20,92.75
2025-02-01T11:05:21,102.42
2025-02-01T11:05:22,106.09
2025-02-01T11:05:23,101.95
2025-02-01T11:05:24,96.71
2025-02-01T11:05:25,111.09
2025-02-01T11:05:26,98.25
2025-02-01T11:05:27,109.61
2025-02-01T11:05:28,99.1
2025-02-01T11:05:29,97.41
2025-02-01T11:05:30,104.63
2025-02-01T11:05:31,96.59
2025-02-01T11:05:32,101.16
2025-02-01T11:05:33,93.02
2025-02-01T11:05:34,102.7
2025-02-01T11:05:35,102.13
2025-02-01T11:05:36,103.23
2025-02-01T11:05:37,93.13
2025-02-01T11:05:38,100.3
2025-02-01T11:05:39,105.29
2025-02-01T11:05:40,105.8
2025-02-01T11:05:41,95.7
2025-02-01T11:05:42,101.67
2025-02-01T11:05:43,103.68
2025-02-01T11:05:44,96.84
2025-02-01T11:05:45,95.73
2025-02-01T11:05:46,94.88
2025-02-01T11:05:47,94.23
2025-02-01T11:05:48,106.36
2025-02-01T11:05:49,102.02
2025-02-01T11:05:50,98.06
2025-02-01T11:05:51,97.28
2025-02-01T11:05:52,108.98
2025-02-01T11:05:53,
2025-02-01T11:05:54,101.63
2025-02-01T11:05:55,95.24
2025-02-01T11:05:56,109.95
2025-02-01T11:05:57,100.11
2025-02-01T11:05:58,102.6
2025-02-01T11:05:59,101.96
2025-02-01T11:06:00,99.6
,97.2
2025-02-01T11:06:02,95.28
2025-02-01T11:06:03,100.8
2025-02-01T11:06:04,90.22
2025-02-01T11:06:05,107.43
2025-02-01T11:06:06,101.35
2025-02-01T11:06:07,
2025-02-01T11:06:08,100.0
2025-02-01T11:06:09,95.59
2025-02-01T11:06:10,89.8
2025-02-01T11:06:11,99.78
2025-02-01T11:06:12,107.28
2025-02-01T11:06:13,103.12
2025-02-01T11:06:14,98.69
2025-02-01T11:06:15,97.99
2025-02-01T11:06:16,105.46
2025-02-01T11:06:17,90.26
2025-02-01T11:06:18,103.65
2025-02-01T11:06:19,100.98
2025-02-01T11:06:20,98.17
2025-02-01T11:06:21,103.87
2025-02-01T11:06:22,101.09
2025-02-01T11:06:23,102.16
2025-02-01T11:06:24,103.85
2025-02-01T11:06:25,96.67
2025-02-01T11:06:26,97.57
2025-02-01T11:06:27,99.49
2025-02-01T11:06:28,103.93
2025-02-01T11:06:29,104.66
2025-02-01T11:06:30,
2025-02-01T11:06:31,103.0
2025-02-01T11:06:32,100.22
2025-02-01T11:06:33,95.16
2025-02-01T11:06:34,85.23
2025-02-01T11:06:35,97.72
2025-02-01T11:06:36,97.06
2025-02-01T11:06:37,100.53
2025-02-01T11:06:38,106.26
2025-02-01T11:06:39,101.42
2025-02-01T11:06:40,102.46
2025-02-01T11:06:41,101.04
2025-02-01T11:06:42,95.69
2025-02-01T11:06:43,101.46
2025-02-01T11:06:44,97.49
2025-02-01T11:06:45,100.55
2025-02-01T11:06:46,97.66
2025-02-01T11:06:47,108.67
2025-02-01T11:06:48,104.83
2025-02-01T11:06:49,94.65
2025-02-01T11:06:50,106.08
2025-02-01T11:06:51,107.03
2025-02-01T11:06:52,97.29
2025-02-01T11:06:53,93.21
2025-02-01T11:06:54,100.51
2025-02-01T11:06:55,113.2
2025-02-01T11:06:56,99.73
2025-02-01T11:06:57,103.78
2025-02-01T11:06:58,98.36
2025-02-01T11:06:59,93.9
2025-02-01T11:07:00,92.36
2025-02-01T11:07:01,105.01
2025-02-01T11:07:02,103.78
2025-02-01T11:07:03,93.02
2025-02-01T11:07:04,98.68
2025-02-01T11:07:05,99.98
2025-02-01T11:07:06,102.64
2025-02-01T11:07:07,101.11
2025-02-01T11:07:08,99.78
2025-02-01T11:07:09,95.18
2025-02-01T11:07:10,102.87
2025-02-01T11:07:11,100.09
2025-02-01T11:07:12,99.06
2025-02-01T11:07:13,106.29
2025-02-01T11:07:14,101.29
2025-02-01T11:07:15,103.14
2025-02-01T11:07:16,104.96
2025-02-01T11:07:17,105.36
2025-02-01T11:07:18,98.31
2025-02-01T11:07:19,98.17
2025-02-01T11:07:20,110.46
2025-02-01T11:07:21,100.31
2025-02-01T11:07:22,108.82
2025-02-01T11:07:23,94.65
2025-02-01T11:07:24,102.84
2025-02-01T11:07:25,103.54
2025-02-01T11:07:26,91.25
2025-02-01T11:07:27,105.4
2025-02-01T11:07:28,93.58
2025-02-01T11:07:29,94.68
2025-02-01T11:07:30,100.22
2025-02-01T11:07:31,92.29
2025-02-01T11:07:32,93.67
2025-02-01T11:07:33,101.14
2025-02-01T11:07:34,94.64
2025-02-01T11:07:35,99.03
2025-02-01T11:07:36,99.24
2025-02-01T11:07:37,93.27
2025-02-01T11:07:38,103.13
2025-02-01T11:07:39,99.15
2025-02-01T11:07:40,104.26
2025-02-01T11:07:41,104.56
2025-02-01T11:07:42,96.87
2025-02-01T11:07:43,95.57
2025-02-01T11:07:44,95.97
2025-02-01T11:07:45,105.41
2025-02-01T11:07:46,
2025-02-01T11:07:47,105.44
2025-02-01T11:07:48,98.22
2025-02-01T11:07:49,97.67
2025-02-01T11:07:50,101.14
2025-02-01T11:07:51,93.43
2025-02-01T11:07:52,90.91
2025-02-01T11:07:53,99.63
2025-02-01T11:07:54,101.09
2025-02-01T11:07:55,103.24
2025-02-01T11:07:56,94.25
2025-02-01T11:07:57,103.97
2025-02-01T11:07:58,99.98
2025-02-01T11:07:59,94.18
2025-02-01T11:08:00,102.35
2025-02-01T11:08:01,102.17
2025-02-01T11:08:02,96.81
2025-02-01T11:08:03,100.27
2025-02-01T11:08:04,100.1
2025-02-01T11:08:05,92.15
2025-02-01T11:08:06,97.39
2025-02-01T11:08:07,
2025-02-01T11:08:08,99.47
2025-02-01T11:08:09,94.5
2025-02-01T11:08:10,104.17
2025-02-01T11:08:11,113.52
2025-02-01T11:08:12,106.75
2025-02-01T11:08:13,97.25
2025-02-01T11:08:14,106.15
2025-02-01T11:08:15,106.11
2025-02-01T11:08:16,93.38
2025-02-01T11:08:17,92.06
2025-02-01T11:08:18,103.43
2025-02-01T11:08:19,101.23
2025-02-01T11:08:20,105.66
2025-02-01T11:08:21,103.87
2025-02-01T11:08:22,95.51
2025-02-01T11:08:23,92.54
2025-02-01T11:08:24,96.93
2025-02-01T11:08:25,101.29
2025-02-01T11:08:26,104.7
2025-02-01T11:08:27,107.03
2025-02-01T11:08:28,92.4
2025-02-01T11:08:29,101.06
2025-02-01T11:08:30,103.45
2025-02-01T11:08:31,101.78
2025-02-01T11:08:32,102.7
2025-02-01T11:08:33,99.65
2025-02-01T11:08:34,106.67
2025-02-01T11:08:35,106.06
2025-02-01T11:08:36,95.98
2025-02-01T11:08:37,99.15
2025-02-01T11:08:38,95.63
2025-02-01T11:08:39,108.76
2025-02-01T11:08:40,100.97
2025-02-01T11:08:41,103.5
2025-02-01T11:08:42,98.34
2025-02-01T11:08:43,101.84
2025-02-01T11:08:44,100.48
2025-02-01T11:08:45,93.75
2025-02-01T11:08:46,103.11
2025-02-01T11:08:47,94.65
2025-02-01T11:08:48,
2025-02-01T11:08:49,108.06
2025-02-01T11:08:50,100.53
2025-02-01T11:08:51,96.41
2025-02-01T11:08:52,
2025-02-01T11:08:53,95.99
2025-02-01T11:08:54,106.31
2025-02-01T11:08:55,99.96
2025-02-01T11:08:56,
2025-02-01T11:08:57,93.82
2025-02-01T11:08:58,96.65
2025-02-01T11:08:59,93.7
2025-02-01T11:09:00,98.42
2025-02-01T11:09:01,97.89
2025-02-01T11:09:02,92.51
2025-02-01T11:09:03,105.54
2025-02-01T11:09:04,101.7
2025-02-01T11:09:05,90.21
2025-02-01T11:09:06,100.97
,96.76
2025-02-01T11:09:08,98.1
2025-02-01T11:09:09,97.76
2025-02-01T11:09:10,95.16
2025-02-01T11:09:11,101.55
2025-02-01T11:09:12,96.33
2025-02-01T11:09:13,98.03
2025-02-01T11:09:14,99.15
2025-02-01T11:09:15,103.05
2025-02-01T11:09:16,90.77
2025-02-01T11:09:17,91.36
2025-02-01T11:09:18,101.23
2025-02-01T11:09:19,100.01
,97.89
2025-02-01T11:09:21,112.63
2025-02-01T11:09:22,
2025-02-01T11:09:23,97.28
2025-02-01T11:09:24,94.94
2025-02-01T11:09:25,93.88
2025-02-01T11:09:26,93.54
2025-02-01T11:09:27,101.5
2025-02-01T11:09:28,98.9
2025-02-01T11:09:29,99.27
2025-02-01T11:09:30,104.16
2025-02-01T11:09:31,100.83
2025-02-01T11:09:32,101.69
2025-02-01T11:09:33,104.17
2025-02-01T11:09:34,
2025-02-01T11:09:35,99.42
2025-02-01T11:09:36,97.22
2025-02-01T11:09:37,92.41
2025-02-01T11:09:38,101.47
2025-02-01T11:09:39,103.37
2025-02-01T11:09:40,93.55
2025-02-01T11:09:41,99.32
2025-02-01T11:09:42,92.3
2025-02-01T11:09:43,98.48
2025-02-01T11:09:44,94.74
2025-02-01T11:09:45,94.37
2025-02-01T11:09:46,102.52
2025-02-01T11:09:47,100.8
2025-02-01T11:09:48,99.83
,97.17
2025-02-01T11:09:50,105.63
2025-02-01T11:09:51,102.01
2025-02-01T11:09:52,97.57
2025-02-01T11:09:53,94.65
2025-02-01T11:09:54,101.77
2025-02-01T11:09:55,101.72
2025-02-01T11:09:56,99.83
2025-02-01T11:09:57,102.69
2025-02-01T11:09:58,94.93
2025-02-01T11:09:59,95.43
2025-02-01T11:10:00,103.85
2025-02-01T11:10:01,98.76
2025-02-01T11:10:02,95.3
2025-02-01T11:10:03,103.38
2025-02-01T11:10:04,100.21
2025-02-01T11:10:05,108.77
2025-02-01T11:10:06,100.34
2025-02-01T11:10:07,97.91
2025-02-01T11:10:08,101.65
2025-02-01T11:10:09,100.53
2025-02-01T11:10:10,103.45
2025-02-01T11:10:11,97.01
2025-02-01T11:10:12,101.62
2025-02-01T11:10:13,100.48
2025-02-01T11:10:14,100.03
2025-02-01T11:10:15,100.62
2025-02-01T11:10:16,96.69
2025-02-01T11:10:17,101.06
2025-02-01T11:10:18,101.99
2025-02-01T11:10:19,99.01
2025-02-01T11:10:20,88.9
2025-02-01T11:10:21,101.08
2025-02-01T11:10:22,99.87
2025-02-01T11:10:23,98.11
2025-02-01T11:10:24,108.75
2025-02-01T11:10:25,92.81
2025-02-01T11:10:26,96.28
2025-02-01T11:10:27,88.93
2025-02-01T11:10:28,104.33
2025-02-01T11:10:29,97.39
2025-02-01T11:10:30,100.09
2025-02-01T11:10:31,99.27
2025-02-01T11:10:32,104.05
2025-02-01T11:10:33,101.08
2025-02-01T11:10:34,101.18
2025-02-01T11:10:35,105.32
2025-02-01T11:10:36,98.68
2025-02-01T11:10:37,96.99
2025-02-01T11:10:38,103.25
2025-02-01T11:10:39,98.92
2025-02-01T11:10:40,100.1
2025-02-01T11:10:41,
2025-02-01T11:10:42,111.05
2025-02-01T11:10:43,104.29
,97.42
2025-02-01T11:10:45,106.2
2025-02-01T11:10:46,94.14
2025-02-01T11:10:47,103.95
2025-02-01T11:10:48,106.83
2025-02-01T11:10:49,108.86
2025-02-01T11:10:50,102.84
2025-02-01T11:10:51,99.54
2025-02-01T11:10:52,94.29
2025-02-01T11:10:53,87.34
2025-02-01T11:10:54,100.75
2025-02-01T11:10:55,107.42
2025-02-01T11:10:56,100.28
2025-02-01T11:10:57,97.21
2025-02-01T11:10:58,105.1
2025-02-01T11:10:59,98.06
2025-02-01T11:11:00,93.98
2025-02-01T11:11:01,101.08
2025-02-01T11:11:02,98.18
2025-02-01T11:11:03,99.99
2025-02-01T11:11:04,101.54
2025-02-01T11:11:05,105.86
2025-02-01T11:11:06,89.58
2025-02-01T11:11:07,99.92
2025-02-01T11:11:08,96.08
2025-02-01T11:11:09,101.0
2025-02-01T11:11:10,103.62
2025-02-01T11:11:11,94.67
2025-02-01T11:11:12,101.35
2025-02-01T11:11:13,101.46
2025-02-01T11:11:14,100.25
2025-02-01T11:11:15,99.37
2025-02-01T11:11:16,103.39
2025-02-01T11:11:17,94.9
2025-02-01T11:11:18,98.33
2025-02-01T11:11:19,100.25
2025-02-01T11:11:20,106.3
2025-02-01T11:11:21,97.12
2025-02-01T11:11:22,97.67
2025-02-01T11:11:23,99.49
2025-02-01T11:11:24,102.91
2025-02-01T11:11:25,105.16
2025-02-01T11:11:26,96.94
2025-02-01T11:11:27,106.83
2025-02-01T11:11:28,93.57
2025-02-01T11:11:29,101.97
2025-02-01T11:11:30,92.73
2025-02-01T11:11:31,110.75
2025-02-01T11:11:32,99.39
2025-02-01T11:11:33,88.29
2025-02-01T11:11:34,98.79
2025-02-01T11:11:35,96.97
2025-02-01T11:11:36,102.98
2025-02-01T11:11:37,99.87
2025-02-01T11:11:38,102.12
2025-02-01T11:11:39,99.12
2025-02-01T11:11:40,96.89
2025-02-01T11:11:41,
2025-02-01T11:11:42,100.48
2025-02-01T11:11:43,
2025-02-01T11:11:44,101.38
2025-02-01T11:11:45,96.7
2025-02-01T11:11:46,107.5
2025-02-01T11:11:47,99.82
,97.41
2025-02-01T11:11:49,97.52
2025-02-01T11:11:50,89.95
2025-02-01T11:11:51,97.28
2025-02-01T11:11:52,95.8
2025-02-01T11:11:53,97.8
2025-02-01T11:11:54,90.56
2025-02-01T11:11:55,107.6
2025-02-01T11:11:56,94.61
2025-02-01T11:11:57,94.05
2025-02-01T11:11:58,104.73
2025-02-01T11:11:59,99.76
2025-02-01T11:12:00,102.26
2025-02-01T11:12:01,101.04
2025-02-01T11:12:02,102.99
2025-02-01T11:12:03,106.67
2025-02-01T11:12:04,103.0
2025-02-01T11:12:05,98.81
2025-02-01T11:12:06,100.65
2025-02-01T11:12:07,101.15
2025-02-01T11:12:08,100.41
2025-02-01T11:12:09,111.19
2025-02-01T11:12:10,97.28
,100.86
2025-02-01T11:12:12,91.22
2025-02-01T11:12:13,107.35
2025-02-01T11:12:14,98.69
2025-02-01T11:12:15,103.95
2025-02-01T11:12:16,102.65
,92.17
2025-02-01T11:12:18,105.05
2025-02-01T11:12:19,106.59
2025-02-01T11:12:20,94.25
2025-02-01T11:12:21,100.56
,104.8
2025-02-01T11:12:23,94.31
2025-02-01T11:12:24,97.06
2025-02-01T11:12:25,100.58
2025-02-01T11:12:26,104.91
2025-02-01T11:12:27,103.89
2025-02-01T11:12:28,107.01
2025-02-01T11:12:29,107.24
2025-02-01T11:12:30,100.93
2025-02-01T11:12:31,94.08
2025-02-01T11:12:32,107.08
2025-02-01T11:12:33,101.17
2025-02-01T11:12:34,100.42
2025-02-01T11:12:35,95.86
2025-02-01T11:12:36,104.29
2025-02-01T11:12:37,97.65
,100.07
2025-02-01T11:12:39,104.21
2025-02-01T11:12:40,87.85
2025-02-01T11:12:41,99.33
2025-02-01T11:12:42,98.18
2025-02-01T11:12:43,99.91
2025-02-01T11:12:44,94.34
2025-02-01T11:12:45,102.77
2025-02-01T11:12:46,99.3
2025-02-01T11:12:47,104.57
2025-02-01T11:12:48,94.44
2025-02-01T11:12:49,105.19
2025-02-01T11:12:50,106.56
2025-02-01T11:12:51,96.34
2025-02-01T11:12:52,102.84
2025-02-01T11:12:53,99.75
2025-02-01T11:12:54,107.08
2025-02-01T11:12:55,100.56
2025-02-01T11:12:56,108.8
2025-02-01T11:12:57,98.31
2025-02-01T11:12:58,103.7
2025-02-01T11:12:59,96.01
2025-02-01T11:13:00,102.56
2025-02-01T11:13:01,107.08
2025-02-01T11:13:02,92.7
2025-02-01T11:13:03,101.6
2025-02-01T11:13:04,104.45
2025-02-01T11:13:05,100.59
2025-02-01T11:13:06,101.77
2025-02-01T11:13:07,97.99
2025-02-01T11:13:08,105.86
2025-02-01T11:13:09,98.96
2025-02-01T11:13:10,102.15
2025-02-01T11:13:11,96.9
2025-02-01T11:13:12,103.96
2025-02-01T11:13:13,110.37
2025-02-01T11:13:14,102.06
2025-02-01T11:13:15,91.83
2025-02-01T11:13:16,97.65
2025-02-01T11:13:17,97.77
2025-02-01T11:13:18,97.11
2025-02-01T11:13:19,101.33
2025-02-01T11:13:20,102.45
2025-02-01T11:13:21,99.48
2025-02-01T11:13:22,97.91
2025-02-01T11:13:23,94.44
2025-02-01T11:13:24,99.66
,95.79
2025-02-01T11:13:26,97.86
2025-02-01T11:13:27,98.6
2025-02-01T11:13:28,96.59
2025-02-01T11:13:29,98.5
2025-02-01T11:13:30,103.79
2025-02-01T11:13:31,98.82
2025-02-01T11:13:32,107.16
2025-02-01T11:13:33,101.24
2025-02-01T11:13:34,107.05
2025-02-01T11:13:35,97.31
2025-02-01T11:13:36,101.13
2025-02-01T11:13:37,94.02
2025-02-01T11:13:38,96.26
2025-02-01T11:13:39,103.08
2025-02-01T11:13:40,109.82
2025-02-01T11:13:41,107.95
2025-02-01T11:13:42,103.0
2025-02-01T11:13:43,112.53
2025-02-01T11:13:44,101.11
2025-02-01T11:13:45,93.15
2025-02-01T11:13:46,99.08
2025-02-01T11:13:47,99.37
2025-02-01T11:13:48,102.3
2025-02-01T11:13:49,88.81
2025-02-01T11:13:50,103.58
2025-02-01T11:13:51,98.46
2025-02-01T11:13:52,97.54
2025-02-01T11:13:53,103.73
2025-02-01T11:13:54,96.8
2025-02-01T11:13:55,93.04
2025-02-01T11:13:56,98.77
2025-02-01T11:13:57,93.49
2025-02-01T11:13:58,106.74
2025-02-01T11:13:59,96.15
2025-02-01T11:14:00,101.99
2025-02-01T11:14:01,99.61
2025-02-01T11:14:02,100.77
2025-02-01T11:14:03,107.98
2025-02-01T11:14:04,102.28
2025-02-01T11:14:05,91.3
2025-02-01T11:14:06,94.45
2025-02-01T11:14:07,100.83
2025-02-01T11:14:08,102.23
2025-02-01T11:14:09,101.17
2025-02-01T11:14:10,100.89
2025-02-01T11:14:11,101.14
2025-02-01T11:14:12,103.98
2025-02-01T11:14:13,97.53
2025-02-01T11:14:14,104.63
2025-02-01T11:14:15,97.7
2025-02-01T11:14:16,103.39
2025-02-01T11:14:17,98.03
2025-02-01T11:14:18,100.89
2025-02-01T11:14:19,98.26
2025-02-01T11:14:20,99.49
2025-02-01T11:14:21,101.43
2025-02-01T11:14:22,99.42
2025-02-01T11:14:23,94.53
2025-02-01T11:14:24,98.48
2025-02-01T11:14:25,97.34
2025-02-01T11:14:26,103.44
2025-02-01T11:14:27,103.24
2025-02-01T11:14:28,93.97
2025-02-01T11:14:29,107.87
2025-02-01T11:14:30,97.68
,100.49
2025-02-01T11:14:32,101.18
,108.34
2025-02-01T11:14:34,93.04
2025-02-01T11:14:35,105.39
2025-02-01T11:14:36,100.51
2025-02-01T11:14:37,88.72
2025-02-01T11:14:38,104.66
2025-02-01T11:14:39,97.93
2025-02-01T11:14:40,105.5
2025-02-01T11:14:41,92.29
2025-02-01T11:14:42,102.32
2025-02-01T11:14:43,101.7
2025-02-01T11:14:44,97.1
2025-02-01T11:14:45,101.4
2025-02-01T11:14:46,100.08
2025-02-01T11:14:47,99.67
2025-02-01T11:14:48,91.16
2025-02-01T11:14:49,99.34
2025-02-01T11:14:50,91.46
2025-02-01T11:14:51,94.59
2025-02-01T11:14:52,102.41
2025-02-01T11:14:53,88.43
2025-02-01T11:14:54,103.23
2025-02-01T11:14:55,107.49
2025-02-01T11:14:56,99.71
2025-02-01T11:14:57,96.59
2025-02-01T11:14:58,100.51
2025-02-01T11:14:59,105.08
2025-02-01T11:15:00,104.72
2025-02-01T11:15:01,98.47
2025-02-01T11:15:02,107.07
2025-02-01T11:15:03,84.57
2025-02-01T11:15:04,99.95
2025-02-01T11:15:05,99.64
2025-02-01T11:15:06,98.89
2025-02-01T11:15:07,97.61
2025-02-01T11:15:08,97.76
2025-02-01T11:15:09,97.22
2025-02-01T11:15:10,97.34
2025-02-01T11:15:11,95.72
2025-02-01T11:15:12,98.8
2025-02-01T11:15:13,110.01
2025-02-01T11:15:14,94.2
2025-02-01T11:15:15,95.21
2025-02-01T11:15:16,98.64
2025-02-01T11:15:17,100.94
2025-02-01T11:15:18,98.47
2025-02-01T11:15:19,94.74
2025-02-01T11:15:20,102.85
2025-02-01T11:15:21,97.11
2025-02-01T11:15:22,101.18
2025-02-01T11:15:23,93.05
2025-02-01T11:15:24,102.54
2025-02-01T11:15:25,99.39
2025-02-01T11:15:26,100.07
2025-02-01T11:15:27,90.71
2025-02-01T11:15:28,101.26
2025-02-01T11:15:29,96.69
2025-02-01T11:15:30,97.43
,108.16
2025-02-01T11:15:32,94.01
2025-02-01T11:15:33,97.96
2025-02-01T11:15:34,98.63
2025-02-01T11:15:35,88.69
2025-02-01T11:15:36,110.62
2025-02-01T11:15:37,102.13
2025-02-01T11:15:38,104.5
2025-02-01T11:15:39,95.73
2025-02-01T11:15:40,106.75
2025-02-01T11:15:41,102.64
2025-02-01T11:15:42,100.14
2025-02-01T11:15:43,96.0
2025-02-01T11:15:44,101.72
2025-02-01T11:15:45,110.02
2025-02-01T11:15:46,94.01
2025-02-01T11:15:47,99.78
2025-02-01T11:15:48,100.69
2025-02-01T11:15:49,104.85
2025-02-01T11:15:50,103.13
2025-02-01T11:15:51,102.97
2025-02-01T11:15:52,99.46
2025-02-01T11:15:53,104.83
2025-02-01T11:15:54,99.41
2025-02-01T11:15:55,99.4
2025-02-01T11:15:56,106.73
2025-02-01T11:15:57,99.63
2025-02-01T11:15:58,106.15
2025-02-01T11:15:59,90.63
2025-02-01T11:16:00,107.87
2025-02-01T11:16:01,99.6
2025-02-01T11:16:02,98.51
2025-02-01T11:16:03,112.45
,106.13
2025-02-01T11:16:05,95.9
2025-02-01T11:16:06,104.63
2025-02-01T11:16:07,100.48
2025-02-01T11:16:08,98.62
2025-02-01T11:16:09,100.94
2025-02-01T11:16:10,101.31
2025-02-01T11:16:11,104.6
2025-02-01T11:16:12,97.54
2025-02-01T11:16:13,98.64
2025-02-01T11:16:14,89.23
2025-02-01T11:16:15,112.57
2025-02-01T11:16:16,93.02
2025-02-01T11:16:17,98.5
2025-02-01T11:16:18,101.79
2025-02-01T11:16:19,95.86
2025-02-01T11:16:20,94.31
2025-02-01T11:16:21,100.33
2025-02-01T11:16:22,89.14
2025-02-01T11:16:23,91.48
,101.75
2025-02-01T11:16:25,96.03
2025-02-01T11:16:26,97.21
2025-02-01T11:16:27,98.85
2025-02-01T11:16:28,103.42
2025-02-01T11:16:29,98.94
2025-02-01T11:16:30,97.92
2025-02-01T11:16:31,96.99
2025-02-01T11:16:32,91.14
2025-02-01T11:16:33,101.45
2025-02-01T11:16:34,106.58
2025-02-01T11:16:35,101.69
2025-02-01T11:16:36,93.6
2025-02-01T11:16:37,93.91
2025-02-01T11:16:38,102.22
2025-02-01T11:16:39,97.29
2025-02-01T11:16:40,95.51
2025-02-01T11:16:41,97.5
2025-02-01T11:16:42,105.66
2025-02-01T11:16:43,102.16
2025-02-01T11:16:44,93.44
2025-02-01T11:16:45,97.82
2025-02-01T11:16:46,93.5
2025-02-01T11:16:47,102.74
2025-02-01T11:16:48,97.13
2025-02-01T11:16:49,96.53
2025-02-01T11:16:50,104.75
2025-02-01T11:16:51,102.88
2025-02-01T11:16:52,97.95
2025-02-01T11:16:53,96.78
2025-02-01T11:16:54,109.53
2025-02-01T11:16:55,91.32
2025-02-01T11:16:56,102.66
2025-02-01T11:16:57,96.12
2025-02-01T11:16:58,95.15
2025-02-01T11:16:59,97.33
2025-02-01T11:17:00,112.39
2025-02-01T11:17:01,96.73
2025-02-01T11:17:02,104.95
2025-02-01T11:17:03,96.91
2025-02-01T11:17:04,103.98
,98.22
2025-02-01T11:17:06,98.72
2025-02-01T11:17:07,96.43
2025-02-01T11:17:08,95.56
2025-02-01T11:17:09,102.97
2025-02-01T11:17:10,102.59
2025-02-01T11:17:11,98.78
2025-02-01T11:17:12,100.1
2025-02-01T11:17:13,101.53
2025-02-01T11:17:14,104.16
2025-02-01T11:17:15,100.89
2025-02-01T11:17:16,98.37
2025-02-01T11:17:17,101.27
2025-02-01T11:17:18,95.81
2025-02-01T11:17:19,92.39
2025-02-01T11:17:20,99.59
2025-02-01T11:17:21,99.24
2025-02-01T11:17:22,108.95
2025-02-01T11:17:23,98.93
2025-02-01T11:17:24,89.97
2025-02-01T11:17:25,98.63
2025-02-01T11:17:26,96.0
2025-02-01T11:17:27,92.93
2025-02-01T11:17:28,106.73
2025-02-01T11:17:29,99.7
2025-02-01T11:17:30,97.3
2025-02-01T11:17:31,92.23
2025-02-01T11:17:32,96.45
2025-02-01T11:17:33,100.83
2025-02-01T11:17:34,100.81
2025-02-01T11:17:35,94.44
2025-02-01T11:17:36,101.08
2025-02-01T11:17:37,97.28
2025-02-01T11:17:38,93.1
2025-02-01T11:17:39,99.17
2025-02-01T11:17:40,98.83
2025-02-01T11:17:41,93.06
2025-02-01T11:17:42,99.88
2025-02-01T11:17:43,97.11
2025-02-01T11:17:44,98.21
2025-02-01T11:17:45,103.1
2025-02-01T11:17:46,97.67
2025-02-01T11:17:47,99.15
2025-02-01T11:17:48,102.55
2025-02-01T11:17:49,102.07
2025-02-01T11:17:50,106.62
2025-02-01T11:17:51,103.04
2025-02-01T11:17:52,102.28
2025-02-01T11:17:53,98.83
2025-02-01T11:17:54,95.46
2025-02-01T11:17:55,100.38
2025-02-01T11:17:56,94.4
2025-02-01T11:17:57,98.42
2025-02-01T11:17:58,97.9
2025-02-01T11:17:59,101.02
2025-02-01T11:18:00,103.22
2025-02-01T11:18:01,99.84
2025-02-01T11:18:02,106.84
2025-02-01T11:18:03,100.84
2025-02-01T11:18:04,94.49
2025-02-01T11:18:05,112.17
2025-02-01T11:18:06,104.04
2025-02-01T11:18:07,99.34
2025-02-01T11:18:08,98.55
2025-02-01T11:18:09,94.36
2025-02-01T11:18:10,107.86
2025-02-01T11:18:11,95.24
2025-02-01T11:18:12,95.33
2025-02-01T11:18:13,107.42
2025-02-01T11:18:14,103.7
2025-02-01T11:18:15,98.56
2025-02-01T11:18:16,104.0
2025-02-01T11:18:17,103.61
2025-02-01T11:18:18,96.96
2025-02-01T11:18:19,99.92
2025-02-01T11:18:20,105.4
2025-02-01T11:18:21,96.65
2025-02-01T11:18:22,104.96
2025-02-01T11:18:23,98.74
2025-02-01T11:18:24,101.44
2025-02-01T11:18:25,101.51
2025-02-01T11:18:26,100.29
2025-02-01T11:18:27,103.45
2025-02-01T11:18:28,101.08
2025-02-01T11:18:29,94.3
2025-02-01T11:18:30,97.57
2025-02-01T11:18:31,85.58
2025-02-01T11:18:32,95.61
2025-02-01T11:18:33,106.77
2025-02-01T11:18:34,106.36
2025-02-01T11:18:35,88.02
,99.69
2025-02-01T11:18:37,103.92
2025-02-01T11:18:38,101.36
2025-02-01T11:18:39,102.67
2025-02-01T11:18:40,
2025-02-01T11:18:41,92.74
2025-02-01T11:18:42,106.29
2025-02-01T11:18:43,101.95
2025-02-01T11:18:44,104.11
2025-02-01T11:18:45,91.93
2025-02-01T11:18:46,103.46
2025-02-01T11:18:47,106.09
2025-02-01T11:18:48,98.96
2025-02-01T11:18:49,108.77
2025-02-01T11:18:50,94.38
2025-02-01T11:18:51,102.17
2025-02-01T11:18:52,98.11
2025-02-01T11:18:53,102.94
2025-02-01T11:18:54,91.27
2025-02-01T11:18:55,93.16
2025-02-01T11:18:56,90.27
2025-02-01T11:18:57,103.43
2025-02-01T11:18:58,102.89
2025-02-01T11:18:59,105.14
2025-02-01T11:19:00,94.31
2025-02-01T11:19:01,106.62
2025-02-01T11:19:02,106.54
2025-02-01T11:19:03,93.11
2025-02-01T11:19:04,99.57
2025-02-01T11:19:05,99.03
2025-02-01T11:19:06,97.91
2025-02-01T11:19:07,102.33
2025-02-01T11:19:08,93.63
2025-02-01T11:19:09,110.63
2025-02-01T11:19:10,103.61
2025-02-01T11:19:11,88.52
2025-02-01T11:19:12,96.46
2025-02-01T11:19:13,
2025-02-01T11:19:14,98.91
2025-02-01T11:19:15,93.95
2025-02-01T11:19:16,96.76
2025-02-01T11:19:17,98.57
2025-02-01T11:19:18,102.58
2025-02-01T11:19:19,96.45
2025-02-01T11:19:20,94.81
2025-02-01T11:19:21,102.55
2025-02-01T11:19:22,100.55
2025-02-01T11:19:23,107.2
2025-02-01T11:19:24,100.32
2025-02-01T11:19:25,105.75
2025-02-01T11:19:26,96.18
2025-02-01T11:19:27,105.66
2025-02-01T11:19:28,98.46
2025-02-01T11:19:29,106.38
2025-02-01T11:19:30,102.13
2025-02-01T11:19:31,94.2
2025-02-01T11:19:32,105.22
2025-02-01T11:19:33,99.42
2025-02-01T11:19:34,97.76
2025-02-01T11:19:35,106.35
2025-02-01T11:19:36,94.01
2025-02-01T11:19:37,95.17
2025-02-01T11:19:38,105.43
2025-02-01T11:19:39,106.9
2025-02-01T11:19:40,108.62
2025-02-01T11:19:41,104.65
2025-02-01T11:19:42,94.3
2025-02-01T11:19:43,97.94
2025-02-01T11:19:44,103.39
2025-02-01T11:19:45,102.98
2025-02-01T11:19:46,98.32
2025-02-01T11:19:47,99.74
2025-02-01T11:19:48,104.08
2025-02-01T11:19:49,107.06
2025-02-01T11:19:50,101.89
2025-02-01T11:19:51,102.48
2025-02-01T11:19:52,99.84
2025-02-01T11:19:53,96.39
2025-02-01T11:19:54,100.73
2025-02-01T11:19:55,105.96
2025-02-01T11:19:56,93.92
2025-02-01T11:19:57,102.29
2025-02-01T11:19:58,98.52
2025-02-01T11:19:59,
2025-02-01T11:20:00,103.75
2025-02-01T11:20:01,94.41
2025-02-01T11:20:02,98.65
,92.96
2025-02-01T11:20:04,85.13
,106.32
2025-02-01T11:20:06,102.09
2025-02-01T11:20:07,84.59
2025-02-01T11:20:08,87.81
2025-02-01T11:20:09,94.99
2025-02-01T11:20:10,95.77
2025-02-01T11:20:11,99.4
2025-02-01T11:20:12,98.13
2025-02-01T11:20:13,97.65
2025-02-01T11:20:14,103.92
2025-02-01T11:20:15,103.52
2025-02-01T11:20:16,97.46
2025-02-01T11:20:17,
2025-02-01T11:20:18,109.81
2025-02-01T11:20:19,93.14
2025-02-01T11:20:20,110.05
2025-02-01T11:20:21,103.28
2025-02-01T11:20:22,85.15
2025-02-01T11:20:23,88.1
2025-02-01T11:20:24,106.17
2025-02-01T11:20:25,102.72
2025-02-01T11:20:26,93.57
2025-02-01T11:20:27,99.16
2025-02-01T11:20:28,100.21
2025-02-01T11:20:29,104.52
2025-02-01T11:20:30,99.7
2025-02-01T11:20:31,97.82
2025-02-01T11:20:32,100.15
2025-02-01T11:20:33,106.27
2025-02-01T11:20:34,105.64
2025-02-01T11:20:35,97.93
2025-02-01T11:20:36,107.14
2025-02-01T11:20:37,104.33
2025-02-01T11:20:38,100.68
2025-02-01T11:20:39,96.36
2025-02-01T11:20:40,106.07
2025-02-01T11:20:41,108.5
2025-02-01T11:20:42,103.2
,104.24
2025-02-01T11:20:44,93.75
2025-02-01T11:20:45,
2025-02-01T11:20:46,106.3
2025-02-01T11:20:47,108.83
2025-02-01T11:20:48,99.1
2025-02-01T11:20:49,101.28
2025-02-01T11:20:50,102.51
2025-02-01T11:20:51,95.76
2025-02-01T11:20:52,96.46
2025-02-01T11:20:53,99.44
2025-02-01T11:20:54,105.54
2025-02-01T11:20:55,94.97
2025-02-01T11:20:56,97.86
2025-02-01T11:20:57,93.24
2025-02-01T11:20:58,97.82
2025-02-01T11:20:59,100.29
2025-02-01T11:21:00,91.83
2025-02-01T11:21:01,
2025-02-01T11:21:02,95.53
2025-02-01T11:21:03,106.63
,90.35
2025-02-01T11:21:05,99.92
2025-02-01T11:21:06,103.92
2025-02-01T11:21:07,91.93
2025-02-01T11:21:08,94.11
2025-02-01T11:21:09,100.53
2025-02-01T11:21:10,97.48
2025-02-01T11:21:11,
2025-02-01T11:21:12,99.53
2025-02-01T11:21:13,106.02
2025-02-01T11:21:14,94.22
2025-02-01T11:21:15,103.49
2025-02-01T11:21:16,97.81
,94.51
2025-02-01T11:21:18,106.14
2025-02-01T11:21:19,91.29
2025-02-01T11:21:20,99.7
2025-02-01T11:21:21,102.52
2025-02-01T11:21:22,97.63
2025-02-01T11:21:23,104.4
2025-02-01T11:21:24,96.05
2025-02-01T11:21:25,99.28
2025-02-01T11:21:26,96.49
2025-02-01T11:21:27,101.66
2025-02-01T11:21:28,104.21
2025-02-01T11:21:29,101.94
2025-02-01T11:21:30,104.74
2025-02-01T11:21:31,102.31
2025-02-01T11:21:32,98.13
2025-02-01T11:21:33,93.73
2025-02-01T11:21:34,92.27
2025-02-01T11:21:35,98.13
2025-02-01T11:21:36,
2025-02-01T11:21:37,108.36
2025-02-01T11:21:38,98.63
2025-02-01T11:21:39,111.36
2025-02-01T11:21:40,103.37
2025-02-01T11:21:41,94.17
2025-02-01T11:21:42,104.23
,103.64
2025-02-01T11:21:44,95.69
2025-02-01T11:21:45,93.9
2025-02-01T11:21:46,103.9
2025-02-01T11:21:47,99.84
2025-02-01T11:21:48,88.92
2025-02-01T11:21:49,110.46
2025-02-01T11:21:50,104.89
2025-02-01T11:21:51,105.27
2025-02-01T11:21:52,99.15
2025-02-01T11:21:53,100.71
2025-02-01T11:21:54,98.07
2025-02-01T11:21:55,99.86
2025-02-01T11:21:56,101.12
2025-02-01T11:21:57,96.64
2025-02-01T11:21:58,103.8
2025-02-01T11:21:59,98.19
2025-02-01T11:22:00,102.7
2025-02-01T11:22:01,101.61
2025-02-01T11:22:02,95.72
2025-02-01T11:22:03,96.89
2025-02-01T11:22:04,91.62
2025-02-01T11:22:05,103.88
2025-02-01T11:22:06,100.97
,108.37
2025-02-01T11:22:08,100.81
2025-02-01T11:22:09,99.34
2025-02-01T11:22:10,99.7
2025-02-01T11:22:11,100.47
2025-02-01T11:22:12,96.76
2025-02-01T11:22:13,105.01
2025-02-01T11:22:14,95.88
2025-02-01T11:22:15,106.47
2025-02-01T11:22:16,97.51
2025-02-01T11:22:17,98.73
2025-02-01T11:22:18,102.32
2025-02-01T11:22:19,99.02
2025-02-01T11:22:20,99.25
2025-02-01T11:22:21,94.82
2025-02-01T11:22:22,102.5
2025-02-01T11:22:23,88.71
2025-02-01T11:22:24,92.45
2025-02-01T11:22:25,105.37
2025-02-01T11:22:26,94.4
2025-02-01T11:22:27,98.96
,100.06
2025-02-01T11:22:29,94.32
2025-02-01T11:22:30,99.77
2025-02-01T11:22:31,99.26
2025-02-01T11:22:32,96.07
2025-02-01T11:22:33,96.17
2025-02-01T11:22:34,108.13
2025-02-01T11:22:35,95.48
2025-02-01T11:22:36,102.36
2025-02-01T11:22:37,88.93
2025-02-01T11:22:38,89.48
2025-02-01T11:22:39,86.1
2025-02-01T11:22:40,98.24
2025-02-01T11:22:41,101.13
2025-02-01T11:22:42,108.47
2025-02-01T11:22:43,102.52
2025-02-01T11:22:44,92.25
2025-02-01T11:22:45,96.19
2025-02-01T11:22:46,102.79
2025-02-01T11:22:47,97.43
2025-02-01T11:22:48,106.43
2025-02-01T11:22:49,105.29
2025-02-01T11:22:50,102.81
2025-02-01T11:22:51,107.22
2025-02-01T11:22:52,
2025-02-01T11:22:53,100.94
,96.17
2025-02-01T11:22:55,102.71
2025-02-01T11:22:56,109.48
2025-02-01T11:22:57,101.17
2025-02-01T11:22:58,98.04
2025-02-01T11:22:59,101.63
2025-02-01T11:23:00,101.62
2025-02-01T11:23:01,97.12
2025-02-01T11:23:02,107.76
2025-02-01T11:23:03,96.32
2025-02-01T11:23:04,99.98
2025-02-01T11:23:05,97.38
2025-02-01T11:23:06,97.07
2025-02-01T11:23:07,102.86
2025-02-01T11:23:08,101.3
2025-02-01T11:23:09,103.16
2025-02-01T11:23:10,98.41
2025-02-01T11:23:11,101.13
2025-02-01T11:23:12,93.81
2025-02-01T11:23:13,98.75
2025-02-01T11:23:14,101.91
2025-02-01T11:23:15,101.18
2025-02-01T11:23:16,95.25
2025-02-01T11:23:17,103.54
2025-02-01T11:23:18,94.45
2025-02-01T11:23:19,101.97
2025-02-01T11:23:20,92.39
2025-02-01T11:23:21,95.91
2025-02-01T11:23:22,102.16
2025-02-01T11:23:23,95.11
2025-02-01T11:23:24,96.16
2025-02-01T11:23:25,105.66
2025-02-01T11:23:26,104.39
2025-02-01T11:23:27,97.72
2025-02-01T11:23:28,104.41
2025-02-01T11:23:29,105.75
2025-02-01T11:23:30,99.87
2025-02-01T11:23:31,94.76
2025-02-01T11:23:32,101.07
2025-02-01T11:23:33,92.21
2025-02-01T11:23:34,93.42
2025-02-01T11:23:35,107.51
2025-02-01T11:23:36,103.91
2025-02-01T11:23:37,97.38
2025-02-01T11:23:38,97.75
2025-02-01T11:23:39,99.82
2025-02-01T11:23:40,103.24
2025-02-01T11:23:41,96.81
2025-02-01T11:23:42,92.84
2025-02-01T11:23:43,96.66
2025-02-01T11:23:44,101.45
2025-02-01T11:23:45,92.75
2025-02-01T11:23:46,103.3
2025-02-01T11:23:47,105.41
2025-02-01T11:23:48,99.98
,107.99
2025-02-01T11:23:50,107.28
2025-02-01T11:23:51,94.29
2025-02-01T11:23:52,103.48
2025-02-01T11:23:53,104.29
2025-02-01T11:23:54,100.44
2025-02-01T11:23:55,94.14
2025-02-01T11:23:56,103.14
2025-02-01T11:23:57,103.49
2025-02-01T11:23:58,93.36
2025-02-01T11:23:59,102.59
2025-02-01T11:24:00,101.65
2025-02-01T11:24:01,105.02
2025-02-01T11:24:02,99.82
2025-02-01T11:24:03,105.85
2025-02-01T11:24:04,102.98
2025-02-01T11:24:05,106.78
2025-02-01T11:24:06,101.19
2025-02-01T11:24:07,97.07
2025-02-01T11:24:08,98.16
2025-02-01T11:24:09,96.71
2025-02-01T11:24:10,100.1
2025-02-01T11:24:11,110.2
2025-02-01T11:24:12,97.65
2025-02-01T11:24:13,106.81
2025-02-01T11:24:14,101.61
2025-02-01T11:24:15,103.75
2025-02-01T11:24:16,105.33
2025-02-01T11:24:17,102.42
2025-02-01T11:24:18,97.47
,107.03
2025-02-01T11:24:20,109.54
2025-02-01T11:24:21,98.7
2025-02-01T11:24:22,108.4
2025-02-01T11:24:23,99.26
2025-02-01T11:24:24,90.82
2025-02-01T11:24:25,99.98
2025-02-01T11:24:26,89.4
2025-02-01T11:24:27,103.46
2025-02-01T11:24:28,103.18
2025-02-01T11:24:29,103.25
2025-02-01T11:24:30,100.8
2025-02-01T11:24:31,97.08
2025-02-01T11:24:32,104.26
2025-02-01T11:24:33,94.63
2025-02-01T11:24:34,99.12
2025-02-01T11:24:35,
,106.52
2025-02-01T11:24:37,101.51
2025-02-01T11:24:38,92.5
2025-02-01T11:24:39,97.48
2025-02-01T11:24:40,102.94
2025-02-01T11:24:41,110.17
2025-02-01T11:24:42,84.66
2025-02-01T11:24:43,100.44
2025-02-01T11:24:44,106.65
2025-02-01T11:24:45,103.28
2025-02-01T11:24:46,102.97
2025-02-01T11:24:47,99.04
2025-02-01T11:24:48,106.0
2025-02-01T11:24:49,107.04
2025-02-01T11:24:50,108.34
2025-02-01T11:24:51,91.52
2025-02-01T11:24:52,102.49
2025-02-01T11:24:53,98.75
2025-02-01T11:24:54,104.89
2025-02-01T11:24:55,109.77
2025-02-01T11:24:56,96.22
,97.08
2025-02-01T11:24:58,99.18
2025-02-01T11:24:59,94.18
2025-02-01T11:25:00,97.1
2025-02-01T11:25:01,96.33
2025-02-01T11:25:02,97.3
2025-02-01T11:25:03,107.49
2025-02-01T11:25:04,102.65
2025-02-01T11:25:05,
2025-02-01T11:25:06,105.31
2025-02-01T11:25:07,96.05
2025-02-01T11:25:08,97.29
2025-02-01T11:25:09,97.76
2025-02-01T11:25:10,94.06
2025-02-01T11:25:11,97.26
,86.53
2025-02-01T11:25:13,93.3
2025-02-01T11:25:14,103.63
2025-02-01T11:25:15,
2025-02-01T11:25:16,96.65
2025-02-01T11:25:17,95.01
2025-02-01T11:25:18,105.7
2025-02-01T11:25:19,100.31
2025-02-01T11:25:20,103.81
2025-02-01T11:25:21,92.91
2025-02-01T11:25:22,103.26
2025-02-01T11:25:23,97.19
2025-02-01T11:25:24,
2025-02-01T11:25:25,103.43
2025-02-01T11:25:26,104.75
2025-02-01T11:25:27,98.12
2025-02-01T11:25:28,110.72
2025-02-01T11:25:29,93.06
2025-02-01T11:25:30,106.76
2025-02-01T11:25:31,96.97
2025-02-01T11:25:32,99.4
2025-02-01T11:25:33,104.6
2025-02-01T11:25:34,98.07
2025-02-01T11:25:35,104.83
2025-02-01T11:25:36,95.41
2025-02-01T11:25:37,95.14
2025-02-01T11:25:38,103.43
2025-02-01T11:25:39,103.92
2025-02-01T11:25:40,97.62
2025-02-01T11:25:41,102.36
2025-02-01T11:25:42,101.73
2025-02-01T11:25:43,96.97
2025-02-01T11:25:44,96.44
2025-02-01T11:25:45,101.25
2025-02-01T11:25:46,101.31
2025-02-01T11:25:47,98.59
2025-02-01T11:25:48,100.22
2025-02-01T11:25:49,98.47
2025-02-01T11:25:50,94.64
2025-02-01T11:25:51,102.25
2025-02-01T11:25:52,91.65
,100.41
2025-02-01T11:25:54,100.81
2025-02-01T11:25:55,95.6
2025-02-01T11:25:56,93.56
2025-02-01T11:25:57,100.79
2025-02-01T11:25:58,100.21
2025-02-01T11:25:59,102.49
2025-02-01T11:26:00,101.95
2025-02-01T11:26:01,97.98
2025-02-01T11:26:02,98.49
2025-02-01T11:26:03,101.94
2025-02-01T11:26:04,102.24
2025-02-01T11:26:05,97.67
2025-02-01T11:26:06,95.54
2025-02-01T11:26:07,97.67
2025-02-01T11:26:08,102.11
2025-02-01T11:26:09,95.41
2025-02-01T11:26:10,97.54
2025-02-01T11:26:11,106.78
2025-02-01T11:26:12,97.48
2025-02-01T11:26:13,89.69
2025-02-01T11:26:14,93.27
2025-02-01T11:26:15,95.75
2025-02-01T11:26:16,98.05
2025-02-01T11:26:17,99.7
2025-02-01T11:26:18,106.95
2025-02-01T11:26:19,96.54
2025-02-01T11:26:20,86.08
2025-02-01T11:26:21,103.99
2025-02-01T11:26:22,97.8
2025-02-01T11:26:23,97.17
2025-02-01T11:26:24,103.92
2025-02-01T11:26:25,91.97
2025-02-01T11:26:26,101.77
2025-02-01T11:26:27,102.37
2025-02-01T11:26:28,90.22
2025-02-01T11:26:29,102.11
2025-02-01T11:26:30,96.14
2025-02-01T11:26:31,103.91
2025-02-01T11:26:32,103.43
2025-02-01T11:26:33,104.0
2025-02-01T11:26:34,101.38
2025-02-01T11:26:35,98.41
2025-02-01T11:26:36,97.01
2025-02-01T11:26:37,91.61
2025-02-01T11:26:38,87.95
2025-02-01T11:26:39,99.84
2025-02-01T11:26:40,97.46
2025-02-01T11:26:41,97.32
2025-02-01T11:26:42,96.49
2025-02-01T11:26:43,103.38
2025-02-01T11:26:44,101.1
2025-02-01T11:26:45,97.06
2025-02-01T11:26:46,
2025-02-01T11:26:47,88.95
2025-02-01T11:26:48,97.91
2025-02-01T11:26:49,100.52
2025-02-01T11:26:50,99.96
2025-02-01T11:26:51,101.57
2025-02-01T11:26:52,94.34
2025-02-01T11:26:53,101.08
2025-02-01T11:26:54,100.96
2025-02-01T11:26:55,98.64
2025-02-01T11:26:56,97.43
2025-02-01T11:26:57,93.54
,102.46
2025-02-01T11:26:59,98.67
2025-02-01T11:27:00,94.69
2025-02-01T11:27:01,97.93
2025-02-01T11:27:02,105.09
2025-02-01T11:27:03,100.09
2025-02-01T11:27:04,105.11
2025-02-01T11:27:05,89.82
2025-02-01T11:27:06,95.68
2025-02-01T11:27:07,99.76
2025-02-01T11:27:08,98.7
2025-02-01T11:27:09,96.63
2025-02-01T11:27:10,98.09
2025-02-01T11:27:11,96.87
2025-02-01T11:27:12,101.43
2025-02-01T11:27:13,95.92
2025-02-01T11:27:14,
2025-02-01T11:27:15,97.1
2025-02-01T11:27:16,92.63
2025-02-01T11:27:17,99.3
2025-02-01T11:27:18,94.78
2025-02-01T11:27:19,101.57
2025-02-01T11:27:20,96.49
2025-02-01T11:27:21,107.42
2025-02-01T11:27:22,98.02
2025-02-01T11:27:23,96.35
2025-02-01T11:27:24,93.24
2025-02-01T11:27:25,108.06
2025-02-01T11:27:26,102.45
2025-02-01T11:27:27,101.54
2025-02-01T11:27:28,101.53
2025-02-01T11:27:29,98.98
2025-02-01T11:27:30,94.02
2025-02-01T11:27:31,104.19
2025-02-01T11:27:32,98.71
2025-02-01T11:27:33,98.01
2025-02-01T11:27:34,102.67
2025-02-01T11:27:35,97.79
2025-02-01T11:27:36,99.49
2025-02-01T11:27:37,105.29
2025-02-01T11:27:38,98.13
2025-02-01T11:27:39,102.62
2025-02-01T11:27:40,94.66
2025-02-01T11:27:41,91.68
2025-02-01T11:27:42,99.73
2025-02-01T11:27:43,98.98
2025-02-01T11:27:44,97.39
2025-02-01T11:27:45,93.91
2025-02-01T11:27:46,103.53
2025-02-01T11:27:47,102.35
2025-02-01T11:27:48,103.43
2025-02-01T11:27:49,102.46
2025-02-01T11:27:50,105.06
2025-02-01T11:27:51,104.53
2025-02-01T11:27:52,113.07
2025-02-01T11:27:53,96.86
2025-02-01T11:27:54,95.37
2025-02-01T11:27:55,97.91
2025-02-01T11:27:56,98.2
2025-02-01T11:27:57,95.34
2025-02-01T11:27:58,94.33
2025-02-01T11:27:59,98.07
2025-02-01T11:28:00,100.43
2025-02-01T11:28:01,94.23
2025-02-01T11:28:02,94.18
2025-02-01T11:28:03,107.68
2025-02-01T11:28:04,94.25
2025-02-01T11:28:05,92.38
2025-02-01T11:28:06,101.59
2025-02-01T11:28:07,99.67
2025-02-01T11:28:08,98.58
2025-02-01T11:28:09,102.47
2025-02-01T11:28:10,93.14
2025-02-01T11:28:11,97.07
2025-02-01T11:28:12,108.61
2025-02-01T11:28:13,102.07
2025-02-01T11:28:14,
2025-02-01T11:28:15,96.37
2025-02-01T11:28:16,95.54
2025-02-01T11:28:17,102.52
2025-02-01T11:28:18,102.94
2025-02-01T11:28:19,104.24
2025-02-01T11:28:20,97.54
2025-02-01T11:28:21,105.22
2025-02-01T11:28:22,112.13
2025-02-01T11:28:23,101.25
2025-02-01T11:28:24,96.44
2025-02-01T11:28:25,100.37
2025-02-01T11:28:26,96.17
2025-02-01T11:28:27,101.67
2025-02-01T11:28:28,100.92
2025-02-01T11:28:29,96.98
2025-02-01T11:28:30,98.37
2025-02-01T11:28:31,95.48
2025-02-01T11:28:32,104.47
2025-02-01T11:28:33,102.09
2025-02-01T11:28:34,102.87
2025-02-01T11:28:35,98.74
2025-02-01T11:28:36,108.94
2025-02-01T11:28:37,100.27
2025-02-01T11:28:38,91.66
2025-02-01T11:28:39,93.64
2025-02-01T11:28:40,92.05
2025-02-01T11:28:41,95.81
2025-02-01T11:28:42,97.21
2025-02-01T11:28:43,106.21
2025-02-01T11:28:44,103.08
2025-02-01T11:28:45,107.85
2025-02-01T11:28:46,95.73
2025-02-01T11:28:47,111.08
2025-02-01T11:28:48,113.56
2025-02-01T11:28:49,105.78
2025-02-01T11:28:50,93.91
2025-02-01T11:28:51,99.32
2025-02-01T11:28:52,97.54
2025-02-01T11:28:53,96.72
2025-02-01T11:28:54,102.08
2025-02-01T11:28:55,88.16
2025-02-01T11:28:56,93.79
2025-02-01T11:28:57,100.0
2025-02-01T11:28:58,103.69
2025-02-01T11:28:59,94.3
2025-02-01T11:29:00,92.55
2025-02-01T11:29:01,105.72
2025-02-01T11:29:02,95.47
2025-02-01T11:29:03,99.19
2025-02-01T11:29:04,104.23
2025-02-01T11:29:05,103.25
2025-02-01T11:29:06,104.15
2025-02-01T11:29:07,101.23
2025-02-01T11:29:08,93.95
2025-02-01T11:29:09,98.61
2025-02-01T11:29:10,104.23
2025-02-01T11:29:11,101.95
2025-02-01T11:29:12,95.78
2025-02-01T11:29:13,100.55
2025-02-01T11:29:14,97.13
2025-02-01T11:29:15,102.58
2025-02-01T11:29:16,102.31
2025-02-01T11:29:17,101.98
2025-02-01T11:29:18,111.35
2025-02-01T11:29:19,99.57
2025-02-01T11:29:20,102.92
2025-02-01T11:29:21,102.9
2025-02-01T11:29:22,99.44
2025-02-01T11:29:23,101.65
2025-02-01T11:29:24,101.63
,86.32
2025-02-01T11:29:26,94.95
2025-02-01T11:29:27,97.85
2025-02-01T11:29:28,102.79
2025-02-01T11:29:29,92.37
2025-02-01T11:29:30,100.15
2025-02-01T11:29:31,94.57
2025-02-01T11:29:32,95.22
2025-02-01T11:29:33,103.69
2025-02-01T11:29:34,98.98
,97.55
2025-02-01T11:29:36,108.19
2025-02-01T11:29:37,96.42
2025-02-01T11:29:38,98.32
2025-02-01T11:29:39,102.5
2025-02-01T11:29:40,91.43
2025-02-01T11:29:41,96.11
2025-02-01T11:29:42,102.2
2025-02-01T11:29:43,97.36
2025-02-01T11:29:44,97.79
2025-02-01T11:29:45,99.63
2025-02-01T11:29:46,103.93
2025-02-01T11:29:47,98.09
2025-02-01T11:29:48,108.78
2025-02-01T11:29:49,97.31
2025-02-01T11:29:50,99.62
2025-02-01T11:29:51,103.76
2025-02-01T11:29:52,99.13
2025-02-01T11:29:53,102.19
2025-02-01T11:29:54,92.19
2025-02-01T11:29:55,102.49
2025-02-01T11:29:56,100.48
2025-02-01T11:29:57,96.57
2025-02-01T11:29:58,96.76
2025-02-01T11:29:59,98.37
2025-02-01T11:30:00,105.12
2025-02-01T11:30:01,94.34
2025-02-01T11:30:02,98.19
2025-02-01T11:30:03,105.35
2025-02-01T11:30:04,107.01
2025-02-01T11:30:05,108.23
2025-02-01T11:30:06,99.19
2025-02-01T11:30:07,106.14
2025-02-01T11:30:08,104.88
2025-02-01T11:30:09,100.21
2025-02-01T11:30:10,99.29
2025-02-01T11:30:11,95.16
2025-02-01T11:30:12,96.46
2025-02-01T11:30:13,103.27
2025-02-01T11:30:14,89.85
2025-02-01T11:30:15,99.58
2025-02-01T11:30:16,101.61
2025-02-01T11:30:17,102.96
2025-02-01T11:30:18,95.45
2025-02-01T11:30:19,101.88
2025-02-01T11:30:20,
2025-02-01T11:30:21,101.18
2025-02-01T11:30:22,96.61
2025-02-01T11:30:23,96.45
2025-02-01T11:30:24,99.32
2025-02-01T11:30:25,105.68
2025-02-01T11:30:26,92.92
2025-02-01T11:30:27,105.41
2025-02-01T11:30:28,93.23
2025-02-01T11:30:29,104.62
2025-02-01T11:30:30,90.42
2025-02-01T11:30:31,103.03
2025-02-01T11:30:32,100.65
2025-02-01T11:30:33,99.87
2025-02-01T11:30:34,92.99
2025-02-01T11:30:35,101.25
2025-02-01T11:30:36,105.1
2025-02-01T11:30:37,93.6
2025-02-01T11:30:38,93.6
2025-02-01T11:30:39,90.98
2025-02-01T11:30:40,99.6
2025-02-01T11:30:41,99.71
2025-02-01T11:30:42,100.2
2025-02-01T11:30:43,95.14
2025-02-01T11:30:44,109.09
2025-02-01T11:30:45,103.11
2025-02-01T11:30:46,101.58
2025-02-01T11:30:47,86.06
2025-02-01T11:30:48,92.61
2025-02-01T11:30:49,99.78
2025-02-01T11:30:50,93.77
2025-02-01T11:30:51,
2025-02-01T11:30:52,98.02
2025-02-01T11:30:53,95.96
2025-02-01T11:30:54,108.07
2025-02-01T11:30:55,107.14
2025-02-01T11:30:56,103.04
2025-02-01T11:30:57,93.28
2025-02-01T11:30:58,104.91
2025-02-01T11:30:59,101.44
2025-02-01T11:31:00,95.78
2025-02-01T11:31:01,103.61
,108.43
2025-02-01T11:31:03,96.92
2025-02-01T11:31:04,100.85
,98.68
2025-02-01T11:31:06,97.03
2025-02-01T11:31:07,100.24
2025-02-01T11:31:08,94.25
2025-02-01T11:31:09,89.19
2025-02-01T11:31:10,95.07
2025-02-01T11:31:11,103.19
2025-02-01T11:31:12,91.59
2025-02-01T11:31:13,99.03
2025-02-01T11:31:14,100.79
2025-02-01T11:31:15,100.36
2025-02-01T11:31:16,
2025-02-01T11:31:17,
2025-02-01T11:31:18,102.01
2025-02-01T11:31:19,100.73
2025-02-01T11:31:20,99.9
2025-02-01T11:31:21,104.3
2025-02-01T11:31:22,101.31
2025-02-01T11:31:23,96.65
2025-02-01T11:31:24,104.14
2025-02-01T11:31:25,107.95
2025-02-01T11:31:26,103.73
2025-02-01T11:31:27,101.65
2025-02-01T11:31:28,97.98
2025-02-01T11:31:29,100.12
2025-02-01T11:31:30,100.27
2025-02-01T11:31:31,97.9
2025-02-01T11:31:32,107.07
2025-02-01T11:31:33,103.8
2025-02-01T11:31:34,102.87
2025-02-01T11:31:35,104.03
2025-02-01T11:31:36,92.44
2025-02-01T11:31:37,98.14
2025-02-01T11:31:38,98.55
2025-02-01T11:31:39,99.36
2025-02-01T11:31:40,99.8
2025-02-01T11:31:41,98.3
2025-02-01T11:31:42,88.91
2025-02-01T11:31:43,104.59
2025-02-01T11:31:44,101.63
2025-02-01T11:31:45,
2025-02-01T11:31:46,97.72
2025-02-01T11:31:47,105.26
2025-02-01T11:31:48,100.51
2025-02-01T11:31:49,101.24
2025-02-01T11:31:50,102.84
2025-02-01T11:31:51,89.94
2025-02-01T11:31:52,101.33
2025-02-01T11:31:53,96.18
2025-02-01T11:31:54,100.16
2025-02-01T11:31:55,90.33
2025-02-01T11:31:56,
2025-02-01T11:31:57,99.46
2025-02-01T11:31:58,105.92
2025-02-01T11:31:59,99.18
2025-02-01T11:32:00,103.94
2025-02-01T11:32:01,91.97
2025-02-01T11:32:02,98.94
2025-02-01T11:32:03,94.6
2025-02-01T11:32:04,107.76
2025-02-01T11:32:05,101.46
2025-02-01T11:32:06,110.94
2025-02-01T11:32:07,96.86
2025-02-01T11:32:08,98.55
2025-02-01T11:32:09,96.43
2025-02-01T11:32:10,92.3
2025-02-01T11:32:11,100.99
2025-02-01T11:32:12,
2025-02-01T11:32:13,103.55
2025-02-01T11:32:14,94.05
2025-02-01T11:32:15,102.47
2025-02-01T11:32:16,101.97
2025-02-01T11:32:17,98.56
2025-02-01T11:32:18,95.8
2025-02-01T11:32:19,100.34
2025-02-01T11:32:20,93.04
2025-02-01T11:32:21,99.35
2025-02-01T11:32:22,100.57
2025-02-01T11:32:23,102.57
2025-02-01T11:32:24,100.16
2025-02-01T11:32:25,105.11
2025-02-01T11:32:26,96.53
2025-02-01T11:32:27,103.64
2025-02-01T11:32:28,99.98
2025-02-01T11:32:29,96.42
2025-02-01T11:32:30,107.55
2025-02-01T11:32:31,102.49
2025-02-01T11:32:32,100.51
2025-02-01T11:32:33,102.26
2025-02-01T11:32:34,98.06
2025-02-01T11:32:35,99.96
2025-02-01T11:32:36,109.32
2025-02-01T11:32:37,105.61
,105.55
2025-02-01T11:32:39,93.0
2025-02-01T11:32:40,100.1
2025-02-01T11:32:41,104.36
2025-02-01T11:32:42,100.11
2025-02-01T11:32:43,105.47
2025-02-01T11:32:44,99.95
2025-02-01T11:32:45,104.29
2025-02-01T11:32:46,98.07
2025-02-01T11:32:47,101.9
2025-02-01T11:32:48,99.19
2025-02-01T11:32:49,86.75
2025-02-01T11:32:50,99.83
2025-02-01T11:32:51,101.7
2025-02-01T11:32:52,89.09
2025-02-01T11:32:53,97.33
2025-02-01T11:32:54,97.61
2025-02-01T11:32:55,97.72
2025-02-01T11:32:56,107.82
2025-02-01T11:32:57,101.4
2025-02-01T11:32:58,98.39
2025-02-01T11:32:59,99.71
2025-02-01T11:33:00,100.53
2025-02-01T11:33:01,100.33
2025-02-01T11:33:02,103.74
2025-02-01T11:33:03,101.9
2025-02-01T11:33:04,
2025-02-01T11:33:05,103.37
2025-02-01T11:33:06,97.88
2025-02-01T11:33:07,101.21
2025-02-01T11:33:08,97.92
2025-02-01T11:33:09,97.12
2025-02-01T11:33:10,103.9
2025-02-01T11:33:11,106.01
2025-02-01T11:33:12,101.72
2025-02-01T11:33:13,95.55
2025-02-01T11:33:14,90.7
2025-02-01T11:33:15,97.37
2025-02-01T11:33:16,102.19
2025-02-01T11:33:17,88.63
2025-02-01T11:33:18,101.86
2025-02-01T11:33:19,103.46
2025-02-01T11:33:20,97.19
2025-02-01T11:33:21,97.14
2025-02-01T11:33:22,105.21
2025-02-01T11:33:23,97.63
2025-02-01T11:33:24,
2025-02-01T11:33:25,103.76
2025-02-01T11:33:26,104.07
2025-02-01T11:33:27,93.05
2025-02-01T11:33:28,101.5
2025-02-01T11:33:29,102.26
2025-02-01T11:33:30,102.46
2025-02-01T11:33:31,103.35
2025-02-01T11:33:32,100.91
2025-02-01T11:33:33,92.68
2025-02-01T11:33:34,89.56
2025-02-01T11:33:35,97.76
2025-02-01T11:33:36,102.26
2025-02-01T11:33:37,105.06
2025-02-01T11:33:38,96.66
2025-02-01T11:33:39,96.85
2025-02-01T11:33:40,106.46
2025-02-01T11:33:41,101.91
2025-02-01T11:33:42,100.21
2025-02-01T11:33:43,99.11
2025-02-01T11:33:44,95.89
2025-02-01T11:33:45,90.49
2025-02-01T11:33:46,103.24
2025-02-01T11:33:47,
2025-02-01T11:33:48,108.68
2025-02-01T11:33:49,95.54
2025-02-01T11:33:50,99.39
2025-02-01T11:33:51,97.16
2025-02-01T11:33:52,98.14
2025-02-01T11:33:53,98.48
2025-02-01T11:33:54,102.22
2025-02-01T11:33:55,101.08
2025-02-01T11:33:56,108.61
2025-02-01T11:33:57,97.53
2025-02-01T11:33:58,105.9
2025-02-01T11:33:59,97.36
2025-02-01T11:34:00,101.26
2025-02-01T11:34:01,100.55
2025-02-01T11:34:02,96.9
2025-02-01T11:34:03,102.14
2025-02-01T11:34:04,96.47
2025-02-01T11:34:05,100.1
2025-02-01T11:34:06,104.32
2025-02-01T11:34:07,106.5
2025-02-01T11:34:08,105.37
2025-02-01T11:34:09,96.31
2025-02-01T11:34:10,
2025-02-01T11:34:11,105.25
2025-02-01T11:34:12,
2025-02-01T11:34:13,96.11
2025-02-01T11:34:14,90.13
2025-02-01T11:34:15,107.85
2025-02-01T11:34:16,106.4
2025-02-01T11:34:17,95.39
2025-02-01T11:34:18,95.05
2025-02-01T11:34:19,100.72
2025-02-01T11:34:20,106.55
2025-02-01T11:34:21,98.87
2025-02-01T11:34:22,106.48
2025-02-01T11:34:23,102.98
2025-02-01T11:34:24,99.38
2025-02-01T11:34:25,94.27
2025-02-01T11:34:26,97.61
2025-02-01T11:34:27,95.92
2025-02-01T11:34:28,97.35
2025-02-01T11:34:29,99.37
2025-02-01T11:34:30,101.7
2025-02-01T11:34:31,110.15
2025-02-01T11:34:32,110.48
2025-02-01T11:34:33,102.16
2025-02-01T11:34:34,103.72
2025-02-01T11:34:35,94.93
2025-02-01T11:34:36,101.85
2025-02-01T11:34:37,101.78
2025-02-01T11:34:38,89.15
2025-02-01T11:34:39,89.72
2025-02-01T11:34:40,100.78
2025-02-01T11:34:41,96.25
2025-02-01T11:34:42,98.16
2025-02-01T11:34:43,102.29
2025-02-01T11:34:44,97.07
2025-02-01T11:34:45,102.73
2025-02-01T11:34:46,103.0
2025-02-01T11:34:47,98.13
2025-02-01T11:34:48,98.5
2025-02-01T11:34:49,98.44
2025-02-01T11:34:50,97.61
2025-02-01T11:34:51,92.23
2025-02-01T11:34:52,97.82
2025-02-01T11:34:53,105.43
2025-02-01T11:34:54,90.35
2025-02-01T11:34:55,104.46
2025-02-01T11:34:56,101.68
2025-02-01T11:34:57,98.09
2025-02-01T11:34:58,96.98
2025-02-01T11:34:59,92.18
2025-02-01T11:35:00,96.72
2025-02-01T11:35:01,100.74
2025-02-01T11:35:02,108.42
2025-02-01T11:35:03,100.26
2025-02-01T11:35:04,106.12
2025-02-01T11:35:05,100.71
2025-02-01T11:35:06,101.96
2025-02-01T11:35:07,96.67
2025-02-01T11:35:08,93.65
2025-02-01T11:35:09,96.99
2025-02-01T11:35:10,95.72
2025-02-01T11:35:11,95.41
2025-02-01T11:35:12,109.09
2025-02-01T11:35:13,96.74
2025-02-01T11:35:14,93.75
2025-02-01T11:35:15,101.63
2025-02-01T11:35:16,92.28
2025-02-01T11:35:17,105.51
2025-02-01T11:35:18,101.17
2025-02-01T11:35:19,92.58
2025-02-01T11:35:20,97.16
2025-02-01T11:35:21,105.72
2025-02-01T11:35:22,100.29
2025-02-01T11:35:23,108.5
2025-02-01T11:35:24,99.54
2025-02-01T11:35:25,95.65
2025-02-01T11:35:26,95.71
2025-02-01T11:35:27,95.79
2025-02-01T11:35:28,100.61
2025-02-01T11:35:29,104.3
2025-02-01T11:35:30,102.84
2025-02-01T11:35:31,102.62
2025-02-01T11:35:32,101.2
2025-02-01T11:35:33,94.31
2025-02-01T11:35:34,97.21
2025-02-01T11:35:35,106.16
2025-02-01T11:35:36,103.12
2025-02-01T11:35:37,92.94
2025-02-01T11:35:38,96.91
2025-02-01T11:35:39,109.21
2025-02-01T11:35:40,96.12
2025-02-01T11:35:41,105.62
2025-02-01T11:35:42,99.72
2025-02-01T11:35:43,102.7
2025-02-01T11:35:44,98.7
2025-02-01T11:35:45,102.3
2025-02-01T11:35:46,92.83
2025-02-01T11:35:47,98.93
2025-02-01T11:35:48,103.7
2025-02-01T11:35:49,96.03
,99.97
2025-02-01T11:35:51,95.58
,100.82
2025-02-01T11:35:53,99.85
2025-02-01T11:35:54,101.26
2025-02-01T11:35:55,105.39
2025-02-01T11:35:56,97.78
2025-02-01T11:35:57,100.54
2025-02-01T11:35:58,101.03
2025-02-01T11:35:59,106.37
2025-02-01T11:36:00,97.89
2025-02-01T11:36:01,103.41
2025-02-01T11:36:02,96.82
2025-02-01T11:36:03,
2025-02-01T11:36:04,96.4
2025-02-01T11:36:05,100.48
,104.23
2025-02-01T11:36:07,100.05
2025-02-01T11:36:08,95.7
2025-02-01T11:36:09,103.39
2025-02-01T11:36:10,92.0
2025-02-01T11:36:11,97.82
2025-02-01T11:36:12,104.59
2025-02-01T11:36:13,100.38
2025-02-01T11:36:14,92.07
2025-02-01T11:36:15,93.37
2025-02-01T11:36:16,
2025-02-01T11:36:17,101.48
2025-02-01T11:36:18,101.85
2025-02-01T11:36:19,94.35
2025-02-01T11:36:20,95.78
2025-02-01T11:36:21,97.83
2025-02-01T11:36:22,96.83
2025-02-01T11:36:23,97.62
2025-02-01T11:36:24,99.03
2025-02-01T11:36:25,100.54
2025-02-01T11:36:26,
2025-02-01T11:36:27,94.8
2025-02-01T11:36:28,102.77
2025-02-01T11:36:29,100.25
2025-02-01T11:36:30,97.17
2025-02-01T11:36:31,101.93
2025-02-01T11:36:32,102.11
2025-02-01T11:36:33,94.79
2025-02-01T11:36:34,104.54
2025-02-01T11:36:35,95.01
2025-02-01T11:36:36,106.07
2025-02-01T11:36:37,94.03
2025-02-01T11:36:38,104.31
2025-02-01T11:36:39,104.51
2025-02-01T11:36:40,92.68
2025-02-01T11:36:41,91.56
2025-02-01T11:36:42,96.2
2025-02-01T11:36:43,99.21
2025-02-01T11:36:44,101.52
2025-02-01T11:36:45,106.74
2025-02-01T11:36:46,104.23
2025-02-01T11:36:47,98.98
2025-02-01T11:36:48,100.32
,
2025-02-01T11:36:50,94.73
2025-02-01T11:36:51,98.08
2025-02-01T11:36:52,98.52
2025-02-01T11:36:53,92.25
2025-02-01T11:36:54,96.0
2025-02-01T11:36:55,96.53
2025-02-01T11:36:56,100.77
2025-02-01T11:36:57,93.09
2025-02-01T11:36:58,105.75
2025-02-01T11:36:59,101.36
2025-02-01T11:37:00,98.73
2025-02-01T11:37:01,102.07
2025-02-01T11:37:02,104.36
2025-02-01T11:37:03,
2025-02-01T11:37:04,92.72
2025-02-01T11:37:05,96.69
2025-02-01T11:37:06,92.85
2025-02-01T11:37:07,101.66
2025-02-01T11:37:08,95.22
2025-02-01T11:37:09,94.86
2025-02-01T11:37:10,102.15
2025-02-01T11:37:11,103.82
2025-02-01T11:37:12,100.21
2025-02-01T11:37:13,100.06
2025-02-01T11:37:14,101.58
2025-02-01T11:37:15,103.38
2025-02-01T11:37:16,93.1
2025-02-01T11:37:17,111.64
2025-02-01T11:37:18,104.82
2025-02-01T11:37:19,100.66
2025-02-01T11:37:20,95.62
2025-02-01T11:37:21,97.21
2025-02-01T11:37:22,93.78
2025-02-01T11:37:23,96.09
2025-02-01T11:37:24,101.81
2025-02-01T11:37:25,106.6
2025-02-01T11:37:26,102.5
2025-02-01T11:37:27,99.75
2025-02-01T11:37:28,99.85
2025-02-01T11:37:29,95.04
2025-02-01T11:37:30,96.35
2025-02-01T11:37:31,96.25
2025-02-01T11:37:32,105.81
2025-02-01T11:37:33,101.2
2025-02-01T11:37:34,106.23
2025-02-01T11:37:35,98.83
2025-02-01T11:37:36,102.93
2025-02-01T11:37:37,101.67
2025-02-01T11:37:38,101.23
2025-02-01T11:37:39,
2025-02-01T11:37:40,98.06
2025-02-01T11:37:41,99.44
2025-02-01T11:37:42,95.82
2025-02-01T11:37:43,105.8
2025-02-01T11:37:44,108.45
2025-02-01T11:37:45,97.12
2025-02-01T11:37:46,98.15
2025-02-01T11:37:47,104.13
2025-02-01T11:37:48,105.63
2025-02-01T11:37:49,106.03
2025-02-01T11:37:50,104.51
2025-02-01T11:37:51,97.05
2025-02-01T11:37:52,99.67
2025-02-01T11:37:53,94.1
2025-02-01T11:37:54,101.06
2025-02-01T11:37:55,106.88
2025-02-01T11:37:56,112.63
2025-02-01T11:37:57,96.95
2025-02-01T11:37:58,97.69
2025-02-01T11:37:59,102.14
2025-02-01T11:38:00,95.93
2025-02-01T11:38:01,109.41
2025-02-01T11:38:02,106.32
2025-02-01T11:38:03,102.74
2025-02-01T11:38:04,102.77
2025-02-01T11:38:05,98.2
2025-02-01T11:38:06,
2025-02-01T11:38:07,97.15
2025-02-01T11:38:08,104.27
2025-02-01T11:38:09,100.97
2025-02-01T11:38:10,92.88
2025-02-01T11:38:11,106.13
2025-02-01T11:38:12,101.34
2025-02-01T11:38:13,94.74
2025-02-01T11:38:14,94.83
2025-02-01T11:38:15,103.21
2025-02-01T11:38:16,107.86
2025-02-01T11:38:17,92.77
2025-02-01T11:38:18,94.06
2025-02-01T11:38:19,95.97
2025-02-01T11:38:20,
2025-02-01T11:38:21,98.57
2025-02-01T11:38:22,98.82
2025-02-01T11:38:23,111.88
2025-02-01T11:38:24,99.73
2025-02-01T11:38:25,96.33
2025-02-01T11:38:26,96.23
2025-02-01T11:38:27,101.92
2025-02-01T11:38:28,115.25
2025-02-01T11:38:29,95.19
2025-02-01T11:38:30,98.62
2025-02-01T11:38:31,110.61
2025-02-01T11:38:32,98.48
2025-02-01T11:38:33,101.78
2025-02-01T11:38:34,103.49
2025-02-01T11:38:35,98.53
2025-02-01T11:38:36,110.08
2025-02-01T11:38:37,96.88
2025-02-01T11:38:38,97.35
2025-02-01T11:38:39,102.45
2025-02-01T11:38:40,97.11
2025-02-01T11:38:41,106.89
2025-02-01T11:38:42,88.02
2025-02-01T11:38:43,102.43
2025-02-01T11:38:44,97.68
2025-02-01T11:38:45,89.8
2025-02-01T11:38:46,103.05
2025-02-01T11:38:47,93.85
2025-02-01T11:38:48,102.34
2025-02-01T11:38:49,106.92
2025-02-01T11:38:50,102.95
2025-02-01T11:38:51,103.96
2025-02-01T11:38:52,104.91
2025-02-01T11:38:53,103.04
2025-02-01T11:38:54,100.23
2025-02-01T11:38:55,102.73
2025-02-01T11:38:56,108.96
2025-02-01T11:38:57,96.8
2025-02-01T11:38:58,96.46
2025-02-01T11:38:59,102.12
2025-02-01T11:39:00,106.56
2025-02-01T11:39:01,104.13
2025-02-01T11:39:02,101.73
2025-02-01T11:39:03,95.25
2025-02-01T11:39:04,96.08
2025-02-01T11:39:05,97.04
2025-02-01T11:39:06,95.41
2025-02-01T11:39:07,99.68
2025-02-01T11:39:08,104.03
2025-02-01T11:39:09,106.67
2025-02-01T11:39:10,99.85
2025-02-01T11:39:11,96.9
2025-02-01T11:39:12,102.57
2025-02-01T11:39:13,107.22
2025-02-01T11:39:14,
2025-02-01T11:39:15,104.52
2025-02-01T11:39:16,101.0
2025-02-01T11:39:17,99.88
2025-02-01T11:39:18,99.34
2025-02-01T11:39:19,93.12
2025-02-01T11:39:20,102.16
2025-02-01T11:39:21,99.94
2025-02-01T11:39:22,85.62
2025-02-01T11:39:23,92.49
2025-02-01T11:39:24,97.3
2025-02-01T11:39:25,99.26
2025-02-01T11:39:26,101.4
2025-02-01T11:39:27,
2025-02-01T11:39:28,98.68
2025-02-01T11:39:29,89.81
2025-02-01T11:39:30,102.84
2025-02-01T11:39:31,98.95
2025-02-01T11:39:32,98.76
2025-02-01T11:39:33,98.89
2025-02-01T11:39:34,96.16
2025-02-01T11:39:35,98.62
2025-02-01T11:39:36,98.5
2025-02-01T11:39:37,97.67
2025-02-01T11:39:38,104.71
2025-02-01T11:39:39,103.03
2025-02-01T11:39:40,102.57
2025-02-01T11:39:41,
2025-02-01T11:39:42,92.99
2025-02-01T11:39:43,111.38
2025-02-01T11:39:44,94.24
2025-02-01T11:39:45,103.29
2025-02-01T11:39:46,99.76
2025-02-01T11:39:47,91.87
2025-02-01T11:39:48,101.87
2025-02-01T11:39:49,99.32
2025-02-01T11:39:50,105.41
2025-02-01T11:39:51,97.2
2025-02-01T11:39:52,103.63
,102.0
2025-02-01T11:39:54,93.2
2025-02-01T11:39:55,108.67
2025-02-01T11:39:56,99.19
2025-02-01T11:39:57,101.24
2025-02-01T11:39:58,94.87
2025-02-01T11:39:59,96.94
,99.44
2025-02-01T11:40:01,111.47
2025-02-01T11:40:02,105.81
2025-02-01T11:40:03,93.99
2025-02-01T11:40:04,
2025-02-01T11:40:05,97.59
2025-02-01T11:40:06,105.46
2025-02-01T11:40:07,98.61
2025-02-01T11:40:08,105.53
2025-02-01T11:40:09,98.18
2025-02-01T11:40:10,105.58
2025-02-01T11:40:11,106.38
2025-02-01T11:40:12,104.94
2025-02-01T11:40:13,107.45
2025-02-01T11:40:14,107.89
2025-02-01T11:40:15,100.03
2025-02-01T11:40:16,102.57
2025-02-01T11:40:17,108.72
2025-02-01T11:40:18,102.4
2025-02-01T11:40:19,96.06
2025-02-01T11:40:20,104.92
2025-02-01T11:40:21,98.91
2025-02-01T11:40:22,101.56
2025-02-01T11:40:23,101.57
2025-02-01T11:40:24,95.49
2025-02-01T11:40:25,95.92
2025-02-01T11:40:26,109.69
2025-02-01T11:40:27,106.42
2025-02-01T11:40:28,101.45
2025-02-01T11:40:29,105.92
2025-02-01T11:40:30,99.86
2025-02-01T11:40:31,106.49
2025-02-01T11:40:32,93.97
2025-02-01T11:40:33,105.38
2025-02-01T11:40:34,99.64
2025-02-01T11:40:35,94.43
,90.98
2025-02-01T11:40:37,97.08
2025-02-01T11:40:38,100.52
2025-02-01T11:40:39,93.6
2025-02-01T11:40:40,93.83
2025-02-01T11:40:41,96.82
2025-02-01T11:40:42,92.83
2025-02-01T11:40:43,93.52
2025-02-01T11:40:44,92.2
2025-02-01T11:40:45,92.77
2025-02-01T11:40:46,100.8
2025-02-01T11:40:47,102.14
2025-02-01T11:40:48,99.04
2025-02-01T11:40:49,95.94
2025-02-01T11:40:50,112.0
2025-02-01T11:40:51,95.23
2025-02-01T11:40:52,106.08
2025-02-01T11:40:53,98.2
2025-02-01T11:40:54,102.78
2025-02-01T11:40:55,102.39
2025-02-01T11:40:56,98.64
2025-02-01T11:40:57,91.62
2025-02-01T11:40:58,98.75
2025-02-01T11:40:59,100.24
2025-02-01T11:41:00,98.25
2025-02-01T11:41:01,90.62
2025-02-01T11:41:02,102.62
2025-02-01T11:41:03,90.17
2025-02-01T11:41:04,103.94
2025-02-01T11:41:05,106.96
2025-02-01T11:41:06,112.81
2025-02-01T11:41:07,91.85
2025-02-01T11:41:08,
2025-02-01T11:41:09,91.41
2025-02-01T11:41:10,100.36
2025-02-01T11:41:11,103.3
2025-02-01T11:41:12,103.66
2025-02-01T11:41:13,93.68
2025-02-01T11:41:14,107.03
2025-02-01T11:41:15,100.43
2025-02-01T11:41:16,94.86
2025-02-01T11:41:17,101.28
2025-02-01T11:41:18,104.08
2025-02-01T11:41:19,96.06
2025-02-01T11:41:20,89.68
2025-02-01T11:41:21,101.15
2025-02-01T11:41:22,106.74
2025-02-01T11:41:23,97.69
2025-02-01T11:41:24,90.55
2025-02-01T11:41:25,98.96
2025-02-01T11:41:26,103.65
2025-02-01T11:41:27,101.54
2025-02-01T11:41:28,99.94
2025-02-01T11:41:29,87.63
2025-02-01T11:41:30,106.14
2025-02-01T11:41:31,101.91
2025-02-01T11:41:32,102.67
2025-02-01T11:41:33,
2025-02-01T11:41:34,103.25
2025-02-01T11:41:35,97.28
2025-02-01T11:41:36,108.1
2025-02-01T11:41:37,101.29
,96.45
2025-02-01T11:41:39,107.44
,100.96
2025-02-01T11:41:41,105.31
2025-02-01T11:41:42,95.35
2025-02-01T11:41:43,99.15
2025-02-01T11:41:44,102.39
2025-02-01T11:41:45,100.94
2025-02-01T11:41:46,96.86
2025-02-01T11:41:47,107.89
2025-02-01T11:41:48,103.5
2025-02-01T11:41:49,103.73
2025-02-01T11:41:50,106.36
2025-02-01T11:41:51,100.45
2025-02-01T11:41:52,94.67
2025-02-01T11:41:53,101.68
2025-02-01T11:41:54,101.64
2025-02-01T11:41:55,102.92
2025-02-01T11:41:56,99.73
2025-02-01T11:41:57,99.81
2025-02-01T11:41:58,103.03
2025-02-01T11:41:59,106.24
2025-02-01T11:42:00,105.0
2025-02-01T11:42:01,110.62
2025-02-01T11:42:02,106.81
2025-02-01T11:42:03,96.69
2025-02-01T11:42:04,114.87
2025-02-01T11:42:05,94.23
2025-02-01T11:42:06,100.22
2025-02-01T11:42:07,108.72
2025-02-01T11:42:08,102.49
2025-02-01T11:42:09,102.36
,99.91
2025-02-01T11:42:11,101.4
2025-02-01T11:42:12,102.9
2025-02-01T11:42:13,96.35
2025-02-01T11:42:14,115.04
2025-02-01T11:42:15,101.77
2025-02-01T11:42:16,90.46
2025-02-01T11:42:17,95.55
2025-02-01T11:42:18,104.0
2025-02-01T11:42:19,93.61
2025-02-01T11:42:20,101.54
2025-02-01T11:42:21,107.69
2025-02-01T11:42:22,104.39
2025-02-01T11:42:23,107.07
2025-02-01T11:42:24,90.93
2025-02-01T11:42:25,92.64
2025-02-01T11:42:26,95.83
2025-02-01T11:42:27,97.51
2025-02-01T11:42:28,108.89
2025-02-01T11:42:29,100.15
2025-02-01T11:42:30,102.73
,103.2
2025-02-01T11:42:32,97.91
2025-02-01T11:42:33,107.63
2025-02-01T11:42:34,94.51
2025-02-01T11:42:35,115.67
2025-02-01T11:42:36,103.79
2025-02-01T11:42:37,101.12
2025-02-01T11:42:38,103.19
2025-02-01T11:42:39,98.8
2025-02-01T11:42:40,106.83
2025-02-01T11:42:41,101.69
2025-02-01T11:42:42,99.41
2025-02-01T11:42:43,102.66
2025-02-01T11:42:44,108.38
2025-02-01T11:42:45,100.18
2025-02-01T11:42:46,102.39
2025-02-01T11:42:47,102.56
2025-02-01T11:42:48,95.84
2025-02-01T11:42:49,103.93
2025-02-01T11:42:50,101.34
2025-02-01T11:42:51,99.82
2025-02-01T11:42:52,101.84
2025-02-01T11:42:53,99.82
2025-02-01T11:42:54,95.13
2025-02-01T11:42:55,108.29
2025-02-01T11:42:56,97.55
2025-02-01T11:42:57,94.21
2025-02-01T11:42:58,104.84
2025-02-01T11:42:59,100.18
2025-02-01T11:43:00,101.77
2025-02-01T11:43:01,108.47
2025-02-01T11:43:02,91.1
2025-02-01T11:43:03,96.87
2025-02-01T11:43:04,100.49
2025-02-01T11:43:05,106.76
2025-02-01T11:43:06,93.83
2025-02-01T11:43:07,100.92
2025-02-01T11:43:08,106.91
2025-02-01T11:43:09,101.49
2025-02-01T11:43:10,104.54
2025-02-01T11:43:11,98.29
2025-02-01T11:43:12,93.58
2025-02-01T11:43:13,96.74
2025-02-01T11:43:14,99.25
2025-02-01T11:43:15,105.25
2025-02-01T11:43:16,
2025-02-01T11:43:17,108.22
2025-02-01T11:43:18,97.77
,102.57
2025-02-01T11:43:20,104.3
2025-02-01T11:43:21,95.29
2025-02-01T11:43:22,109.8
2025-02-01T11:43:23,102.34
2025-02-01T11:43:24,96.53
2025-02-01T11:43:25,104.37
2025-02-01T11:43:26,99.97
2025-02-01T11:43:27,96.22
2025-02-01T11:43:28,105.8
2025-02-01T11:43:29,102.98
2025-02-01T11:43:30,100.79
2025-02-01T11:43:31,99.23
2025-02-01T11:43:32,103.5
2025-02-01T11:43:33,101.61
,101.03
2025-02-01T11:43:35,95.1
2025-02-01T11:43:36,102.2
2025-02-01T11:43:37,104.16
2025-02-01T11:43:38,100.76
2025-02-01T11:43:39,98.89
2025-02-01T11:43:40,100.33
2025-02-01T11:43:41,115.0
2025-02-01T11:43:42,92.08
2025-02-01T11:43:43,98.21
2025-02-01T11:43:44,104.6
2025-02-01T11:43:45,104.3
2025-02-01T11:43:46,93.48
2025-02-01T11:43:47,101.93
2025-02-01T11:43:48,103.62
2025-02-01T11:43:49,94.64
2025-02-01T11:43:50,107.02
2025-02-01T11:43:51,100.74
2025-02-01T11:43:52,
2025-02-01T11:43:53,108.15
2025-02-01T11:43:54,97.54
2025-02-01T11:43:55,109.9
2025-02-01T11:43:56,104.45
2025-02-01T11:43:57,97.78
2025-02-01T11:43:58,93.8
2025-02-01T11:43:59,104.84
2025-02-01T11:44:00,102.92
2025-02-01T11:44:01,100.56
2025-02-01T11:44:02,96.22
2025-02-01T11:44:03,98.74
,103.25
2025-02-01T11:44:05,108.71
2025-02-01T11:44:06,97.77
2025-02-01T11:44:07,106.86
2025-02-01T11:44:08,96.38
2025-02-01T11:44:09,103.59
2025-02-01T11:44:10,100.84
2025-02-01T11:44:11,109.42
2025-02-01T11:44:12,98.7
2025-02-01T11:44:13,97.13
2025-02-01T11:44:14,98.14
,100.44
2025-02-01T11:44:16,106.07
2025-02-01T11:44:17,96.14
2025-02-01T11:44:18,101.77
2025-02-01T11:44:19,107.38
2025-02-01T11:44:20,96.66
2025-02-01T11:44:21,101.64
2025-02-01T11:44:22,108.13
2025-02-01T11:44:23,101.31
2025-02-01T11:44:24,101.38
2025-02-01T11:44:25,95.1
2025-02-01T11:44:26,104.65
2025-02-01T11:44:27,98.43
2025-02-01T11:44:28,93.2
2025-02-01T11:44:29,98.0
2025-02-01T11:44:30,112.57
2025-02-01T11:44:31,99.62
2025-02-01T11:44:32,101.8
2025-02-01T11:44:33,96.46
2025-02-01T11:44:34,97.01
2025-02-01T11:44:35,99.43
2025-02-01T11:44:36,98.24
,100.55
2025-02-01T11:44:38,108.98
2025-02-01T11:44:39,91.02
2025-02-01T11:44:40,101.8
2025-02-01T11:44:41,107.88
2025-02-01T11:44:42,96.71
2025-02-01T11:44:43,104.29
2025-02-01T11:44:44,103.03
2025-02-01T11:44:45,88.51
2025-02-01T11:44:46,97.18
2025-02-01T11:44:47,98.38
2025-02-01T11:44:48,94.16
2025-02-01T11:44:49,92.95
2025-02-01T11:44:50,102.87
2025-02-01T11:44:51,100.52
2025-02-01T11:44:52,104.19
2025-02-01T11:44:53,96.75
2025-02-01T11:44:54,96.14
2025-02-01T11:44:55,101.56
2025-02-01T11:44:56,100.12
2025-02-01T11:44:57,87.64
2025-02-01T11:44:58,95.03
2025-02-01T11:44:59,103.38
2025-02-01T11:45:00,94.16
2025-02-01T11:45:01,98.73
2025-02-01T11:45:02,103.41
2025-02-01T11:45:03,97.65
2025-02-01T11:45:04,99.49
2025-02-01T11:45:05,93.56
2025-02-01T11:45:06,96.84
2025-02-01T11:45:07,94.3
2025-02-01T11:45:08,102.76
2025-02-01T11:45:09,98.07
2025-02-01T11:45:10,103.41
2025-02-01T11:45:11,105.52
2025-02-01T11:45:12,99.39
2025-02-01T11:45:13,99.78
2025-02-01T11:45:14,100.25
2025-02-01T11:45:15,102.71
2025-02-01T11:45:16,102.19
2025-02-01T11:45:17,108.4
2025-02-01T11:45:18,102.79
2025-02-01T11:45:19,99.83
2025-02-01T11:45:20,101.24
2025-02-01T11:45:21,106.27
2025-02-01T11:45:22,101.72
2025-02-01T11:45:23,95.82
2025-02-01T11:45:24,98.07
2025-02-01T11:45:25,103.46
2025-02-01T11:45:26,101.55
,104.02
2025-02-01T11:45:28,101.29
2025-02-01T11:45:29,97.65
2025-02-01T11:45:30,97.2
2025-02-01T11:45:31,102.21
2025-02-01T11:45:32,
2025-02-01T11:45:33,107.99
2025-02-01T11:45:34,
2025-02-01T11:45:35,108.88
2025-02-01T11:45:36,97.62
2025-02-01T11:45:37,93.89
2025-02-01T11:45:38,100.55
2025-02-01T11:45:39,102.33
2025-02-01T11:45:40,102.03
2025-02-01T11:45:41,100.14
2025-02-01T11:45:42,98.0
2025-02-01T11:45:43,
,105.73
2025-02-01T11:45:45,98.22
2025-02-01T11:45:46,100.05
2025-02-01T11:45:47,100.13
2025-02-01T11:45:48,
,96.41
2025-02-01T11:45:50,98.31
2025-02-01T11:45:51,101.13
2025-02-01T11:45:52,100.25
2025-02-01T11:45:53,97.54
2025-02-01T11:45:54,102.0
2025-02-01T11:45:55,95.74
2025-02-01T11:45:56,94.91
2025-02-01T11:45:57,97.19
2025-02-01T11:45:58,107.03
2025-02-01T11:45:59,103.83
2025-02-01T11:46:00,98.33
2025-02-01T11:46:01,99.27
2025-02-01T11:46:02,99.88
2025-02-01T11:46:03,100.88
2025-02-01T11:46:04,105.37
2025-02-01T11:46:05,109.81
,102.19
2025-02-01T11:46:07,111.35
2025-02-01T11:46:08,95.34
2025-02-01T11:46:09,104.83
2025-02-01T11:46:10,97.94
2025-02-01T11:46:11,103.15
2025-02-01T11:46:12,92.26
2025-02-01T11:46:13,106.33
2025-02-01T11:46:14,99.5
2025-02-01T11:46:15,102.74
2025-02-01T11:46:16,101.47
2025-02-01T11:46:17,109.21
2025-02-01T11:46:18,103.72
2025-02-01T11:46:19,103.49
2025-02-01T11:46:20,100.63
2025-02-01T11:46:21,99.4
2025-02-01T11:46:22,93.52
2025-02-01T11:46:23,92.87
2025-02-01T11:46:24,96.85
2025-02-01T11:46:25,107.7
2025-02-01T11:46:26,98.21
2025-02-01T11:46:27,105.33
2025-02-01T11:46:28,92.97
2025-02-01T11:46:29,95.32
2025-02-01T11:46:30,100.88
2025-02-01T11:46:31,102.87
2025-02-01T11:46:32,100.4
2025-02-01T11:46:33,98.46
2025-02-01T11:46:34,104.69
2025-02-01T11:46:35,100.95
2025-02-01T11:46:36,102.59
2025-02-01T11:46:37,104.74
2025-02-01T11:46:38,
2025-02-01T11:46:39,102.79
2025-02-01T11:46:40,99.84
2025-02-01T11:46:41,100.5
2025-02-01T11:46:42,103.17
2025-02-01T11:46:43,93.16
2025-02-01T11:46:44,97.53
2025-02-01T11:46:45,98.42
2025-02-01T11:46:46,105.17
2025-02-01T11:46:47,107.56
2025-02-01T11:46:48,95.63
2025-02-01T11:46:49,107.64
2025-02-01T11:46:50,106.35
2025-02-01T11:46:51,104.38
2025-02-01T11:46:52,104.66
2025-02-01T11:46:53,92.93
2025-02-01T11:46:54,98.79
2025-02-01T11:46:55,
2025-02-01T11:46:56,94.25
2025-02-01T11:46:57,96.35
2025-02-01T11:46:58,91.68
2025-02-01T11:46:59,92.48
2025-02-01T11:47:00,97.7
2025-02-01T11:47:01,
2025-02-01T11:47:02,100.08
2025-02-01T11:47:03,111.15
2025-02-01T11:47:04,96.35
2025-02-01T11:47:05,96.4
2025-02-01T11:47:06,103.2
2025-02-01T11:47:07,108.85
2025-02-01T11:47:08,96.16
2025-02-01T11:47:09,101.18
2025-02-01T11:47:10,100.65
2025-02-01T11:47:11,97.98
2025-02-01T11:47:12,105.96
2025-02-01T11:47:13,91.8
2025-02-01T11:47:14,102.07
2025-02-01T11:47:15,92.43
2025-02-01T11:47:16,99.67
2025-02-01T11:47:17,100.29
2025-02-01T11:47:18,96.87
2025-02-01T11:47:19,105.72
2025-02-01T11:47:20,96.29
,102.08
2025-02-01T11:47:22,94.5
2025-02-01T11:47:23,100.68
2025-02-01T11:47:24,97.37
2025-02-01T11:47:25,108.29
2025-02-01T11:47:26,106.18
2025-02-01T11:47:27,97.16
2025-02-01T11:47:28,99.99
2025-02-01T11:47:29,95.12
2025-02-01T11:47:30,89.44
2025-02-01T11:47:31,101.1
2025-02-01T11:47:32,99.7
2025-02-01T11:47:33,103.56
2025-02-01T11:47:34,100.15
2025-02-01T11:47:35,86.77
2025-02-01T11:47:36,103.01
2025-02-01T11:47:37,98.14
2025-02-01T11:47:38,100.91
2025-02-01T11:47:39,102.67
2025-02-01T11:47:40,99.52
2025-02-01T11:47:41,95.24
2025-02-01T11:47:42,97.08
2025-02-01T11:47:43,103.54
2025-02-01T11:47:44,102.42
2025-02-01T11:47:45,100.06
2025-02-01T11:47:46,96.39
2025-02-01T11:47:47,93.99
2025-02-01T11:47:48,
2025-02-01T11:47:49,90.64
2025-02-01T11:47:50,105.46
2025-02-01T11:47:51,99.01
2025-02-01T11:47:52,102.5
2025-02-01T11:47:53,102.31
2025-02-01T11:47:54,98.85
2025-02-01T11:47:55,104.04
2025-02-01T11:47:56,92.12
2025-02-01T11:47:57,96.26
2025-02-01T11:47:58,97.37
2025-02-01T11:47:59,110.01
2025-02-01T11:48:00,90.86
2025-02-01T11:48:01,101.18
2025-02-01T11:48:02,104.17
2025-02-01T11:48:03,103.94
2025-02-01T11:48:04,102.4
2025-02-01T11:48:05,107.99
2025-02-01T11:48:06,100.62
2025-02-01T11:48:07,102.5
2025-02-01T11:48:08,102.98
2025-02-01T11:48:09,104.46
2025-02-01T11:48:10,102.07
2025-02-01T11:48:11,92.68
2025-02-01T11:48:12,98.45
2025-02-01T11:48:13,103.28
2025-02-01T11:48:14,94.77
2025-02-01T11:48:15,104.0
2025-02-01T11:48:16,95.23
2025-02-01T11:48:17,93.89
2025-02-01T11:48:18,103.65
2025-02-01T11:48:19,90.65
2025-02-01T11:48:20,102.27
2025-02-01T11:48:21,95.61
2025-02-01T11:48:22,107.78
2025-02-01T11:48:23,102.49
2025-02-01T11:48:24,99.1
2025-02-01T11:48:25,98.45
2025-02-01T11:48:26,102.08
2025-02-01T11:48:27,101.56
2025-02-01T11:48:28,103.6
2025-02-01T11:48:29,109.54
2025-02-01T11:48:30,94.47
2025-02-01T11:48:31,90.73
2025-02-01T11:48:32,106.25
2025-02-01T11:48:33,106.15
2025-02-01T11:48:34,98.68
2025-02-01T11:48:35,104.05
2025-02-01T11:48:36,107.55
2025-02-01T11:48:37,98.9
2025-02-01T11:48:38,95.67
2025-02-01T11:48:39,91.2
2025-02-01T11:48:40,104.06
2025-02-01T11:48:41,95.82
2025-02-01T11:48:42,90.94
,104.37
2025-02-01T11:48:44,96.02
2025-02-01T11:48:45,102.03
2025-02-01T11:48:46,86.87
2025-02-01T11:48:47,95.77
2025-02-01T11:48:48,102.44
2025-02-01T11:48:49,107.66
2025-02-01T11:48:50,102.58
2025-02-01T11:48:51,100.48
2025-02-01T11:48:52,104.55
2025-02-01T11:48:53,98.81
2025-02-01T11:48:54,99.25
2025-02-01T11:48:55,106.28
2025-02-01T11:48:56,102.7
2025-02-01T11:48:57,92.52
2025-02-01T11:48:58,106.77
2025-02-01T11:48:59,98.02
2025-02-01T11:49:00,98.74
2025-02-01T11:49:01,109.71
2025-02-01T11:49:02,98.86
2025-02-01T11:49:03,101.71
2025-02-01T11:49:04,115.53
2025-02-01T11:49:05,104.92
2025-02-01T11:49:06,102.85
2025-02-01T11:49:07,106.6
2025-02-01T11:49:08,101.06
2025-02-01T11:49:09,98.89
2025-02-01T11:49:10,96.4
2025-02-01T11:49:11,104.98
2025-02-01T11:49:12,94.06
2025-02-01T11:49:13,99.15
2025-02-01T11:49:14,101.04
2025-02-01T11:49:15,111.98
,95.42
2025-02-01T11:49:17,89.91
2025-02-01T11:49:18,97.4
2025-02-01T11:49:19,97.67
2025-02-01T11:49:20,103.02
2025-02-01T11:49:21,105.91
2025-02-01T11:49:22,94.5
2025-02-01T11:49:23,117.89
2025-02-01T11:49:24,98.0
2025-02-01T11:49:25,90.46
2025-02-01T11:49:26,96.95
2025-02-01T11:49:27,100.67
2025-02-01T11:49:28,109.45
2025-02-01T11:49:29,102.64
2025-02-01T11:49:30,95.42
2025-02-01T11:49:31,106.94
2025-02-01T11:49:32,97.17
2025-02-01T11:49:33,99.29
2025-02-01T11:49:34,101.72
2025-02-01T11:49:35,104.31
2025-02-01T11:49:36,105.98
2025-02-01T11:49:37,91.72
2025-02-01T11:49:38,101.83
2025-02-01T11:49:39,97.21
2025-02-01T11:49:40,91.98
2025-02-01T11:49:41,101.59
2025-02-01T11:49:42,97.09
2025-02-01T11:49:43,102.76
2025-02-01T11:49:44,96.83
2025-02-01T11:49:45,107.46
2025-02-01T11:49:46,107.11
2025-02-01T11:49:47,102.17
2025-02-01T11:49:48,95.06
2025-02-01T11:49:49,109.22
2025-02-01T11:49:50,98.98
2025-02-01T11:49:51,101.31
2025-02-01T11:49:52,111.85
2025-02-01T11:49:53,100.0
2025-02-01T11:49:54,96.27
2025-02-01T11:49:55,100.38
2025-02-01T11:49:56,100.14
2025-02-01T11:49:57,100.46
2025-02-01T11:49:58,94.42
2025-02-01T11:49:59,99.18
2025-02-01T11:50:00,93.21
2025-02-01T11:50:01,102.02
2025-02-01T11:50:02,98.26
2025-02-01T11:50:03,98.02
2025-02-01T11:50:04,102.62
2025-02-01T11:50:05,97.75
2025-02-01T11:50:06,109.01
2025-02-01T11:50:07,101.73
2025-02-01T11:50:08,101.09
2025-02-01T11:50:09,97.08
2025-02-01T11:50:10,109.71
2025-02-01T11:50:11,112.17
2025-02-01T11:50:12,105.89
2025-02-01T11:50:13,96.85
2025-02-01T11:50:14,102.57
2025-02-01T11:50:15,91.74
2025-02-01T11:50:16,98.78
2025-02-01T11:50:17,97.83
,102.03
2025-02-01T11:50:19,93.94
2025-02-01T11:50:20,93.33
2025-02-01T11:50:21,
2025-02-01T11:50:22,95.31
,112.88
2025-02-01T11:50:24,101.89
2025-02-01T11:50:25,94.42
2025-02-01T11:50:26,105.49
2025-02-01T11:50:27,103.68
2025-02-01T11:50:28,100.11
2025-02-01T11:50:29,102.0
2025-02-01T11:50:30,85.23
2025-02-01T11:50:31,102.75
2025-02-01T11:50:32,97.72
2025-02-01T11:50:33,106.6
2025-02-01T11:50:34,102.09
2025-02-01T11:50:35,103.58
2025-02-01T11:50:36,91.2
2025-02-01T11:50:37,99.35
2025-02-01T11:50:38,98.33
2025-02-01T11:50:39,93.69
2025-02-01T11:50:40,97.93
2025-02-01T11:50:41,105.26
2025-02-01T11:50:42,103.13
2025-02-01T11:50:43,102.83
2025-02-01T11:50:44,101.68
,101.75
2025-02-01T11:50:46,93.51
2025-02-01T11:50:47,93.21
2025-02-01T11:50:48,97.19
2025-02-01T11:50:49,114.76
2025-02-01T11:50:50,100.53
2025-02-01T11:50:51,97.17
2025-02-01T11:50:52,99.95
2025-02-01T11:50:53,91.42
2025-02-01T11:50:54,106.78
2025-02-01T11:50:55,105.16
2025-02-01T11:50:56,94.95
2025-02-01T11:50:57,106.42
2025-02-01T11:50:58,102.05
2025-02-01T11:50:59,104.08
2025-02-01T11:51:00,98.43
2025-02-01T11:51:01,106.0
2025-02-01T11:51:02,111.3
2025-02-01T11:51:03,96.03
2025-02-01T11:51:04,
2025-02-01T11:51:05,95.13
2025-02-01T11:51:06,89.28
,94.26
2025-02-01T11:51:08,106.05
2025-02-01T11:51:09,99.44
2025-02-01T11:51:10,95.8
2025-02-01T11:51:11,99.37
2025-02-01T11:51:12,100.41
2025-02-01T11:51:13,107.01
2025-02-01T11:51:14,99.47
2025-02-01T11:51:15,97.37
2025-02-01T11:51:16,104.21
2025-02-01T11:51:17,99.6
2025-02-01T11:51:18,98.9
2025-02-01T11:51:19,97.71
2025-02-01T11:51:20,103.39
2025-02-01T11:51:21,99.78
2025-02-01T11:51:22,111.67
2025-02-01T11:51:23,106.29
2025-02-01T11:51:24,102.34
2025-02-01T11:51:25,101.85
2025-02-01T11:51:26,93.95
2025-02-01T11:51:27,
2025-02-01T11:51:28,99.1
2025-02-01T11:51:29,97.99
2025-02-01T11:51:30,101.77
2025-02-01T11:51:31,104.23
2025-02-01T11:51:32,98.18
2025-02-01T11:51:33,95.65
2025-02-01T11:51:34,91.05
2025-02-01T11:51:35,101.56
2025-02-01T11:51:36,96.25
2025-02-01T11:51:37,103.79
2025-02-01T11:51:38,101.31
2025-02-01T11:51:39,98.43
2025-02-01T11:51:40,100.7
2025-02-01T11:51:41,99.71
2025-02-01T11:51:42,104.25
2025-02-01T11:51:43,103.67
2025-02-01T11:51:44,101.28
2025-02-01T11:51:45,112.82
2025-02-01T11:51:46,94.75
2025-02-01T11:51:47,106.18
2025-02-01T11:51:48,98.11
2025-02-01T11:51:49,101.39
2025-02-01T11:51:50,94.17
2025-02-01T11:51:51,96.23
2025-02-01T11:51:52,99.66
2025-02-01T11:51:53,105.42
2025-02-01T11:51:54,105.79
2025-02-01T11:51:55,97.35
2025-02-01T11:51:56,105.68
2025-02-01T11:51:57,102.17
2025-02-01T11:51:58,103.15
2025-02-01T11:51:59,104.24
2025-02-01T11:52:00,102.07
2025-02-01T11:52:01,97.53
2025-02-01T11:52:02,100.89
2025-02-01T11:52:03,109.26
2025-02-01T11:52:04,98.89
2025-02-01T11:52:05,99.67
2025-02-01T11:52:06,103.48
2025-02-01T11:52:07,98.88
2025-02-01T11:52:08,104.46
2025-02-01T11:52:09,100.22
2025-02-01T11:52:10,92.24
2025-02-01T11:52:11,99.11
2025-02-01T11:52:12,104.94
,97.82
2025-02-01T11:52:14,92.46
2025-02-01T11:52:15,90.9
2025-02-01T11:52:16,98.92
2025-02-01T11:52:17,93.68
2025-02-01T11:52:18,100.67
2025-02-01T11:52:19,102.03
2025-02-01T11:52:20,93.71
2025-02-01T11:52:21,99.12
2025-02-01T11:52:22,96.74
2025-02-01T11:52:23,91.83
2025-02-01T11:52:24,100.88
2025-02-01T11:52:25,102.54
2025-02-01T11:52:26,103.18
2025-02-01T11:52:27,98.91
2025-02-01T11:52:28,97.33
2025-02-01T11:52:29,99.81
2025-02-01T11:52:30,92.76
2025-02-01T11:52:31,101.35
2025-02-01T11:52:32,98.48
2025-02-01T11:52:33,106.02
2025-02-01T11:52:34,103.94
2025-02-01T11:52:35,99.59
2025-02-01T11:52:36,92.8
2025-02-01T11:52:37,96.29
2025-02-01T11:52:38,93.96
2025-02-01T11:52:39,104.76
2025-02-01T11:52:40,96.86
2025-02-01T11:52:41,103.22
2025-02-01T11:52:42,95.2
2025-02-01T11:52:43,94.99
2025-02-01T11:52:44,99.04
2025-02-01T11:52:45,102.24
2025-02-01T11:52:46,99.71
2025-02-01T11:52:47,94.23
2025-02-01T11:52:48,100.35
2025-02-01T11:52:49,97.8
2025-02-01T11:52:50,
2025-02-01T11:52:51,96.67
2025-02-01T11:52:52,108.19
2025-02-01T11:52:53,94.8
2025-02-01T11:52:54,102.14
,109.85
2025-02-01T11:52:56,103.37
2025-02-01T11:52:57,97.87
2025-02-01T11:52:58,100.65
,109.11
2025-02-01T11:53:00,101.63
2025-02-01T11:53:01,104.42
2025-02-01T11:53:02,96.78
2025-02-01T11:53:03,110.35
,101.13
2025-02-01T11:53:05,100.69
2025-02-01T11:53:06,106.13
2025-02-01T11:53:07,96.96
2025-02-01T11:53:08,99.39
2025-02-01T11:53:09,101.74
2025-02-01T11:53:10,95.37
2025-02-01T11:53:11,98.24
2025-02-01T11:53:12,
2025-02-01T11:53:13,91.86
2025-02-01T11:53:14,106.04
2025-02-01T11:53:15,96.08
2025-02-01T11:53:16,99.44
2025-02-01T11:53:17,99.83
2025-02-01T11:53:18,101.13
2025-02-01T11:53:19,91.15
2025-02-01T11:53:20,99.2
2025-02-01T11:53:21,101.45
2025-02-01T11:53:22,93.2
2025-02-01T11:53:23,101.45
2025-02-01T11:53:24,108.34
2025-02-01T11:53:25,113.47
2025-02-01T11:53:26,94.11
2025-02-01T11:53:27,105.68
2025-02-01T11:53:28,102.46
2025-02-01T11:53:29,99.65
2025-02-01T11:53:30,100.41
2025-02-01T11:53:31,108.35
2025-02-01T11:53:32,101.67
2025-02-01T11:53:33,93.76
2025-02-01T11:53:34,106.17
2025-02-01T11:53:35,97.56
2025-02-01T11:53:36,101.21
2025-02-01T11:53:37,106.33
2025-02-01T11:53:38,91.49
2025-02-01T11:53:39,95.82
2025-02-01T11:53:40,97.21
2025-02-01T11:53:41,107.04
2025-02-01T11:53:42,106.17
2025-02-01T11:53:43,105.71
2025-02-01T11:53:44,103.11
2025-02-01T11:53:45,94.75
2025-02-01T11:53:46,110.37
2025-02-01T11:53:47,102.76
2025-02-01T11:53:48,97.3
2025-02-01T11:53:49,104.05
2025-02-01T11:53:50,91.56
2025-02-01T11:53:51,99.08
2025-02-01T11:53:52,102.77
2025-02-01T11:53:53,104.45
2025-02-01T11:53:54,104.81
2025-02-01T11:53:55,101.8
2025-02-01T11:53:56,106.37
2025-02-01T11:53:57,97.62
2025-02-01T11:53:58,102.55
2025-02-01T11:53:59,98.53
2025-02-01T11:54:00,
2025-02-01T11:54:01,102.92
2025-02-01T11:54:02,107.54
2025-02-01T11:54:03,104.28
2025-02-01T11:54:04,93.12
2025-02-01T11:54:05,101.47
2025-02-01T11:54:06,101.16
2025-02-01T11:54:07,100.22
2025-02-01T11:54:08,92.45
2025-02-01T11:54:09,108.71
2025-02-01T11:54:10,98.43
2025-02-01T11:54:11,95.67
2025-02-01T11:54:12,101.57
2025-02-01T11:54:13,96.23
2025-02-01T11:54:14,103.77
2025-02-01T11:54:15,102.64
2025-02-01T11:54:16,99.73
2025-02-01T11:54:17,95.46
2025-02-01T11:54:18,99.86
2025-02-01T11:54:19,96.81
2025-02-01T11:54:20,101.26
2025-02-01T11:54:21,97.61
2025-02-01T11:54:22,102.57
2025-02-01T11:54:23,103.22
2025-02-01T11:54:24,97.92
2025-02-01T11:54:25,95.94
2025-02-01T11:54:26,104.72
2025-02-01T11:54:27,103.45
2025-02-01T11:54:28,91.7
2025-02-01T11:54:29,98.82
2025-02-01T11:54:30,101.15
2025-02-01T11:54:31,104.41
2025-02-01T11:54:32,104.47
2025-02-01T11:54:33,95.54
2025-02-01T11:54:34,98.32
2025-02-01T11:54:35,100.29
2025-02-01T11:54:36,95.9
2025-02-01T11:54:37,102.75
2025-02-01T11:54:38,98.95
2025-02-01T11:54:39,102.39
2025-02-01T11:54:40,
2025-02-01T11:54:41,87.14
2025-02-01T11:54:42,97.1
2025-02-01T11:54:43,98.87
2025-02-01T11:54:44,102.37
2025-02-01T11:54:45,
2025-02-01T11:54:46,93.32
2025-02-01T11:54:47,97.05
2025-02-01T11:54:48,99.13
2025-02-01T11:54:49,100.54
2025-02-01T11:54:50,113.75
2025-02-01T11:54:51,
2025-02-01T11:54:52,96.83
2025-02-01T11:54:53,99.35
2025-02-01T11:54:54,105.44
2025-02-01T11:54:55,99.42
2025-02-01T11:54:56,104.35
2025-02-01T11:54:57,101.17
2025-02-01T11:54:58,105.71
2025-02-01T11:54:59,95.9
2025-02-01T11:55:00,102.67
2025-02-01T11:55:01,98.72
2025-02-01T11:55:02,96.68
2025-02-01T11:55:03,93.94
2025-02-01T11:55:04,105.84
2025-02-01T11:55:05,103.14
2025-02-01T11:55:06,100.96
2025-02-01T11:55:07,102.77
2025-02-01T11:55:08,101.04
2025-02-01T11:55:09,98.66
2025-02-01T11:55:10,92.23
2025-02-01T11:55:11,88.29
2025-02-01T11:55:12,105.21
2025-02-01T11:55:13,102.02
2025-02-01T11:55:14,100.32
2025-02-01T11:55:15,
2025-02-01T11:55:16,107.86
2025-02-01T11:55:17,102.95
2025-02-01T11:55:18,101.02
2025-02-01T11:55:19,100.74
2025-02-01T11:55:20,96.61
2025-02-01T11:55:21,97.82
2025-02-01T11:55:22,105.13
2025-02-01T11:55:23,104.86
2025-02-01T11:55:24,101.21
2025-02-01T11:55:25,107.31
2025-02-01T11:55:26,97.17
2025-02-01T11:55:27,100.36
2025-02-01T11:55:28,99.29
2025-02-01T11:55:29,96.49
2025-02-01T11:55:30,95.48
2025-02-01T11:55:31,104.19
2025-02-01T11:55:32,102.14
2025-02-01T11:55:33,99.05
2025-02-01T11:55:34,99.36
2025-02-01T11:55:35,103.8
2025-02-01T11:55:36,100.9
2025-02-01T11:55:37,97.9
2025-02-01T11:55:38,97.86
2025-02-01T11:55:39,103.2
2025-02-01T11:55:40,104.4
2025-02-01T11:55:41,95.81
2025-02-01T11:55:42,102.45
2025-02-01T11:55:43,88.44
2025-02-01T11:55:44,107.83
2025-02-01T11:55:45,95.49
2025-02-01T11:55:46,107.39
2025-02-01T11:55:47,106.76
2025-02-01T11:55:48,96.94
2025-02-01T11:55:49,96.88
2025-02-01T11:55:50,100.31
2025-02-01T11:55:51,
2025-02-01T11:55:52,104.25
2025-02-01T11:55:53,96.61
2025-02-01T11:55:54,107.22
2025-02-01T11:55:55,99.57
2025-02-01T11:55:56,92.05
2025-02-01T11:55:57,100.6
2025-02-01T11:55:58,107.62
2025-02-01T11:55:59,101.09
2025-02-01T11:56:00,101.2
2025-02-01T11:56:01,98.59
2025-02-01T11:56:02,98.28
2025-02-01T11:56:03,107.7
2025-02-01T11:56:04,97.54
2025-02-01T11:56:05,95.42
2025-02-01T11:56:06,103.53
2025-02-01T11:56:07,99.79
2025-02-01T11:56:08,97.03
2025-02-01T11:56:09,99.9
2025-02-01T11:56:10,107.54
2025-02-01T11:56:11,105.77
2025-02-01T11:56:12,105.32
2025-02-01T11:56:13,96.09
2025-02-01T11:56:14,105.13
2025-02-01T11:56:15,97.8
2025-02-01T11:56:16,98.5
2025-02-01T11:56:17,95.06
2025-02-01T11:56:18,92.24
2025-02-01T11:56:19,102.0
2025-02-01T11:56:20,100.46
2025-02-01T11:56:21,102.92
2025-02-01T11:56:22,106.16
2025-02-01T11:56:23,
2025-02-01T11:56:24,98.46
2025-02-01T11:56:25,105.58
2025-02-01T11:56:26,110.5
2025-02-01T11:56:27,96.73
2025-02-01T11:56:28,103.53
2025-02-01T11:56:29,
2025-02-01T11:56:30,103.49
2025-02-01T11:56:31,103.34
2025-02-01T11:56:32,93.17
2025-02-01T11:56:33,100.38
2025-02-01T11:56:34,105.4
2025-02-01T11:56:35,101.98
2025-02-01T11:56:36,103.1
2025-02-01T11:56:37,97.49
2025-02-01T11:56:38,102.4
2025-02-01T11:56:39,97.32
2025-02-01T11:56:40,106.03
2025-02-01T11:56:41,89.83
2025-02-01T11:56:42,96.89
2025-02-01T11:56:43,104.9
2025-02-01T11:56:44,97.42
2025-02-01T11:56:45,97.2
2025-02-01T11:56:46,101.63
2025-02-01T11:56:47,91.45
2025-02-01T11:56:48,98.53
2025-02-01T11:56:49,94.29
2025-02-01T11:56:50,96.08
2025-02-01T11:56:51,102.55
2025-02-01T11:56:52,111.73
2025-02-01T11:56:53,98.87
,96.95
,100.0
2025-02-01T11:56:56,92.58
2025-02-01T11:56:57,98.79
2025-02-01T11:56:58,100.23
2025-02-01T11:56:59,102.82
2025-02-01T11:57:00,95.92
2025-02-01T11:57:01,92.63
2025-02-01T11:57:02,104.44
2025-02-01T11:57:03,98.6
2025-02-01T11:57:04,95.99
2025-02-01T11:57:05,100.71
2025-02-01T11:57:06,103.94
2025-02-01T11:57:07,96.99
2025-02-01T11:57:08,102.37
2025-02-01T11:57:09,106.28
2025-02-01T11:57:10,105.5
,100.86
2025-02-01T11:57:12,99.77
2025-02-01T11:57:13,97.67
2025-02-01T11:57:14,106.43
2025-02-01T11:57:15,100.64
2025-02-01T11:57:16,104.38
2025-02-01T11:57:17,98.4
2025-02-01T11:57:18,98.22
2025-02-01T11:57:19,100.66
2025-02-01T11:57:20,105.87
2025-02-01T11:57:21,102.15
2025-02-01T11:57:22,94.53
2025-02-01T11:57:23,106.51
2025-02-01T11:57:24,106.38
2025-02-01T11:57:25,102.06
2025-02-01T11:57:26,107.1
2025-02-01T11:57:27,102.71
2025-02-01T11:57:28,100.1
2025-02-01T11:57:29,103.91
2025-02-01T11:57:30,103.71
2025-02-01T11:57:31,98.87
2025-02-01T11:57:32,100.9
2025-02-01T11:57:33,103.79
,93.33
2025-02-01T11:57:35,104.49
2025-02-01T11:57:36,105.13
2025-02-01T11:57:37,100.73
2025-02-01T11:57:38,99.36
2025-02-01T11:57:39,102.35
2025-02-01T11:57:40,104.72
2025-02-01T11:57:41,103.87
2025-02-01T11:57:42,103.02
2025-02-01T11:57:43,101.89
2025-02-01T11:57:44,102.54
2025-02-01T11:57:45,99.41
2025-02-01T11:57:46,103.9
2025-02-01T11:57:47,98.84
2025-02-01T11:57:48,94.58
2025-02-01T11:57:49,98.22
2025-02-01T11:57:50,101.73
2025-02-01T11:57:51,95.73
2025-02-01T11:57:52,98.96
2025-02-01T11:57:53,101.39
,104.78
2025-02-01T11:57:55,97.33
2025-02-01T11:57:56,86.83
2025-02-01T11:57:57,95.79
2025-02-01T11:57:58,100.38
2025-02-01T11:57:59,103.75
2025-02-01T11:58:00,99.13
2025-02-01T11:58:01,93.83
2025-02-01T11:58:02,87.93
2025-02-01T11:58:03,98.55
2025-02-01T11:58:04,96.91
2025-02-01T11:58:05,93.96
2025-02-01T11:58:06,100.46
2025-02-01T11:58:07,102.17
2025-02-01T11:58:08,97.94
2025-02-01T11:58:09,98.29
2025-02-01T11:58:10,97.21
2025-02-01T11:58:11,99.02
2025-02-01T11:58:12,103.55
2025-02-01T11:58:13,101.04
2025-02-01T11:58:14,95.13
2025-02-01T11:58:15,97.72
,94.47
2025-02-01T11:58:17,101.64
2025-02-01T11:58:18,102.75
2025-02-01T11:58:19,99.33
2025-02-01T11:58:20,96.92
2025-02-01T11:58:21,99.58
2025-02-01T11:58:22,104.02
2025-02-01T11:58:23,95.48
2025-02-01T11:58:24,98.43
,90.97
2025-02-01T11:58:26,100.28
2025-02-01T11:58:27,90.48
2025-02-01T11:58:28,97.72
2025-02-01T11:58:29,104.03
2025-02-01T11:58:30,98.75
2025-02-01T11:58:31,100.39
2025-02-01T11:58:32,95.16
2025-02-01T11:58:33,104.83
2025-02-01T11:58:34,103.32
2025-02-01T11:58:35,91.51
2025-02-01T11:58:36,106.59
2025-02-01T11:58:37,103.33
2025-02-01T11:58:38,100.71
2025-02-01T11:58:39,102.7
2025-02-01T11:58:40,104.13
2025-02-01T11:58:41,101.75
2025-02-01T11:58:42,95.68
2025-02-01T11:58:43,104.74
2025-02-01T11:58:44,99.24
2025-02-01T11:58:45,99.69
2025-02-01T11:58:46,93.53
2025-02-01T11:58:47,89.69
2025-02-01T11:58:48,107.21
2025-02-01T11:58:49,107.83
2025-02-01T11:58:50,95.93
2025-02-01T11:58:51,102.99
2025-02-01T11:58:52,96.1
2025-02-01T11:58:53,105.0
2025-02-01T11:58:54,100.26
2025-02-01T11:58:55,101.64
2025-02-01T11:58:56,90.47
2025-02-01T11:58:57,98.35
2025-02-01T11:58:58,93.58
2025-02-01T11:58:59,108.49
2025-02-01T11:59:00,106.26
2025-02-01T11:59:01,100.48
2025-02-01T11:59:02,90.55
2025-02-01T11:59:03,103.38
2025-02-01T11:59:04,98.9
2025-02-01T11:59:05,108.23
2025-02-01T11:59:06,94.31
2025-02-01T11:59:07,96.63
2025-02-01T11:59:08,107.01
2025-02-01T11:59:09,99.06
2025-02-01T11:59:10,101.83
2025-02-01T11:59:11,91.82
2025-02-01T11:59:12,101.26
2025-02-01T11:59:13,100.71
2025-02-01T11:59:14,103.93
2025-02-01T11:59:15,96.59
2025-02-01T11:59:16,104.16
2025-02-01T11:59:17,98.5
2025-02-01T11:59:18,93.05
2025-02-01T11:59:19,103.06
2025-02-01T11:59:20,108.48
2025-02-01T11:59:21,99.97
2025-02-01T11:59:22,96.29
2025-02-01T11:59:23,98.07
2025-02-01T11:59:24,96.78
2025-02-01T11:59:25,100.69
,106.5
2025-02-01T11:59:27,86.9
2025-02-01T11:59:28,109.86
2025-02-01T11:59:29,96.21
2025-02-01T11:59:30,98.8
2025-02-01T11:59:31,102.07
2025-02-01T11:59:32,90.98
2025-02-01T11:59:33,100.6
2025-02-01T11:59:34,95.64
2025-02-01T11:59:35,93.03
2025-02-01T11:59:36,95.92
2025-02-01T11:59:37,102.99
2025-02-01T11:59:38,92.78
2025-02-01T11:59:39,102.87
2025-02-01T11:59:40,97.49
2025-02-01T11:59:41,102.97
2025-02-01T11:59:42,112.44
2025-02-01T11:59:43,97.34
2025-02-01T11:59:44,96.8
2025-02-01T11:59:45,95.22
2025-02-01T11:59:46,103.61
2025-02-01T11:59:47,104.34
2025-02-01T11:59:48,101.77
2025-02-01T11:59:49,94.31
2025-02-01T11:59:50,103.94
2025-02-01T11:59:51,100.18
2025-02-01T11:59:52,99.68
2025-02-01T11:59:53,99.48
2025-02-01T11:59:54,102.21
2025-02-01T11:59:55,98.82
2025-02-01T11:59:56,105.41
2025-02-01T11:59:57,102.34
2025-02-01T11:59:58,
,96.94
2025-02-01T12:00:00,97.45
2025-02-01T12:00:01,102.63
2025-02-01T12:00:02,94.67
2025-02-01T12:00:03,100.42
2025-02-01T12:00:04,93.4
2025-02-01T12:00:05,106.68
2025-02-01T12:00:06,100.67
2025-02-01T12:00:07,99.8
2025-02-01T12:00:08,104.89
2025-02-01T12:00:09,91.59
2025-02-01T12:00:10,102.75
2025-02-01T12:00:11,98.54
2025-02-01T12:00:12,96.19
2025-02-01T12:00:13,101.5
2025-02-01T12:00:14,97.21
2025-02-01T12:00:15,99.49
2025-02-01T12:00:16,100.98
2025-02-01T12:00:17,107.9
2025-02-01T12:00:18,93.12
2025-02-01T12:00:19,107.16
2025-02-01T12:00:20,91.11
2025-02-01T12:00:21,97.35
2025-02-01T12:00:22,103.98
2025-02-01T12:00:23,101.32
2025-02-01T12:00:24,110.62
2025-02-01T12:00:25,93.06
2025-02-01T12:00:26,89.04
2025-02-01T12:00:27,94.97
2025-02-01T12:00:28,94.78
2025-02-01T12:00:29,94.94
2025-02-01T12:00:30,88.19
2025-02-01T12:00:31,105.1
2025-02-01T12:00:32,105.26
2025-02-01T12:00:33,99.92
2025-02-01T12:00:34,112.13
2025-02-01T12:00:35,93.74
2025-02-01T12:00:36,108.6
2025-02-01T12:00:37,97.79
2025-02-01T12:00:38,101.98
2025-02-01T12:00:39,100.02
,105.63
,98.68
2025-02-01T12:00:42,98.02
2025-02-01T12:00:43,94.3
2025-02-01T12:00:44,108.37
2025-02-01T12:00:45,90.41
2025-02-01T12:00:46,107.3
2025-02-01T12:00:47,111.58
2025-02-01T12:00:48,104.89
2025-02-01T12:00:49,93.86
2025-02-01T12:00:50,96.17
2025-02-01T12:00:51,100.42
2025-02-01T12:00:52,105.78
2025-02-01T12:00:53,100.1
2025-02-01T12:00:54,103.33
2025-02-01T12:00:55,103.96
2025-02-01T12:00:56,106.98
2025-02-01T12:00:57,92.1
2025-02-01T12:00:58,100.44
2025-02-01T12:00:59,100.2
2025-02-01T12:01:00,104.06
2025-02-01T12:01:01,107.25
2025-02-01T12:01:02,95.0
2025-02-01T12:01:03,103.14
2025-02-01T12:01:04,90.66
2025-02-01T12:01:05,99.11
2025-02-01T12:01:06,105.09
2025-02-01T12:01:07,92.96
2025-02-01T12:01:08,105.05
2025-02-01T12:01:09,93.62
2025-02-01T12:01:10,101.0
2025-02-01T12:01:11,103.33
2025-02-01T12:01:12,
2025-02-01T12:01:13,101.82
2025-02-01T12:01:14,93.63
2025-02-01T12:01:15,96.2
2025-02-01T12:01:16,96.72
2025-02-01T12:01:17,91.96
2025-02-01T12:01:18,95.2
2025-02-01T12:01:19,98.23
2025-02-01T12:01:20,106.61
2025-02-01T12:01:21,100.2
2025-02-01T12:01:22,94.54
2025-02-01T12:01:23,97.76
2025-02-01T12:01:24,109.18
2025-02-01T12:01:25,99.91
2025-02-01T12:01:26,87.65
2025-02-01T12:01:27,102.26
2025-02-01T12:01:28,91.62
2025-02-01T12:01:29,109.72
2025-02-01T12:01:30,105.27
,100.47
2025-02-01T12:01:32,91.25
2025-02-01T12:01:33,98.11
2025-02-01T12:01:34,99.19
2025-02-01T12:01:35,104.77
2025-02-01T12:01:36,99.12
2025-02-01T12:01:37,94.22
2025-02-01T12:01:38,94.43
2025-02-01T12:01:39,96.87
2025-02-01T12:01:40,101.73
2025-02-01T12:01:41,98.21
2025-02-01T12:01:42,100.34
2025-02-01T12:01:43,103.57
2025-02-01T12:01:44,96.16
2025-02-01T12:01:45,102.7
2025-02-01T12:01:46,103.56
2025-02-01T12:01:47,105.56
2025-02-01T12:01:48,104.53
2025-02-01T12:01:49,105.86
2025-02-01T12:01:50,102.27
2025-02-01T12:01:51,99.46
2025-02-01T12:01:52,
2025-02-01T12:01:53,111.63
2025-02-01T12:01:54,101.34
2025-02-01T12:01:55,94.61
2025-02-01T12:01:56,97.27
2025-02-01T12:01:57,102.97
,91.43
2025-02-01T12:01:59,95.96
2025-02-01T12:02:00,104.92
2025-02-01T12:02:01,89.54
2025-02-01T12:02:02,99.32
2025-02-01T12:02:03,104.92
2025-02-01T12:02:04,96.51
2025-02-01T12:02:05,96.59
2025-02-01T12:02:06,106.41
2025-02-01T12:02:07,106.51
2025-02-01T12:02:08,98.33
2025-02-01T12:02:09,109.75
2025-02-01T12:02:10,101.17
2025-02-01T12:02:11,108.71
2025-02-01T12:02:12,100.77
2025-02-01T12:02:13,92.25
2025-02-01T12:02:14,108.09
2025-02-01T12:02:15,92.68
2025-02-01T12:02:16,97.57
2025-02-01T12:02:17,97.15
2025-02-01T12:02:18,99.61
2025-02-01T12:02:19,98.0
2025-02-01T12:02:20,94.08
2025-02-01T12:02:21,107.87
2025-02-01T12:02:22,94.29
2025-02-01T12:02:23,98.76
2025-02-01T12:02:24,90.08
2025-02-01T12:02:25,98.17
2025-02-01T12:02:26,99.28
2025-02-01T12:02:27,102.22
2025-02-01T12:02:28,100.7
2025-02-01T12:02:29,97.45
2025-02-01T12:02:30,104.48
2025-02-01T12:02:31,102.96
2025-02-01T12:02:32,101.18
2025-02-01T12:02:33,102.27
2025-02-01T12:02:34,106.07
2025-02-01T12:02:35,105.84
2025-02-01T12:02:36,108.53
2025-02-01T12:02:37,94.99
2025-02-01T12:02:38,95.47
2025-02-01T12:02:39,101.32
2025-02-01T12:02:40,101.21
2025-02-01T12:02:41,107.02
2025-02-01T12:02:42,97.39
2025-02-01T12:02:43,100.31
2025-02-01T12:02:44,97.24
2025-02-01T12:02:45,102.17
2025-02-01T12:02:46,93.04
2025-02-01T12:02:47,94.11
2025-02-01T12:02:48,100.94
2025-02-01T12:02:49,91.13
2025-02-01T12:02:50,95.91
2025-02-01T12:02:51,100.99
2025-02-01T12:02:52,104.59
2025-02-01T12:02:53,100.72
2025-02-01T12:02:54,104.62
2025-02-01T12:02:55,97.35
2025-02-01T12:02:56,98.63
2025-02-01T12:02:57,97.15
2025-02-01T12:02:58,101.86
2025-02-01T12:02:59,95.22
2025-02-01T12:03:00,94.53
2025-02-01T12:03:01,99.59
2025-02-01T12:03:02,101.89
2025-02-01T12:03:03,95.88
2025-02-01T12:03:04,99.35
2025-02-01T12:03:05,109.86
2025-02-01T12:03:06,95.87
2025-02-01T12:03:07,100.41
2025-02-01T12:03:08,101.57
2025-02-01T12:03:09,104.16
2025-02-01T12:03:10,100.3
2025-02-01T12:03:11,96.86
2025-02-01T12:03:12,103.02
2025-02-01T12:03:13,104.7
2025-02-01T12:03:14,97.42
2025-02-01T12:03:15,104.07
2025-02-01T12:03:16,102.61
2025-02-01T12:03:17,106.11
2025-02-01T12:03:18,92.63
2025-02-01T12:03:19,96.92
2025-02-01T12:03:20,96.99
2025-02-01T12:03:21,95.83
2025-02-01T12:03:22,104.86
2025-02-01T12:03:23,101.57
2025-02-01T12:03:24,93.4
2025-02-01T12:03:25,103.44
,102.28
2025-02-01T12:03:27,103.37
2025-02-01T12:03:28,100.77
2025-02-01T12:03:29,106.57
2025-02-01T12:03:30,103.92
2025-02-01T12:03:31,104.16
2025-02-01T12:03:32,99.57
2025-02-01T12:03:33,105.26
2025-02-01T12:03:34,101.84
2025-02-01T12:03:35,98.99
2025-02-01T12:03:36,100.11
2025-02-01T12:03:37,99.72
2025-02-01T12:03:38,100.8
2025-02-01T12:03:39,97.76
2025-02-01T12:03:40,99.83
2025-02-01T12:03:41,106.0
2025-02-01T12:03:42,93.91
2025-02-01T12:03:43,98.0
2025-02-01T12:03:44,106.95
2025-02-01T12:03:45,97.99
2025-02-01T12:03:46,100.95
2025-02-01T12:03:47,93.22
2025-02-01T12:03:48,101.04
2025-02-01T12:03:49,98.1
2025-02-01T12:03:50,98.68
2025-02-01T12:03:51,104.01
2025-02-01T12:03:52,
2025-02-01T12:03:53,97.14
2025-02-01T12:03:54,106.12
2025-02-01T12:03:55,100.26
2025-02-01T12:03:56,97.05
2025-02-01T12:03:57,94.52
2025-02-01T12:03:58,99.63
2025-02-01T12:03:59,96.71
2025-02-01T12:04:00,102.99
2025-02-01T12:04:01,101.01
2025-02-01T12:04:02,98.33
2025-02-01T12:04:03,98.41
2025-02-01T12:04:04,96.1
2025-02-01T12:04:05,98.73
2025-02-01T12:04:06,106.14
2025-02-01T12:04:07,99.85
2025-02-01T12:04:08,103.41
2025-02-01T12:04:09,112.32
2025-02-01T12:04:10,103.25
2025-02-01T12:04:11,97.36
2025-02-01T12:04:12,100.86
2025-02-01T12:04:13,106.43
2025-02-01T12:04:14,87.03
2025-02-01T12:04:15,107.48
2025-02-01T12:04:16,99.98
2025-02-01T12:04:17,108.21
2025-02-01T12:04:18,100.65
2025-02-01T12:04:19,96.53
,
2025-02-01T12:04:21,105.75
2025-02-01T12:04:22,104.54
2025-02-01T12:04:23,
2025-02-01T12:04:24,104.16
2025-02-01T12:04:25,109.61
2025-02-01T12:04:26,94.7
2025-02-01T12:04:27,90.23
2025-02-01T12:04:28,110.89
2025-02-01T12:04:29,100.29
2025-02-01T12:04:30,102.04
2025-02-01T12:04:31,105.23
2025-02-01T12:04:32,93.94
2025-02-01T12:04:33,93.35
,101.13
2025-02-01T12:04:35,99.3
2025-02-01T12:04:36,105.93
2025-02-01T12:04:37,
2025-02-01T12:04:38,89.66
2025-02-01T12:04:39,97.62
2025-02-01T12:04:40,96.69
2025-02-01T12:04:41,103.65
2025-02-01T12:04:42,103.55
2025-02-01T12:04:43,95.75
2025-02-01T12:04:44,91.67
2025-02-01T12:04:45,95.09
2025-02-01T12:04:46,104.43
2025-02-01T12:04:47,108.08
2025-02-01T12:04:48,97.73
2025-02-01T12:04:49,94.04
2025-02-01T12:04:50,105.09
2025-02-01T12:04:51,98.02
2025-02-01T12:04:52,91.45
2025-02-01T12:04:53,105.34
2025-02-01T12:04:54,103.47
2025-02-01T12:04:55,94.73
2025-02-01T12:04:56,113.14
2025-02-01T12:04:57,99.78
2025-02-01T12:04:58,104.27
2025-02-01T12:04:59,107.39
2025-02-01T12:05:00,99.18
2025-02-01T12:05:01,106.86
2025-02-01T12:05:02,103.05
2025-02-01T12:05:03,88.75
2025-02-01T12:05:04,106.0
2025-02-01T12:05:05,98.43
2025-02-01T12:05:06,94.8
2025-02-01T12:05:07,92.21
2025-02-01T12:05:08,107.23
2025-02-01T12:05:09,100.48
2025-02-01T12:05:10,101.2
2025-02-01T12:05:11,104.25
2025-02-01T12:05:12,96.03
2025-02-01T12:05:13,108.25
2025-02-01T12:05:14,100.36
2025-02-01T12:05:15,108.6
2025-02-01T12:05:16,94.86
2025-02-01T12:05:17,101.74
2025-02-01T12:05:18,97.06
2025-02-01T12:05:19,103.92
2025-02-01T12:05:20,104.38
2025-02-01T12:05:21,103.1
2025-02-01T12:05:22,99.81
2025-02-01T12:05:23,108.97
2025-02-01T12:05:24,90.72
2025-02-01T12:05:25,107.66
2025-02-01T12:05:26,104.22
2025-02-01T12:05:27,99.26
2025-02-01T12:05:28,101.62
2025-02-01T12:05:29,103.08
2025-02-01T12:05:30,99.04
2025-02-01T12:05:31,101.17
2025-02-01T12:05:32,97.8
2025-02-01T12:05:33,103.39
2025-02-01T12:05:34,97.83
2025-02-01T12:05:35,103.49
2025-02-01T12:05:36,94.58
2025-02-01T12:05:37,103.04
2025-02-01T12:05:38,100.93
2025-02-01T12:05:39,110.32
2025-02-01T12:05:40,101.31
2025-02-01T12:05:41,97.94
2025-02-01T12:05:42,101.4
2025-02-01T12:05:43,98.07
2025-02-01T12:05:44,95.26
2025-02-01T12:05:45,105.28
2025-02-01T12:05:46,100.47
2025-02-01T12:05:47,103.13
,93.63
2025-02-01T12:05:49,92.55
2025-02-01T12:05:50,98.04
2025-02-01T12:05:51,102.89
2025-02-01T12:05:52,98.89
2025-02-01T12:05:53,93.81
2025-02-01T12:05:54,101.09
2025-02-01T12:05:55,101.46
2025-02-01T12:05:56,96.3
2025-02-01T12:05:57,111.35
2025-02-01T12:05:58,101.89
2025-02-01T12:05:59,101.67
2025-02-01T12:06:00,98.46
2025-02-01T12:06:01,103.49
2025-02-01T12:06:02,94.59
,104.99
2025-02-01T12:06:04,107.33
2025-02-01T12:06:05,94.65
2025-02-01T12:06:06,108.16
2025-02-01T12:06:07,91.58
2025-02-01T12:06:08,96.82
2025-02-01T12:06:09,101.07
2025-02-01T12:06:10,97.84
2025-02-01T12:06:11,102.76
2025-02-01T12:06:12,100.63
2025-02-01T12:06:13,111.65
2025-02-01T12:06:14,99.94
2025-02-01T12:06:15,100.93
2025-02-01T12:06:16,
2025-02-01T12:06:17,98.69
2025-02-01T12:06:18,110.01
2025-02-01T12:06:19,104.52
2025-02-01T12:06:20,103.57
2025-02-01T12:06:21,91.2
2025-02-01T12:06:22,104.32
2025-02-01T12:06:23,93.34
2025-02-01T12:06:24,104.35
2025-02-01T12:06:25,93.33
2025-02-01T12:06:26,95.59
2025-02-01T12:06:27,104.28
2025-02-01T12:06:28,97.59
2025-02-01T12:06:29,110.07
2025-02-01T12:06:30,102.03
2025-02-01T12:06:31,86.66
2025-02-01T12:06:32,97.04
2025-02-01T12:06:33,108.05
,99.95
2025-02-01T12:06:35,105.58
2025-02-01T12:06:36,99.24
2025-02-01T12:06:37,93.22
2025-02-01T12:06:38,104.22
2025-02-01T12:06:39,98.71
2025-02-01T12:06:40,87.65
2025-02-01T12:06:41,106.8
2025-02-01T12:06:42,95.8
2025-02-01T12:06:43,101.43
2025-02-01T12:06:44,103.41
2025-02-01T12:06:45,107.48
2025-02-01T12:06:46,109.72
2025-02-01T12:06:47,96.97
2025-02-01T12:06:48,94.29
2025-02-01T12:06:49,
2025-02-01T12:06:50,99.66
2025-02-01T12:06:51,99.88
2025-02-01T12:06:52,97.86
2025-02-01T12:06:53,100.38
2025-02-01T12:06:54,100.61
2025-02-01T12:06:55,104.51
2025-02-01T12:06:56,93.29
2025-02-01T12:06:57,88.82
2025-02-01T12:06:58,101.02
2025-02-01T12:06:59,99.09
2025-02-01T12:07:00,102.72
2025-02-01T12:07:01,90.49
2025-02-01T12:07:02,100.07
2025-02-01T12:07:03,106.15
2025-02-01T12:07:04,94.09
2025-02-01T12:07:05,104.1
2025-02-01T12:07:06,103.99
2025-02-01T12:07:07,
2025-02-01T12:07:08,102.84
2025-02-01T12:07:09,101.15
2025-02-01T12:07:10,98.75
2025-02-01T12:07:11,93.13
2025-02-01T12:07:12,103.04
2025-02-01T12:07:13,102.54
2025-02-01T12:07:14,97.13
2025-02-01T12:07:15,101.49
2025-02-01T12:07:16,105.74
2025-02-01T12:07:17,100.4
2025-02-01T12:07:18,104.6
2025-02-01T12:07:19,103.9
2025-02-01T12:07:20,101.38
2025-02-01T12:07:21,101.2
2025-02-01T12:07:22,97.74
2025-02-01T12:07:23,101.18
2025-02-01T12:07:24,93.33
,89.13
2025-02-01T12:07:26,99.98
2025-02-01T12:07:27,99.93
,99.79
2025-02-01T12:07:29,98.85
2025-02-01T12:07:30,102.35
2025-02-01T12:07:31,96.22
2025-02-01T12:07:32,97.27
2025-02-01T12:07:33,105.34
2025-02-01T12:07:34,107.9
2025-02-01T12:07:35,106.9
2025-02-01T12:07:36,101.53
2025-02-01T12:07:37,98.01
2025-02-01T12:07:38,105.43
2025-02-01T12:07:39,105.03
2025-02-01T12:07:40,102.63
2025-02-01T12:07:41,98.83
2025-02-01T12:07:42,102.29
2025-02-01T12:07:43,105.7
2025-02-01T12:07:44,99.37
2025-02-01T12:07:45,94.74
2025-02-01T12:07:46,101.23
2025-02-01T12:07:47,
2025-02-01T12:07:48,105.85
2025-02-01T12:07:49,102.57
2025-02-01T12:07:50,101.22
2025-02-01T12:07:51,107.02
2025-02-01T12:07:52,91.71
2025-02-01T12:07:53,101.1
2025-02-01T12:07:54,106.84
2025-02-01T12:07:55,92.31
2025-02-01T12:07:56,100.57
2025-02-01T12:07:57,96.4
,102.85
2025-02-01T12:07:59,105.91
2025-02-01T12:08:00,99.22
2025-02-01T12:08:01,99.22
2025-02-01T12:08:02,101.6
2025-02-01T12:08:03,93.43
2025-02-01T12:08:04,103.91
2025-02-01T12:08:05,95.56
2025-02-01T12:08:06,96.62
2025-02-01T12:08:07,106.44
2025-02-01T12:08:08,95.4
2025-02-01T12:08:09,109.6
2025-02-01T12:08:10,96.01
2025-02-01T12:08:11,106.82
2025-02-01T12:08:12,95.01
2025-02-01T12:08:13,102.35
2025-02-01T12:08:14,103.04
2025-02-01T12:08:15,90.69
2025-02-01T12:08:16,110.25
2025-02-01T12:08:17,102.79
2025-02-01T12:08:18,99.98
2025-02-01T12:08:19,98.54
2025-02-01T12:08:20,101.49
2025-02-01T12:08:21,105.0
2025-02-01T12:08:22,104.51
2025-02-01T12:08:23,105.76
2025-02-01T12:08:24,96.33
2025-02-01T12:08:25,107.04
2025-02-01T12:08:26,98.76
2025-02-01T12:08:27,98.73
2025-02-01T12:08:28,96.01
2025-02-01T12:08:29,98.77
2025-02-01T12:08:30,96.59
2025-02-01T12:08:31,101.38
2025-02-01T12:08:32,99.89
2025-02-01T12:08:33,101.07
2025-02-01T12:08:34,96.6
2025-02-01T12:08:35,104.45
2025-02-01T12:08:36,101.01
2025-02-01T12:08:37,100.49
2025-02-01T12:08:38,102.5
2025-02-01T12:08:39,101.95
2025-02-01T12:08:40,101.7
2025-02-01T12:08:41,96.54
2025-02-01T12:08:42,99.24
2025-02-01T12:08:43,101.81
2025-02-01T12:08:44,94.69
2025-02-01T12:08:45,102.29
2025-02-01T12:08:46,104.07
2025-02-01T12:08:47,96.54
2025-02-01T12:08:48,
2025-02-01T12:08:49,107.72
2025-02-01T12:08:50,97.64
2025-02-01T12:08:51,100.27
2025-02-01T12:08:52,105.17
2025-02-01T12:08:53,104.14
2025-02-01T12:08:54,107.99
2025-02-01T12:08:55,104.53
2025-02-01T12:08:56,90.39
2025-02-01T12:08:57,102.65
2025-02-01T12:08:58,106.57
2025-02-01T12:08:59,107.06
2025-02-01T12:09:00,97.56
2025-02-01T12:09:01,99.63
2025-02-01T12:09:02,93.27
2025-02-01T12:09:03,99.94
2025-02-01T12:09:04,96.6
2025-02-01T12:09:05,100.08
2025-02-01T12:09:06,101.05
2025-02-01T12:09:07,100.84
2025-02-01T12:09:08,103.32
2025-02-01T12:09:09,98.99
2025-02-01T12:09:10,103.65
2025-02-01T12:09:11,93.01
2025-02-01T12:09:12,
2025-02-01T12:09:13,97.94
2025-02-01T12:09:14,90.52
2025-02-01T12:09:15,102.09
2025-02-01T12:09:16,104.05
2025-02-01T12:09:17,96.78
2025-02-01T12:09:18,93.95
2025-02-01T12:09:19,
2025-02-01T12:09:20,99.18
2025-02-01T12:09:21,99.18
2025-02-01T12:09:22,99.84
2025-02-01T12:09:23,99.9
2025-02-01T12:09:24,89.47
2025-02-01T12:09:25,109.05
2025-02-01T12:09:26,105.24
2025-02-01T12:09:27,104.38
2025-02-01T12:09:28,98.67
2025-02-01T12:09:29,108.68
2025-02-01T12:09:30,97.54
2025-02-01T12:09:31,107.02
2025-02-01T12:09:32,103.76
2025-02-01T12:09:33,96.31
2025-02-01T12:09:34,93.01
2025-02-01T12:09:35,94.86
2025-02-01T12:09:36,97.59
2025-02-01T12:09:37,105.7
2025-02-01T12:09:38,90.95
2025-02-01T12:09:39,107.03
2025-02-01T12:09:40,103.83
2025-02-01T12:09:41,106.02
2025-02-01T12:09:42,98.82
2025-02-01T12:09:43,103.97
2025-02-01T12:09:44,96.5
2025-02-01T12:09:45,105.34
2025-02-01T12:09:46,99.74
2025-02-01T12:09:47,103.88
2025-02-01T12:09:48,99.19
2025-02-01T12:09:49,105.91
2025-02-01T12:09:50,94.03
2025-02-01T12:09:51,99.93
2025-02-01T12:09:52,104.7
2025-02-01T12:09:53,96.39
2025-02-01T12:09:54,92.71
2025-02-01T12:09:55,103.82
2025-02-01T12:09:56,104.05
2025-02-01T12:09:57,106.5
2025-02-01T12:09:58,87.01
2025-02-01T12:09:59,96.51
2025-02-01T12:10:00,101.12
2025-02-01T12:10:01,106.28
2025-02-01T12:10:02,101.52
2025-02-01T12:10:03,94.66
2025-02-01T12:10:04,109.48
2025-02-01T12:10:05,96.54
2025-02-01T12:10:06,105.47
2025-02-01T12:10:07,101.37
2025-02-01T12:10:08,95.19
2025-02-01T12:10:09,103.23
2025-02-01T12:10:10,99.34
2025-02-01T12:10:11,108.01
2025-02-01T12:10:12,109.87
,93.24
2025-02-01T12:10:14,104.34
2025-02-01T12:10:15,97.31
2025-02-01T12:10:16,100.24
2025-02-01T12:10:17,101.7
2025-02-01T12:10:18,101.66
2025-02-01T12:10:19,96.74
2025-02-01T12:10:20,100.5
2025-02-01T12:10:21,94.55
2025-02-01T12:10:22,99.93
2025-02-01T12:10:23,93.48
2025-02-01T12:10:24,103.33
2025-02-01T12:10:25,94.43
2025-02-01T12:10:26,93.24
2025-02-01T12:10:27,96.04
2025-02-01T12:10:28,92.08
2025-02-01T12:10:29,95.58
2025-02-01T12:10:30,97.75
2025-02-01T12:10:31,96.74
2025-02-01T12:10:32,100.75
2025-02-01T12:10:33,103.05
2025-02-01T12:10:34,102.94
2025-02-01T12:10:35,104.07
2025-02-01T12:10:36,108.35
2025-02-01T12:10:37,103.39
2025-02-01T12:10:38,95.44
,105.67
2025-02-01T12:10:40,98.9
2025-02-01T12:10:41,94.71
2025-02-01T12:10:42,96.17
2025-02-01T12:10:43,93.68
2025-02-01T12:10:44,102.32
2025-02-01T12:10:45,93.21
2025-02-01T12:10:46,96.12
2025-02-01T12:10:47,103.4
2025-02-01T12:10:48,104.32
2025-02-01T12:10:49,101.44
2025-02-01T12:10:50,101.32
2025-02-01T12:10:51,103.8
2025-02-01T12:10:52,102.21
2025-02-01T12:10:53,106.83
2025-02-01T12:10:54,102.08
2025-02-01T12:10:55,96.95
2025-02-01T12:10:56,107.14
2025-02-01T12:10:57,104.91
2025-02-01T12:10:58,100.11
2025-02-01T12:10:59,100.16
2025-02-01T12:11:00,101.8
2025-02-01T12:11:01,104.3
2025-02-01T12:11:02,89.57
2025-02-01T12:11:03,100.66
2025-02-01T12:11:04,110.41
2025-02-01T12:11:05,106.2
2025-02-01T12:11:06,101.11
2025-02-01T12:11:07,96.85
2025-02-01T12:11:08,104.11
2025-02-01T12:11:09,94.07
2025-02-01T12:11:10,
2025-02-01T12:11:11,96.25
2025-02-01T12:11:12,96.07
2025-02-01T12:11:13,94.65
2025-02-01T12:11:14,88.35
2025-02-01T12:11:15,97.85
2025-02-01T12:11:16,
2025-02-01T12:11:17,106.4
2025-02-01T12:11:18,101.58
2025-02-01T12:11:19,100.43
2025-02-01T12:11:20,93.3
2025-02-01T12:11:21,103.85
2025-02-01T12:11:22,97.75
2025-02-01T12:11:23,
2025-02-01T12:11:24,97.0
2025-02-01T12:11:25,97.91
2025-02-01T12:11:26,98.02
2025-02-01T12:11:27,99.83
2025-02-01T12:11:28,106.82
2025-02-01T12:11:29,97.13
2025-02-01T12:11:30,93.39
2025-02-01T12:11:31,107.38
2025-02-01T12:11:32,94.82
2025-02-01T12:11:33,95.13
2025-02-01T12:11:34,96.17
2025-02-01T12:11:35,98.7
2025-02-01T12:11:36,104.24
2025-02-01T12:11:37,99.96
2025-02-01T12:11:38,105.17
2025-02-01T12:11:39,
2025-02-01T12:11:40,90.74
2025-02-01T12:11:41,104.72
2025-02-01T12:11:42,96.36
2025-02-01T12:11:43,88.57
2025-02-01T12:11:44,110.77
2025-02-01T12:11:45,100.95
2025-02-01T12:11:46,89.87
2025-02-01T12:11:47,103.28
,87.8
2025-02-01T12:11:49,99.11
2025-02-01T12:11:50,94.15
2025-02-01T12:11:51,98.52
2025-02-01T12:11:52,96.91
2025-02-01T12:11:53,103.41
2025-02-01T12:11:54,
2025-02-01T12:11:55,106.0
2025-02-01T12:11:56,96.48
2025-02-01T12:11:57,103.08
2025-02-01T12:11:58,91.32
2025-02-01T12:11:59,95.14
2025-02-01T12:12:00,91.72
,100.29
2025-02-01T12:12:02,93.18
2025-02-01T12:12:03,91.66
2025-02-01T12:12:04,101.27
2025-02-01T12:12:05,99.87
2025-02-01T12:12:06,102.75
2025-02-01T12:12:07,104.21
2025-02-01T12:12:08,101.78
2025-02-01T12:12:09,98.31
,105.06
2025-02-01T12:12:11,98.78
2025-02-01T12:12:12,94.29
2025-02-01T12:12:13,105.27
2025-02-01T12:12:14,97.57
2025-02-01T12:12:15,99.77
2025-02-01T12:12:16,99.36
2025-02-01T12:12:17,89.95
2025-02-01T12:12:18,98.74
2025-02-01T12:12:19,86.67
2025-02-01T12:12:20,97.54
2025-02-01T12:12:21,104.01
2025-02-01T12:12:22,98.99
2025-02-01T12:12:23,107.22
2025-02-01T12:12:24,98.96
2025-02-01T12:12:25,100.66
2025-02-01T12:12:26,95.8
2025-02-01T12:12:27,95.85
,101.24
2025-02-01T12:12:29,96.1
2025-02-01T12:12:30,100.99
2025-02-01T12:12:31,106.85
2025-02-01T12:12:32,97.53
2025-02-01T12:12:33,106.15
2025-02-01T12:12:34,106.0
2025-02-01T12:12:35,109.82
2025-02-01T12:12:36,98.03
2025-02-01T12:12:37,97.66
2025-02-01T12:12:38,
2025-02-01T12:12:39,107.64
2025-02-01T12:12:40,100.35
2025-02-01T12:12:41,105.59
2025-02-01T12:12:42,96.71
2025-02-01T12:12:43,96.68
2025-02-01T12:12:44,102.06
2025-02-01T12:12:45,103.66
2025-02-01T12:12:46,105.76
2025-02-01T12:12:47,
2025-02-01T12:12:48,102.15
2025-02-01T12:12:49,98.93
2025-02-01T12:12:50,
2025-02-01T12:12:51,94.07
2025-02-01T12:12:52,103.41
2025-02-01T12:12:53,98.96
2025-02-01T12:12:54,91.11
2025-02-01T12:12:55,97.06
2025-02-01T12:12:56,98.16
,96.33
2025-02-01T12:12:58,
2025-02-01T12:12:59,104.91
2025-02-01T12:13:00,98.0
2025-02-01T12:13:01,104.94
2025-02-01T12:13:02,92.76
2025-02-01T12:13:03,103.93
2025-02-01T12:13:04,87.17
2025-02-01T12:13:05,89.84
2025-02-01T12:13:06,105.29
2025-02-01T12:13:07,103.96
2025-02-01T12:13:08,
2025-02-01T12:13:09,99.17
2025-02-01T12:13:10,94.67
2025-02-01T12:13:11,
2025-02-01T12:13:12,113.19
2025-02-01T12:13:13,100.47
2025-02-01T12:13:14,92.21
2025-02-01T12:13:15,105.04
2025-02-01T12:13:16,103.81
2025-02-01T12:13:17,93.48
2025-02-01T12:13:18,97.91
,102.71
