timestamp,value
2025-01-01T10:00:00,101.93
2025-01-01T10:00:01,97.45
2025-01-01T10:00:02,108.3
2025-01-01T10:00:03,104.03
2025-01-01T10:00:04,99.19
2025-01-01T10:00:05,94.65
2025-01-01T10:00:06,114.58
2025-01-01T10:00:07,94.91
2025-01-01T10:00:08,98.43
2025-01-01T10:00:09,94.65
2025-01-01T10:00:10,94.58
2025-01-01T10:00:11,89.75
2025-01-01T10:00:12,95.43
2025-01-01T10:00:13,100.77
2025-01-01T10:00:14,
2025-01-01T10:00:15,108.79
2025-01-01T10:00:16,94.76
2025-01-01T10:00:17,101.52
2025-01-01T10:00:18,93.66
2025-01-01T10:00:19,94.73
2025-01-01T10:00:20,105.61
2025-01-01T10:00:21,102.14
2025-01-01T10:00:22,100.16
2025-01-01T10:00:23,94.81
2025-01-01T10:00:24,106.09
2025-01-01T10:00:25,98.45
2025-01-01T10:00:26,103.36
2025-01-01T10:00:27,92.8
2025-01-01T10:00:28,95.77
2025-01-01T10:00:29,99.33
2025-01-01T10:00:30,98.69
2025-01-01T10:00:31,94.66
2025-01-01T10:00:32,98.64
2025-01-01T10:00:33,98.23
2025-01-01T10:00:34,99.26
,96.87
2025-01-01T10:00:36,95.26
2025-01-01T10:00:37,109.33
2025-01-01T10:00:38,102.89
2025-01-01T10:00:39,110.44
2025-01-01T10:00:40,91.52
2025-01-01T10:00:41,102.75
2025-01-01T10:00:42,97.81
2025-01-01T10:00:43,98.98
2025-01-01T10:00:44,97.64
2025-01-01T10:00:45,95.27
2025-01-01T10:00:46,108.62
2025-01-01T10:00:47,94.15
2025-01-01T10:00:48,93.56
2025-01-01T10:00:49,99.64
2025-01-01T10:00:50,103.29
2025-01-01T10:00:51,103.8
2025-01-01T10:00:52,96.79
2025-01-01T10:00:53,101.61
2025-01-01T10:00:54,95.87
2025-01-01T10:00:55,97.81
2025-01-01T10:00:56,109.0
2025-01-01T10:00:57,104.02
2025-01-01T10:00:58,87.8
2025-01-01T10:00:59,98.3
2025-01-01T10:01:00,99.01
2025-01-01T10:01:01,106.19
2025-01-01T10:01:02,111.92
2025-01-01T10:01:03,105.45
2025-01-01T10:01:04,102.76
2025-01-01T10:01:05,90.39
2025-01-01T10:01:06,107.94
2025-01-01T10:01:07,101.2
2025-01-01T10:01:08,99.86
,103.05
2025-01-01T10:01:10,96.95
2025-01-01T10:01:11,98.41
2025-01-01T10:01:12,95.89
2025-01-01T10:01:13,108.01
2025-01-01T10:01:14,94.75
2025-01-01T10:01:15,94.5
,102.41
2025-01-01T10:01:17,97.95
2025-01-01T10:01:18,98.05
2025-01-01T10:01:19,96.06
2025-01-01T10:01:20,95.21
2025-01-01T10:01:21,96.01
2025-01-01T10:01:22,106.03
2025-01-01T10:01:23,98.32
2025-01-01T10:01:24,97.99
2025-01-01T10:01:25,94.68
2025-01-01T10:01:26,104.67
2025-01-01T10:01:27,100.73
2025-01-01T10:01:28,
2025-01-01T10:01:29,101.83
2025-01-01T10:01:30,99.07
2025-01-01T10:01:31,99.0
2025-01-01T10:01:32,99.51
2025-01-01T10:01:33,98.91
2025-01-01T10:01:34,91.65
2025-01-01T10:01:35,98.39
2025-01-01T10:01:36,107.27
2025-01-01T10:01:37,107.66
2025-01-01T10:01:38,97.61
2025-01-01T10:01:39,92.04
2025-01-01T10:01:40,101.24
2025-01-01T10:01:41,104.09
2025-01-01T10:01:42,99.96
2025-01-01T10:01:43,102.01
2025-01-01T10:01:44,95.56
2025-01-01T10:01:45,93.98
2025-01-01T10:01:46,109.27
2025-01-01T10:01:47,105.11
2025-01-01T10:01:48,
2025-01-01T10:01:49,
2025-01-01T10:01:50,101.56
2025-01-01T10:01:51,95.32
2025-01-01T10:01:52,94.35
2025-01-01T10:01:53,100.43
2025-01-01T10:01:54,97.73
2025-01-01T10:01:55,93.37
2025-01-01T10:01:56,91.06
2025-01-01T10:01:57,101.05
2025-01-01T10:01:58,108.42
2025-01-01T10:01:59,102.95
2025-01-01T10:02:00,95.94
2025-01-01T10:02:01,104.43
2025-01-01T10:02:02,99.71
2025-01-01T10:02:03,97.12
2025-01-01T10:02:04,92.0
2025-01-01T10:02:05,92.89
2025-01-01T10:02:06,98.58
2025-01-01T10:02:07,98.4
,102.5
2025-01-01T10:02:09,98.22
2025-01-01T10:02:10,95.84
2025-01-01T10:02:11,95.76
2025-01-01T10:02:12,96.18
,104.15
2025-01-01T10:02:14,92.04
2025-01-01T10:02:15,103.02
2025-01-01T10:02:16,96.69
2025-01-01T10:02:17,95.16
2025-01-01T10:02:18,91.14
2025-01-01T10:02:19,103.04
2025-01-01T10:02:20,103.96
2025-01-01T10:02:21,95.32
2025-01-01T10:02:22,109.3
2025-01-01T10:02:23,108.74
2025-01-01T10:02:24,98.22
2025-01-01T10:02:25,95.93
2025-01-01T10:02:26,111.12
2025-01-01T10:02:27,95.39
2025-01-01T10:02:28,
2025-01-01T10:02:29,100.16
2025-01-01T10:02:30,103.9
2025-01-01T10:02:31,109.04
2025-01-01T10:02:32,97.68
2025-01-01T10:02:33,95.59
2025-01-01T10:02:34,91.62
2025-01-01T10:02:35,105.83
2025-01-01T10:02:36,98.05
2025-01-01T10:02:37,95.79
2025-01-01T10:02:38,97.93
2025-01-01T10:02:39,105.28
2025-01-01T10:02:40,105.32
2025-01-01T10:02:41,96.43
2025-01-01T10:02:42,108.15
,98.05
2025-01-01T10:02:44,94.83
2025-01-01T10:02:45,98.16
2025-01-01T10:02:46,
2025-01-01T10:02:47,92.15
2025-01-01T10:02:48,102.62
2025-01-01T10:02:49,102.92
2025-01-01T10:02:50,
2025-01-01T10:02:51,100.17
2025-01-01T10:02:52,99.01
2025-01-01T10:02:53,111.87
2025-01-01T10:02:54,100.53
2025-01-01T10:02:55,110.31
2025-01-01T10:02:56,100.43
2025-01-01T10:02:57,107.65
2025-01-01T10:02:58,91.95
2025-01-01T10:02:59,96.87
2025-01-01T10:03:00,96.35
2025-01-01T10:03:01,105.83
2025-01-01T10:03:02,108.68
2025-01-01T10:03:03,99.97
2025-01-01T10:03:04,91.96
2025-01-01T10:03:05,94.43
2025-01-01T10:03:06,99.59
2025-01-01T10:03:07,98.3
2025-01-01T10:03:08,91.63
2025-01-01T10:03:09,104.52
2025-01-01T10:03:10,105.26
2025-01-01T10:03:11,101.73
2025-01-01T10:03:12,99.43
2025-01-01T10:03:13,97.31
2025-01-01T10:03:14,89.01
2025-01-01T10:03:15,107.95
2025-01-01T10:03:16,107.34
2025-01-01T10:03:17,93.83
2025-01-01T10:03:18,95.87
2025-01-01T10:03:19,104.93
2025-01-01T10:03:20,102.44
2025-01-01T10:03:21,101.27
2025-01-01T10:03:22,101.17
2025-01-01T10:03:23,97.98
2025-01-01T10:03:24,96.33
2025-01-01T10:03:25,100.34
2025-01-01T10:03:26,99.4
2025-01-01T10:03:27,100.89
2025-01-01T10:03:28,107.62
2025-01-01T10:03:29,100.5
2025-01-01T10:03:30,102.43
2025-01-01T10:03:31,99.57
2025-01-01T10:03:32,97.23
2025-01-01T10:03:33,106.12
2025-01-01T10:03:34,100.55
2025-01-01T10:03:35,101.31
2025-01-01T10:03:36,103.12
2025-01-01T10:03:37,94.81
2025-01-01T10:03:38,103.16
2025-01-01T10:03:39,98.69
2025-01-01T10:03:40,102.41
2025-01-01T10:03:41,88.17
2025-01-01T10:03:42,102.79
2025-01-01T10:03:43,96.84
2025-01-01T10:03:44,89.01
2025-01-01T10:03:45,105.1
2025-01-01T10:03:46,100.31
2025-01-01T10:03:47,100.57
2025-01-01T10:03:48,103.55
2025-01-01T10:03:49,100.39
2025-01-01T10:03:50,98.49
2025-01-01T10:03:51,92.89
2025-01-01T10:03:52,100.01
2025-01-01T10:03:53,107.59
2025-01-01T10:03:54,99.12
2025-01-01T10:03:55,101.71
2025-01-01T10:03:56,103.02
2025-01-01T10:03:57,90.27
2025-01-01T10:03:58,97.72
2025-01-01T10:03:59,104.62
2025-01-01T10:04:00,104.78
2025-01-01T10:04:01,103.97
2025-01-01T10:04:02,100.24
2025-01-01T10:04:03,97.04
2025-01-01T10:04:04,100.03
2025-01-01T10:04:05,92.79
2025-01-01T10:04:06,106.73
2025-01-01T10:04:07,91.33
2025-01-01T10:04:08,94.44
2025-01-01T10:04:09,100.89
2025-01-01T10:04:10,98.16
2025-01-01T10:04:11,99.73
2025-01-01T10:04:12,97.6
2025-01-01T10:04:13,109.01
2025-01-01T10:04:14,100.59
2025-01-01T10:04:15,94.79
2025-01-01T10:04:16,103.21
2025-01-01T10:04:17,98.57
2025-01-01T10:04:18,98.43
2025-01-01T10:04:19,
2025-01-01T10:04:20,97.41
2025-01-01T10:04:21,100.08
2025-01-01T10:04:22,102.19
2025-01-01T10:04:23,100.14
2025-01-01T10:04:24,101.33
2025-01-01T10:04:25,109.11
2025-01-01T10:04:26,104.57
2025-01-01T10:04:27,102.53
2025-01-01T10:04:28,106.41
2025-01-01T10:04:29,100.97
2025-01-01T10:04:30,102.77
2025-01-01T10:04:31,96.8
2025-01-01T10:04:32,98.93
2025-01-01T10:04:33,98.54
2025-01-01T10:04:34,90.62
2025-01-01T10:04:35,95.84
2025-01-01T10:04:36,103.4
2025-01-01T10:04:37,105.09
2025-01-01T10:04:38,102.43
2025-01-01T10:04:39,99.41
2025-01-01T10:04:40,87.96
2025-01-01T10:04:41,105.12
2025-01-01T10:04:42,94.55
2025-01-01T10:04:43,99.07
2025-01-01T10:04:44,103.75
2025-01-01T10:04:45,99.16
2025-01-01T10:04:46,94.53
2025-01-01T10:04:47,95.5
2025-01-01T10:04:48,98.23
2025-01-01T10:04:49,97.56
2025-01-01T10:04:50,106.63
2025-01-01T10:04:51,94.82
2025-01-01T10:04:52,102.5
,101.24
2025-01-01T10:04:54,98.74
2025-01-01T10:04:55,106.59
2025-01-01T10:04:56,100.32
2025-01-01T10:04:57,109.83
2025-01-01T10:04:58,101.95
2025-01-01T10:04:59,97.2
2025-01-01T10:05:00,105.03
2025-01-01T10:05:01,
2025-01-01T10:05:02,100.69
2025-01-01T10:05:03,95.52
2025-01-01T10:05:04,107.44
2025-01-01T10:05:05,104.28
2025-01-01T10:05:06,94.67
2025-01-01T10:05:07,97.23
2025-01-01T10:05:08,99.47
2025-01-01T10:05:09,98.8
2025-01-01T10:05:10,95.8
2025-01-01T10:05:11,101.65
2025-01-01T10:05:12,95.6
2025-01-01T10:05:13,96.51
2025-01-01T10:05:14,100.36
2025-01-01T10:05:15,97.39
2025-01-01T10:05:16,94.99
2025-01-01T10:05:17,105.67
2025-01-01T10:05:18,109.18
2025-01-01T10:05:19,107.95
2025-01-01T10:05:20,107.75
2025-01-01T10:05:21,98.73
2025-01-01T10:05:22,106.68
2025-01-01T10:05:23,104.56
2025-01-01T10:05:24,93.84
2025-01-01T10:05:25,104.98
2025-01-01T10:05:26,104.43
2025-01-01T10:05:27,105.82
2025-01-01T10:05:28,100.67
2025-01-01T10:05:29,96.91
2025-01-01T10:05:30,102.66
2025-01-01T10:05:31,94.58
2025-01-01T10:05:32,100.13
2025-01-01T10:05:33,101.8
2025-01-01T10:05:34,101.11
,104.45
2025-01-01T10:05:36,103.56
2025-01-01T10:05:37,103.77
2025-01-01T10:05:38,102.63
2025-01-01T10:05:39,103.45
2025-01-01T10:05:40,
2025-01-01T10:05:41,100.99
2025-01-01T10:05:42,98.51
2025-01-01T10:05:43,101.65
2025-01-01T10:05:44,108.76
2025-01-01T10:05:45,95.71
2025-01-01T10:05:46,
2025-01-01T10:05:47,96.93
2025-01-01T10:05:48,101.17
2025-01-01T10:05:49,104.44
2025-01-01T10:05:50,97.08
2025-01-01T10:05:51,100.91
2025-01-01T10:05:52,98.87
2025-01-01T10:05:53,95.14
2025-01-01T10:05:54,103.03
2025-01-01T10:05:55,92.99
2025-01-01T10:05:56,99.33
2025-01-01T10:05:57,99.04
2025-01-01T10:05:58,92.16
2025-01-01T10:05:59,100.86
2025-01-01T10:06:00,101.59
2025-01-01T10:06:01,95.52
2025-01-01T10:06:02,96.82
2025-01-01T10:06:03,97.57
2025-01-01T10:06:04,98.18
2025-01-01T10:06:05,97.76
2025-01-01T10:06:06,97.97
2025-01-01T10:06:07,98.93
2025-01-01T10:06:08,98.08
2025-01-01T10:06:09,97.56
2025-01-01T10:06:10,97.63
2025-01-01T10:06:11,99.02
2025-01-01T10:06:12,96.32
2025-01-01T10:06:13,103.14
2025-01-01T10:06:14,98.51
2025-01-01T10:06:15,95.78
2025-01-01T10:06:16,102.85
2025-01-01T10:06:17,91.61
2025-01-01T10:06:18,95.89
2025-01-01T10:06:19,100.1
2025-01-01T10:06:20,97.71
2025-01-01T10:06:21,100.36
2025-01-01T10:06:22,97.57
2025-01-01T10:06:23,103.0
2025-01-01T10:06:24,108.09
2025-01-01T10:06:25,100.73
2025-01-01T10:06:26,97.35
2025-01-01T10:06:27,96.93
2025-01-01T10:06:28,103.29
2025-01-01T10:06:29,106.13
2025-01-01T10:06:30,103.97
2025-01-01T10:06:31,97.6
2025-01-01T10:06:32,97.94
2025-01-01T10:06:33,100.6
2025-01-01T10:06:34,95.43
2025-01-01T10:06:35,106.03
,105.92
2025-01-01T10:06:37,99.99
2025-01-01T10:06:38,99.38
2025-01-01T10:06:39,105.02
2025-01-01T10:06:40,100.1
2025-01-01T10:06:41,99.37
2025-01-01T10:06:42,94.85
2025-01-01T10:06:43,106.04
2025-01-01T10:06:44,97.03
2025-01-01T10:06:45,104.58
2025-01-01T10:06:46,102.95
2025-01-01T10:06:47,104.93
2025-01-01T10:06:48,102.78
2025-01-01T10:06:49,93.19
2025-01-01T10:06:50,100.6
2025-01-01T10:06:51,97.87
2025-01-01T10:06:52,102.56
2025-01-01T10:06:53,104.98
2025-01-01T10:06:54,106.32
2025-01-01T10:06:55,97.23
2025-01-01T10:06:56,102.5
2025-01-01T10:06:57,91.59
2025-01-01T10:06:58,101.16
2025-01-01T10:06:59,99.98
2025-01-01T10:07:00,94.67
2025-01-01T10:07:01,99.35
2025-01-01T10:07:02,98.26
2025-01-01T10:07:03,91.16
2025-01-01T10:07:04,102.93
2025-01-01T10:07:05,92.55
2025-01-01T10:07:06,100.11
2025-01-01T10:07:07,
2025-01-01T10:07:08,98.75
2025-01-01T10:07:09,106.76
2025-01-01T10:07:10,89.98
2025-01-01T10:07:11,97.99
2025-01-01T10:07:12,102.07
2025-01-01T10:07:13,105.7
2025-01-01T10:07:14,103.28
2025-01-01T10:07:15,105.07
2025-01-01T10:07:16,102.9
2025-01-01T10:07:17,99.5
2025-01-01T10:07:18,94.41
2025-01-01T10:07:19,99.03
2025-01-01T10:07:20,
2025-01-01T10:07:21,103.09
2025-01-01T10:07:22,93.02
2025-01-01T10:07:23,92.9
2025-01-01T10:07:24,103.4
2025-01-01T10:07:25,95.75
2025-01-01T10:07:26,100.77
2025-01-01T10:07:27,102.62
2025-01-01T10:07:28,94.51
2025-01-01T10:07:29,101.64
2025-01-01T10:07:30,102.72
2025-01-01T10:07:31,93.82
2025-01-01T10:07:32,
2025-01-01T10:07:33,109.92
2025-01-01T10:07:34,97.43
2025-01-01T10:07:35,99.63
2025-01-01T10:07:36,102.72
2025-01-01T10:07:37,94.36
2025-01-01T10:07:38,98.57
2025-01-01T10:07:39,102.81
2025-01-01T10:07:40,96.44
2025-01-01T10:07:41,95.6
2025-01-01T10:07:42,104.3
2025-01-01T10:07:43,95.39
2025-01-01T10:07:44,98.79
2025-01-01T10:07:45,94.46
2025-01-01T10:07:46,89.86
2025-01-01T10:07:47,104.46
2025-01-01T10:07:48,103.37
2025-01-01T10:07:49,101.54
2025-01-01T10:07:50,107.44
,98.79
2025-01-01T10:07:52,96.74
2025-01-01T10:07:53,104.69
2025-01-01T10:07:54,97.13
2025-01-01T10:07:55,93.08
2025-01-01T10:07:56,98.38
,103.98
2025-01-01T10:07:58,101.27
2025-01-01T10:07:59,102.91
2025-01-01T10:08:00,100.99
2025-01-01T10:08:01,97.1
2025-01-01T10:08:02,89.99
2025-01-01T10:08:03,96.81
2025-01-01T10:08:04,99.57
2025-01-01T10:08:05,102.38
2025-01-01T10:08:06,97.71
2025-01-01T10:08:07,88.86
2025-01-01T10:08:08,102.23
2025-01-01T10:08:09,97.33
2025-01-01T10:08:10,107.91
2025-01-01T10:08:11,98.44
2025-01-01T10:08:12,110.12
2025-01-01T10:08:13,102.56
2025-01-01T10:08:14,95.19
2025-01-01T10:08:15,98.3
2025-01-01T10:08:16,97.87
2025-01-01T10:08:17,96.58
2025-01-01T10:08:18,106.91
2025-01-01T10:08:19,103.46
2025-01-01T10:08:20,98.43
2025-01-01T10:08:21,102.72
2025-01-01T10:08:22,96.52
2025-01-01T10:08:23,98.88
2025-01-01T10:08:24,109.15
2025-01-01T10:08:25,96.72
2025-01-01T10:08:26,98.89
2025-01-01T10:08:27,101.47
2025-01-01T10:08:28,101.92
2025-01-01T10:08:29,98.79
2025-01-01T10:08:30,94.93
2025-01-01T10:08:31,105.64
2025-01-01T10:08:32,103.43
2025-01-01T10:08:33,105.63
2025-01-01T10:08:34,97.6
2025-01-01T10:08:35,105.68
2025-01-01T10:08:36,104.3
2025-01-01T10:08:37,101.45
2025-01-01T10:08:38,93.79
2025-01-01T10:08:39,95.72
2025-01-01T10:08:40,102.53
2025-01-01T10:08:41,105.61
2025-01-01T10:08:42,99.55
2025-01-01T10:08:43,96.96
2025-01-01T10:08:44,95.47
2025-01-01T10:08:45,95.12
2025-01-01T10:08:46,95.35
2025-01-01T10:08:47,98.16
2025-01-01T10:08:48,99.16
2025-01-01T10:08:49,95.83
2025-01-01T10:08:50,107.54
2025-01-01T10:08:51,99.93
2025-01-01T10:08:52,
2025-01-01T10:08:53,96.71
2025-01-01T10:08:54,105.2
2025-01-01T10:08:55,91.48
2025-01-01T10:08:56,105.48
2025-01-01T10:08:57,103.11
2025-01-01T10:08:58,95.41
2025-01-01T10:08:59,100.76
2025-01-01T10:09:00,95.39
2025-01-01T10:09:01,101.51
2025-01-01T10:09:02,107.95
2025-01-01T10:09:03,87.92
2025-01-01T10:09:04,99.12
2025-01-01T10:09:05,
2025-01-01T10:09:06,97.64
,98.28
2025-01-01T10:09:08,110.46
2025-01-01T10:09:09,92.04
2025-01-01T10:09:10,104.38
2025-01-01T10:09:11,101.24
2025-01-01T10:09:12,103.95
2025-01-01T10:09:13,98.83
2025-01-01T10:09:14,103.96
2025-01-01T10:09:15,105.7
2025-01-01T10:09:16,105.34
2025-01-01T10:09:17,96.78
2025-01-01T10:09:18,100.32
2025-01-01T10:09:19,94.42
2025-01-01T10:09:20,102.45
2025-01-01T10:09:21,105.86
2025-01-01T10:09:22,105.25
2025-01-01T10:09:23,96.3
2025-01-01T10:09:24,98.62
2025-01-01T10:09:25,99.22
2025-01-01T10:09:26,90.3
2025-01-01T10:09:27,97.41
2025-01-01T10:09:28,106.88
2025-01-01T10:09:29,110.06
2025-01-01T10:09:30,105.66
2025-01-01T10:09:31,88.41
2025-01-01T10:09:32,95.55
2025-01-01T10:09:33,98.24
2025-01-01T10:09:34,99.92
2025-01-01T10:09:35,95.83
2025-01-01T10:09:36,97.26
2025-01-01T10:09:37,92.83
2025-01-01T10:09:38,94.48
2025-01-01T10:09:39,97.42
2025-01-01T10:09:40,105.83
2025-01-01T10:09:41,98.32
2025-01-01T10:09:42,96.45
2025-01-01T10:09:43,
2025-01-01T10:09:44,101.21
2025-01-01T10:09:45,91.59
2025-01-01T10:09:46,
2025-01-01T10:09:47,102.81
2025-01-01T10:09:48,95.28
2025-01-01T10:09:49,94.01
2025-01-01T10:09:50,99.28
2025-01-01T10:09:51,
2025-01-01T10:09:52,102.07
2025-01-01T10:09:53,103.97
2025-01-01T10:09:54,100.9
2025-01-01T10:09:55,96.64
2025-01-01T10:09:56,100.42
2025-01-01T10:09:57,
2025-01-01T10:09:58,100.44
2025-01-01T10:09:59,104.95
2025-01-01T10:10:00,89.35
2025-01-01T10:10:01,
2025-01-01T10:10:02,102.85
2025-01-01T10:10:03,104.47
2025-01-01T10:10:04,97.63
2025-01-01T10:10:05,93.09
2025-01-01T10:10:06,91.64
2025-01-01T10:10:07,105.77
2025-01-01T10:10:08,102.77
2025-01-01T10:10:09,95.87
2025-01-01T10:10:10,95.16
2025-01-01T10:10:11,117.07
2025-01-01T10:10:12,98.85
2025-01-01T10:10:13,104.24
2025-01-01T10:10:14,108.18
2025-01-01T10:10:15,97.48
2025-01-01T10:10:16,95.62
2025-01-01T10:10:17,107.14
2025-01-01T10:10:18,93.95
2025-01-01T10:10:19,97.39
2025-01-01T10:10:20,92.45
2025-01-01T10:10:21,97.14
2025-01-01T10:10:22,98.44
2025-01-01T10:10:23,93.62
2025-01-01T10:10:24,101.32
2025-01-01T10:10:25,104.57
2025-01-01T10:10:26,103.76
2025-01-01T10:10:27,98.8
2025-01-01T10:10:28,98.85
2025-01-01T10:10:29,102.09
2025-01-01T10:10:30,96.24
2025-01-01T10:10:31,
2025-01-01T10:10:32,106.65
2025-01-01T10:10:33,94.79
2025-01-01T10:10:34,97.47
2025-01-01T10:10:35,102.83
2025-01-01T10:10:36,96.52
,97.45
2025-01-01T10:10:38,94.34
2025-01-01T10:10:39,99.92
2025-01-01T10:10:40,85.11
2025-01-01T10:10:41,104.1
2025-01-01T10:10:42,92.77
,
2025-01-01T10:10:44,98.81
2025-01-01T10:10:45,90.45
2025-01-01T10:10:46,100.49
2025-01-01T10:10:47,99.29
2025-01-01T10:10:48,98.25
2025-01-01T10:10:49,105.79
2025-01-01T10:10:50,97.99
2025-01-01T10:10:51,91.53
2025-01-01T10:10:52,103.26
2025-01-01T10:10:53,104.53
2025-01-01T10:10:54,93.72
2025-01-01T10:10:55,104.56
2025-01-01T10:10:56,97.78
2025-01-01T10:10:57,102.61
2025-01-01T10:10:58,105.94
2025-01-01T10:10:59,100.58
2025-01-01T10:11:00,102.3
2025-01-01T10:11:01,90.12
2025-01-01T10:11:02,99.74
2025-01-01T10:11:03,
2025-01-01T10:11:04,103.47
2025-01-01T10:11:05,101.08
2025-01-01T10:11:06,95.79
2025-01-01T10:11:07,97.99
2025-01-01T10:11:08,99.95
2025-01-01T10:11:09,98.26
2025-01-01T10:11:10,
2025-01-01T10:11:11,103.22
2025-01-01T10:11:12,102.46
2025-01-01T10:11:13,104.87
2025-01-01T10:11:14,103.59
2025-01-01T10:11:15,97.34
2025-01-01T10:11:16,96.51
,96.5
2025-01-01T10:11:18,95.54
2025-01-01T10:11:19,90.76
2025-01-01T10:11:20,103.95
2025-01-01T10:11:21,101.41
2025-01-01T10:11:22,95.64
2025-01-01T10:11:23,103.17
2025-01-01T10:11:24,93.63
2025-01-01T10:11:25,101.67
2025-01-01T10:11:26,107.59
2025-01-01T10:11:27,95.1
2025-01-01T10:11:28,99.96
2025-01-01T10:11:29,92.93
2025-01-01T10:11:30,99.24
2025-01-01T10:11:31,95.49
2025-01-01T10:11:32,109.62
2025-01-01T10:11:33,98.49
2025-01-01T10:11:34,113.1
2025-01-01T10:11:35,107.24
2025-01-01T10:11:36,103.58
2025-01-01T10:11:37,100.89
2025-01-01T10:11:38,94.33
2025-01-01T10:11:39,99.07
2025-01-01T10:11:40,101.6
2025-01-01T10:11:41,96.5
,96.72
2025-01-01T10:11:43,106.35
2025-01-01T10:11:44,97.57
2025-01-01T10:11:45,105.53
2025-01-01T10:11:46,96.44
2025-01-01T10:11:47,94.2
2025-01-01T10:11:48,104.06
2025-01-01T10:11:49,102.9
2025-01-01T10:11:50,95.67
2025-01-01T10:11:51,102.18
2025-01-01T10:11:52,94.43
2025-01-01T10:11:53,108.58
2025-01-01T10:11:54,111.75
2025-01-01T10:11:55,108.06
2025-01-01T10:11:56,98.47
,99.8
2025-01-01T10:11:58,101.83
2025-01-01T10:11:59,105.76
2025-01-01T10:12:00,102.33
2025-01-01T10:12:01,94.96
2025-01-01T10:12:02,100.04
2025-01-01T10:12:03,102.98
2025-01-01T10:12:04,102.75
2025-01-01T10:12:05,94.79
2025-01-01T10:12:06,110.16
2025-01-01T10:12:07,99.25
2025-01-01T10:12:08,100.07
2025-01-01T10:12:09,99.1
2025-01-01T10:12:10,105.13
2025-01-01T10:12:11,97.7
2025-01-01T10:12:12,100.77
2025-01-01T10:12:13,94.88
2025-01-01T10:12:14,101.68
2025-01-01T10:12:15,90.54
2025-01-01T10:12:16,103.57
2025-01-01T10:12:17,97.69
2025-01-01T10:12:18,103.1
2025-01-01T10:12:19,98.1
2025-01-01T10:12:20,101.72
2025-01-01T10:12:21,109.43
,102.62
2025-01-01T10:12:23,97.29
2025-01-01T10:12:24,97.36
2025-01-01T10:12:25,97.16
2025-01-01T10:12:26,107.88
2025-01-01T10:12:27,104.16
2025-01-01T10:12:28,
2025-01-01T10:12:29,100.06
2025-01-01T10:12:30,96.71
2025-01-01T10:12:31,103.29
2025-01-01T10:12:32,108.8
2025-01-01T10:12:33,101.75
2025-01-01T10:12:34,92.97
2025-01-01T10:12:35,103.52
2025-01-01T10:12:36,98.23
2025-01-01T10:12:37,103.53
2025-01-01T10:12:38,100.46
2025-01-01T10:12:39,93.3
2025-01-01T10:12:40,98.4
2025-01-01T10:12:41,92.3
2025-01-01T10:12:42,102.7
2025-01-01T10:12:43,99.67
2025-01-01T10:12:44,98.92
2025-01-01T10:12:45,103.51
2025-01-01T10:12:46,106.1
2025-01-01T10:12:47,102.02
2025-01-01T10:12:48,103.08
2025-01-01T10:12:49,103.65
2025-01-01T10:12:50,100.12
2025-01-01T10:12:51,107.4
2025-01-01T10:12:52,88.1
2025-01-01T10:12:53,95.8
2025-01-01T10:12:54,100.93
2025-01-01T10:12:55,113.34
,110.6
2025-01-01T10:12:57,95.18
2025-01-01T10:12:58,101.28
2025-01-01T10:12:59,106.5
2025-01-01T10:13:00,99.86
2025-01-01T10:13:01,92.4
2025-01-01T10:13:02,102.94
2025-01-01T10:13:03,99.13
2025-01-01T10:13:04,96.49
2025-01-01T10:13:05,92.01
2025-01-01T10:13:06,94.94
2025-01-01T10:13:07,92.97
2025-01-01T10:13:08,105.35
2025-01-01T10:13:09,99.97
,102.88
2025-01-01T10:13:11,97.2
2025-01-01T10:13:12,100.69
2025-01-01T10:13:13,100.52
2025-01-01T10:13:14,103.22
2025-01-01T10:13:15,96.02
2025-01-01T10:13:16,105.86
,100.28
2025-01-01T10:13:18,99.59
2025-01-01T10:13:19,89.32
2025-01-01T10:13:20,99.49
2025-01-01T10:13:21,92.42
2025-01-01T10:13:22,98.18
2025-01-01T10:13:23,107.74
2025-01-01T10:13:24,100.92
2025-01-01T10:13:25,98.9
2025-01-01T10:13:26,103.27
2025-01-01T10:13:27,107.92
2025-01-01T10:13:28,96.78
2025-01-01T10:13:29,90.13
2025-01-01T10:13:30,101.55
2025-01-01T10:13:31,104.34
2025-01-01T10:13:32,99.87
2025-01-01T10:13:33,108.13
2025-01-01T10:13:34,106.82
2025-01-01T10:13:35,108.0
2025-01-01T10:13:36,107.19
2025-01-01T10:13:37,93.87
2025-01-01T10:13:38,95.31
2025-01-01T10:13:39,110.24
2025-01-01T10:13:40,101.3
2025-01-01T10:13:41,104.08
2025-01-01T10:13:42,97.06
,104.32
2025-01-01T10:13:44,93.05
2025-01-01T10:13:45,103.58
2025-01-01T10:13:46,94.07
2025-01-01T10:13:47,90.72
2025-01-01T10:13:48,94.31
2025-01-01T10:13:49,104.24
2025-01-01T10:13:50,101.36
2025-01-01T10:13:51,98.26
2025-01-01T10:13:52,102.48
2025-01-01T10:13:53,105.16
2025-01-01T10:13:54,98.21
2025-01-01T10:13:55,98.99
2025-01-01T10:13:56,104.14
2025-01-01T10:13:57,107.02
2025-01-01T10:13:58,96.15
2025-01-01T10:13:59,92.94
2025-01-01T10:14:00,105.71
2025-01-01T10:14:01,96.95
2025-01-01T10:14:02,92.38
2025-01-01T10:14:03,99.39
,
2025-01-01T10:14:05,113.95
2025-01-01T10:14:06,106.19
2025-01-01T10:14:07,91.29
2025-01-01T10:14:08,99.29
2025-01-01T10:14:09,111.25
2025-01-01T10:14:10,98.66
2025-01-01T10:14:11,95.77
2025-01-01T10:14:12,99.01
2025-01-01T10:14:13,100.37
2025-01-01T10:14:14,96.58
2025-01-01T10:14:15,105.09
2025-01-01T10:14:16,102.81
2025-01-01T10:14:17,103.82
2025-01-01T10:14:18,105.11
2025-01-01T10:14:19,99.25
2025-01-01T10:14:20,98.55
2025-01-01T10:14:21,98.72
2025-01-01T10:14:22,99.85
,94.28
2025-01-01T10:14:24,88.41
2025-01-01T10:14:25,100.01
2025-01-01T10:14:26,95.4
2025-01-01T10:14:27,108.29
2025-01-01T10:14:28,101.67
2025-01-01T10:14:29,101.81
2025-01-01T10:14:30,105.79
2025-01-01T10:14:31,104.8
2025-01-01T10:14:32,95.12
2025-01-01T10:14:33,101.92
2025-01-01T10:14:34,101.17
2025-01-01T10:14:35,103.69
2025-01-01T10:14:36,99.89
2025-01-01T10:14:37,93.53
2025-01-01T10:14:38,94.55
2025-01-01T10:14:39,93.96
2025-01-01T10:14:40,101.65
2025-01-01T10:14:41,101.88
2025-01-01T10:14:42,87.03
2025-01-01T10:14:43,93.78
2025-01-01T10:14:44,92.23
2025-01-01T10:14:45,108.14
2025-01-01T10:14:46,109.81
2025-01-01T10:14:47,105.49
2025-01-01T10:14:48,95.25
2025-01-01T10:14:49,106.09
2025-01-01T10:14:50,102.56
2025-01-01T10:14:51,93.04
2025-01-01T10:14:52,100.72
2025-01-01T10:14:53,98.98
2025-01-01T10:14:54,94.29
2025-01-01T10:14:55,87.14
2025-01-01T10:14:56,96.95
2025-01-01T10:14:57,106.29
2025-01-01T10:14:58,96.42
2025-01-01T10:14:59,105.11
2025-01-01T10:15:00,
2025-01-01T10:15:01,97.07
2025-01-01T10:15:02,108.89
2025-01-01T10:15:03,104.19
2025-01-01T10:15:04,
2025-01-01T10:15:05,99.0
2025-01-01T10:15:06,93.21
2025-01-01T10:15:07,103.12
2025-01-01T10:15:08,94.01
2025-01-01T10:15:09,92.2
2025-01-01T10:15:10,109.21
2025-01-01T10:15:11,108.19
2025-01-01T10:15:12,92.92
2025-01-01T10:15:13,
2025-01-01T10:15:14,99.77
2025-01-01T10:15:15,104.67
,97.69
2025-01-01T10:15:17,103.93
2025-01-01T10:15:18,99.49
2025-01-01T10:15:19,104.02
2025-01-01T10:15:20,106.48
2025-01-01T10:15:21,98.63
2025-01-01T10:15:22,93.23
2025-01-01T10:15:23,97.4
2025-01-01T10:15:24,96.22
2025-01-01T10:15:25,108.99
2025-01-01T10:15:26,96.63
2025-01-01T10:15:27,102.73
2025-01-01T10:15:28,91.71
2025-01-01T10:15:29,111.89
2025-01-01T10:15:30,
2025-01-01T10:15:31,97.52
2025-01-01T10:15:32,96.07
2025-01-01T10:15:33,92.97
2025-01-01T10:15:34,
2025-01-01T10:15:35,94.7
2025-01-01T10:15:36,107.05
2025-01-01T10:15:37,95.07
2025-01-01T10:15:38,105.34
2025-01-01T10:15:39,107.66
2025-01-01T10:15:40,95.47
2025-01-01T10:15:41,100.36
2025-01-01T10:15:42,103.82
2025-01-01T10:15:43,94.59
2025-01-01T10:15:44,94.77
2025-01-01T10:15:45,102.41
2025-01-01T10:15:46,102.66
2025-01-01T10:15:47,97.66
2025-01-01T10:15:48,101.33
2025-01-01T10:15:49,98.38
2025-01-01T10:15:50,102.35
2025-01-01T10:15:51,105.72
2025-01-01T10:15:52,92.62
2025-01-01T10:15:53,95.22
2025-01-01T10:15:54,106.0
2025-01-01T10:15:55,111.51
2025-01-01T10:15:56,103.19
2025-01-01T10:15:57,95.95
,91.3
2025-01-01T10:15:59,104.13
2025-01-01T10:16:00,102.1
2025-01-01T10:16:01,96.9
2025-01-01T10:16:02,100.63
2025-01-01T10:16:03,
2025-01-01T10:16:04,105.77
2025-01-01T10:16:05,90.52
2025-01-01T10:16:06,95.81
2025-01-01T10:16:07,104.43
2025-01-01T10:16:08,102.75
2025-01-01T10:16:09,102.89
2025-01-01T10:16:10,103.98
2025-01-01T10:16:11,100.98
2025-01-01T10:16:12,96.7
2025-01-01T10:16:13,102.67
2025-01-01T10:16:14,91.81
2025-01-01T10:16:15,107.69
2025-01-01T10:16:16,96.21
2025-01-01T10:16:17,102.58
2025-01-01T10:16:18,95.38
2025-01-01T10:16:19,100.48
2025-01-01T10:16:20,93.95
2025-01-01T10:16:21,105.74
2025-01-01T10:16:22,99.96
2025-01-01T10:16:23,99.65
2025-01-01T10:16:24,93.24
2025-01-01T10:16:25,103.25
2025-01-01T10:16:26,99.36
2025-01-01T10:16:27,108.79
2025-01-01T10:16:28,99.0
2025-01-01T10:16:29,98.12
2025-01-01T10:16:30,106.53
2025-01-01T10:16:31,92.31
2025-01-01T10:16:32,107.15
2025-01-01T10:16:33,101.73
2025-01-01T10:16:34,98.42
2025-01-01T10:16:35,98.84
2025-01-01T10:16:36,90.82
2025-01-01T10:16:37,100.07
2025-01-01T10:16:38,94.91
2025-01-01T10:16:39,95.66
2025-01-01T10:16:40,96.16
2025-01-01T10:16:41,96.57
2025-01-01T10:16:42,96.05
2025-01-01T10:16:43,103.3
2025-01-01T10:16:44,97.79
2025-01-01T10:16:45,93.79
2025-01-01T10:16:46,103.46
2025-01-01T10:16:47,107.43
2025-01-01T10:16:48,
2025-01-01T10:16:49,102.32
,106.12
2025-01-01T10:16:51,101.92
2025-01-01T10:16:52,100.63
2025-01-01T10:16:53,93.54
2025-01-01T10:16:54,98.04
2025-01-01T10:16:55,103.96
2025-01-01T10:16:56,101.01
2025-01-01T10:16:57,99.48
2025-01-01T10:16:58,101.85
2025-01-01T10:16:59,94.95
2025-01-01T10:17:00,96.48
2025-01-01T10:17:01,108.94
2025-01-01T10:17:02,95.06
2025-01-01T10:17:03,91.32
2025-01-01T10:17:04,97.01
2025-01-01T10:17:05,91.72
2025-01-01T10:17:06,96.45
2025-01-01T10:17:07,89.67
2025-01-01T10:17:08,100.65
2025-01-01T10:17:09,104.64
2025-01-01T10:17:10,95.29
2025-01-01T10:17:11,104.69
2025-01-01T10:17:12,101.79
2025-01-01T10:17:13,100.76
2025-01-01T10:17:14,94.51
2025-01-01T10:17:15,101.57
2025-01-01T10:17:16,100.59
2025-01-01T10:17:17,97.05
2025-01-01T10:17:18,104.81
2025-01-01T10:17:19,107.09
2025-01-01T10:17:20,91.2
2025-01-01T10:17:21,93.44
2025-01-01T10:17:22,104.1
2025-01-01T10:17:23,92.41
2025-01-01T10:17:24,106.38
2025-01-01T10:17:25,96.1
2025-01-01T10:17:26,105.21
2025-01-01T10:17:27,99.2
2025-01-01T10:17:28,99.72
2025-01-01T10:17:29,95.68
2025-01-01T10:17:30,104.47
2025-01-01T10:17:31,99.53
2025-01-01T10:17:32,94.18
2025-01-01T10:17:33,97.84
2025-01-01T10:17:34,85.69
2025-01-01T10:17:35,102.59
2025-01-01T10:17:36,91.33
2025-01-01T10:17:37,102.03
2025-01-01T10:17:38,103.53
2025-01-01T10:17:39,100.91
2025-01-01T10:17:40,94.97
2025-01-01T10:17:41,92.66
2025-01-01T10:17:42,93.05
2025-01-01T10:17:43,98.53
2025-01-01T10:17:44,105.97
2025-01-01T10:17:45,98.66
2025-01-01T10:17:46,102.05
2025-01-01T10:17:47,99.26
2025-01-01T10:17:48,101.04
2025-01-01T10:17:49,89.45
2025-01-01T10:17:50,102.59
2025-01-01T10:17:51,96.64
2025-01-01T10:17:52,93.18
2025-01-01T10:17:53,99.8
2025-01-01T10:17:54,91.25
2025-01-01T10:17:55,
2025-01-01T10:17:56,108.34
2025-01-01T10:17:57,104.98
2025-01-01T10:17:58,106.54
2025-01-01T10:17:59,102.44
2025-01-01T10:18:00,101.23
2025-01-01T10:18:01,99.04
2025-01-01T10:18:02,108.52
2025-01-01T10:18:03,102.65
2025-01-01T10:18:04,100.39
2025-01-01T10:18:05,102.26
2025-01-01T10:18:06,107.38
2025-01-01T10:18:07,94.03
2025-01-01T10:18:08,100.51
2025-01-01T10:18:09,105.41
2025-01-01T10:18:10,110.28
2025-01-01T10:18:11,104.07
2025-01-01T10:18:12,100.34
2025-01-01T10:18:13,92.8
2025-01-01T10:18:14,97.82
2025-01-01T10:18:15,91.34
2025-01-01T10:18:16,95.02
2025-01-01T10:18:17,99.28
2025-01-01T10:18:18,109.05
2025-01-01T10:18:19,96.78
2025-01-01T10:18:20,91.15
2025-01-01T10:18:21,98.49
2025-01-01T10:18:22,99.8
2025-01-01T10:18:23,108.7
2025-01-01T10:18:24,95.43
2025-01-01T10:18:25,99.28
2025-01-01T10:18:26,100.64
2025-01-01T10:18:27,98.46
2025-01-01T10:18:28,
2025-01-01T10:18:29,105.4
2025-01-01T10:18:30,81.14
2025-01-01T10:18:31,98.54
2025-01-01T10:18:32,97.57
2025-01-01T10:18:33,104.12
2025-01-01T10:18:34,94.93
2025-01-01T10:18:35,96.78
2025-01-01T10:18:36,102.72
2025-01-01T10:18:37,97.56
2025-01-01T10:18:38,93.21
2025-01-01T10:18:39,101.15
2025-01-01T10:18:40,107.25
2025-01-01T10:18:41,97.32
2025-01-01T10:18:42,90.81
2025-01-01T10:18:43,95.91
,93.37
2025-01-01T10:18:45,99.6
2025-01-01T10:18:46,100.01
2025-01-01T10:18:47,105.28
2025-01-01T10:18:48,93.99
2025-01-01T10:18:49,107.22
2025-01-01T10:18:50,100.87
2025-01-01T10:18:51,101.14
2025-01-01T10:18:52,100.97
2025-01-01T10:18:53,102.35
2025-01-01T10:18:54,97.47
2025-01-01T10:18:55,98.82
2025-01-01T10:18:56,96.54
2025-01-01T10:18:57,103.54
2025-01-01T10:18:58,105.16
2025-01-01T10:18:59,112.25
2025-01-01T10:19:00,105.77
2025-01-01T10:19:01,102.39
2025-01-01T10:19:02,98.5
2025-01-01T10:19:03,98.29
2025-01-01T10:19:04,102.94
2025-01-01T10:19:05,103.07
2025-01-01T10:19:06,101.76
2025-01-01T10:19:07,102.86
2025-01-01T10:19:08,92.42
2025-01-01T10:19:09,106.65
2025-01-01T10:19:10,87.54
2025-01-01T10:19:11,98.98
2025-01-01T10:19:12,95.54
2025-01-01T10:19:13,95.48
2025-01-01T10:19:14,100.38
2025-01-01T10:19:15,98.06
2025-01-01T10:19:16,96.86
2025-01-01T10:19:17,104.1
2025-01-01T10:19:18,106.9
2025-01-01T10:19:19,94.47
2025-01-01T10:19:20,95.61
2025-01-01T10:19:21,100.66
2025-01-01T10:19:22,98.05
2025-01-01T10:19:23,100.61
2025-01-01T10:19:24,109.69
2025-01-01T10:19:25,105.1
2025-01-01T10:19:26,99.97
2025-01-01T10:19:27,97.29
2025-01-01T10:19:28,114.16
2025-01-01T10:19:29,98.81
,98.41
2025-01-01T10:19:31,105.73
2025-01-01T10:19:32,99.76
2025-01-01T10:19:33,88.3
2025-01-01T10:19:34,93.3
2025-01-01T10:19:35,99.21
,
2025-01-01T10:19:37,102.62
2025-01-01T10:19:38,100.89
2025-01-01T10:19:39,95.72
2025-01-01T10:19:40,96.06
2025-01-01T10:19:41,102.71
2025-01-01T10:19:42,94.24
2025-01-01T10:19:43,96.41
2025-01-01T10:19:44,93.55
2025-01-01T10:19:45,96.31
2025-01-01T10:19:46,98.17
2025-01-01T10:19:47,94.33
2025-01-01T10:19:48,100.85
2025-01-01T10:19:49,113.93
2025-01-01T10:19:50,
2025-01-01T10:19:51,103.42
2025-01-01T10:19:52,98.85
2025-01-01T10:19:53,99.48
2025-01-01T10:19:54,104.48
2025-01-01T10:19:55,91.08
2025-01-01T10:19:56,92.39
,100.54
2025-01-01T10:19:58,100.21
2025-01-01T10:19:59,99.87
2025-01-01T10:20:00,98.64
2025-01-01T10:20:01,93.29
2025-01-01T10:20:02,96.32
2025-01-01T10:20:03,99.79
2025-01-01T10:20:04,106.72
2025-01-01T10:20:05,101.12
2025-01-01T10:20:06,97.46
,99.48
2025-01-01T10:20:08,111.39
2025-01-01T10:20:09,104.23
2025-01-01T10:20:10,99.12
2025-01-01T10:20:11,97.65
2025-01-01T10:20:12,97.07
2025-01-01T10:20:13,97.83
2025-01-01T10:20:14,101.0
2025-01-01T10:20:15,96.65
2025-01-01T10:20:16,106.46
2025-01-01T10:20:17,96.01
2025-01-01T10:20:18,107.08
2025-01-01T10:20:19,90.5
,93.0
2025-01-01T10:20:21,92.14
2025-01-01T10:20:22,96.76
2025-01-01T10:20:23,98.76
2025-01-01T10:20:24,107.73
2025-01-01T10:20:25,100.11
2025-01-01T10:20:26,97.51
2025-01-01T10:20:27,100.34
2025-01-01T10:20:28,91.83
2025-01-01T10:20:29,99.49
2025-01-01T10:20:30,103.96
2025-01-01T10:20:31,
2025-01-01T10:20:32,
2025-01-01T10:20:33,107.04
2025-01-01T10:20:34,105.91
2025-01-01T10:20:35,100.06
2025-01-01T10:20:36,105.31
2025-01-01T10:20:37,99.76
2025-01-01T10:20:38,97.29
2025-01-01T10:20:39,95.01
2025-01-01T10:20:40,98.62
2025-01-01T10:20:41,99.43
2025-01-01T10:20:42,89.83
2025-01-01T10:20:43,103.74
2025-01-01T10:20:44,101.85
2025-01-01T10:20:45,91.95
2025-01-01T10:20:46,97.84
2025-01-01T10:20:47,101.63
2025-01-01T10:20:48,108.97
2025-01-01T10:20:49,106.05
2025-01-01T10:20:50,106.86
2025-01-01T10:20:51,88.05
2025-01-01T10:20:52,99.15
2025-01-01T10:20:53,101.64
2025-01-01T10:20:54,93.05
2025-01-01T10:20:55,112.57
2025-01-01T10:20:56,103.9
2025-01-01T10:20:57,103.55
2025-01-01T10:20:58,94.22
2025-01-01T10:20:59,100.98
2025-01-01T10:21:00,101.19
2025-01-01T10:21:01,98.22
2025-01-01T10:21:02,104.15
2025-01-01T10:21:03,91.29
2025-01-01T10:21:04,95.8
2025-01-01T10:21:05,104.4
2025-01-01T10:21:06,107.98
2025-01-01T10:21:07,100.0
2025-01-01T10:21:08,106.86
2025-01-01T10:21:09,98.2
2025-01-01T10:21:10,97.77
2025-01-01T10:21:11,100.76
2025-01-01T10:21:12,106.13
2025-01-01T10:21:13,95.0
2025-01-01T10:21:14,94.83
2025-01-01T10:21:15,104.14
2025-01-01T10:21:16,105.3
2025-01-01T10:21:17,94.26
2025-01-01T10:21:18,99.93
2025-01-01T10:21:19,102.44
2025-01-01T10:21:20,94.64
2025-01-01T10:21:21,101.06
2025-01-01T10:21:22,102.4
2025-01-01T10:21:23,100.56
2025-01-01T10:21:24,96.19
,101.15
2025-01-01T10:21:26,107.07
2025-01-01T10:21:27,103.27
2025-01-01T10:21:28,94.17
2025-01-01T10:21:29,99.28
2025-01-01T10:21:30,104.91
2025-01-01T10:21:31,98.78
2025-01-01T10:21:32,93.2
2025-01-01T10:21:33,108.93
2025-01-01T10:21:34,93.79
2025-01-01T10:21:35,91.49
2025-01-01T10:21:36,106.34
2025-01-01T10:21:37,103.38
2025-01-01T10:21:38,90.86
,105.63
2025-01-01T10:21:40,98.15
2025-01-01T10:21:41,105.52
2025-01-01T10:21:42,99.2
2025-01-01T10:21:43,104.86
2025-01-01T10:21:44,98.37
2025-01-01T10:21:45,
2025-01-01T10:21:46,98.86
2025-01-01T10:21:47,96.22
2025-01-01T10:21:48,100.84
,102.2
2025-01-01T10:21:50,105.33
2025-01-01T10:21:51,94.95
2025-01-01T10:21:52,107.4
,95.39
,90.99
2025-01-01T10:21:55,95.7
2025-01-01T10:21:56,93.75
2025-01-01T10:21:57,104.04
2025-01-01T10:21:58,100.27
2025-01-01T10:21:59,100.46
2025-01-01T10:22:00,92.87
2025-01-01T10:22:01,96.32
2025-01-01T10:22:02,108.05
2025-01-01T10:22:03,100.96
2025-01-01T10:22:04,93.66
2025-01-01T10:22:05,103.07
2025-01-01T10:22:06,94.71
2025-01-01T10:22:07,97.77
2025-01-01T10:22:08,95.88
2025-01-01T10:22:09,99.72
2025-01-01T10:22:10,93.76
2025-01-01T10:22:11,102.04
2025-01-01T10:22:12,99.96
2025-01-01T10:22:13,108.76
2025-01-01T10:22:14,96.57
2025-01-01T10:22:15,95.24
2025-01-01T10:22:16,102.47
2025-01-01T10:22:17,102.32
2025-01-01T10:22:18,98.01
2025-01-01T10:22:19,98.98
2025-01-01T10:22:20,106.08
2025-01-01T10:22:21,99.18
2025-01-01T10:22:22,98.49
2025-01-01T10:22:23,99.43
2025-01-01T10:22:24,101.4
2025-01-01T10:22:25,102.39
2025-01-01T10:22:26,102.07
2025-01-01T10:22:27,98.13
2025-01-01T10:22:28,91.38
2025-01-01T10:22:29,103.85
2025-01-01T10:22:30,100.47
2025-01-01T10:22:31,93.37
2025-01-01T10:22:32,109.03
2025-01-01T10:22:33,95.39
2025-01-01T10:22:34,98.9
2025-01-01T10:22:35,107.48
2025-01-01T10:22:36,104.04
2025-01-01T10:22:37,91.72
2025-01-01T10:22:38,104.4
2025-01-01T10:22:39,94.2
2025-01-01T10:22:40,91.99
2025-01-01T10:22:41,98.27
2025-01-01T10:22:42,100.23
2025-01-01T10:22:43,101.1
2025-01-01T10:22:44,99.17
2025-01-01T10:22:45,109.44
2025-01-01T10:22:46,96.46
2025-01-01T10:22:47,96.51
2025-01-01T10:22:48,105.99
2025-01-01T10:22:49,100.42
,96.73
2025-01-01T10:22:51,104.23
2025-01-01T10:22:52,100.0
2025-01-01T10:22:53,108.64
2025-01-01T10:22:54,105.3
2025-01-01T10:22:55,96.95
2025-01-01T10:22:56,
2025-01-01T10:22:57,93.22
2025-01-01T10:22:58,100.44
2025-01-01T10:22:59,98.22
2025-01-01T10:23:00,85.34
2025-01-01T10:23:01,96.34
2025-01-01T10:23:02,102.27
2025-01-01T10:23:03,92.66
2025-01-01T10:23:04,92.53
2025-01-01T10:23:05,103.42
2025-01-01T10:23:06,96.41
2025-01-01T10:23:07,
2025-01-01T10:23:08,94.71
2025-01-01T10:23:09,95.19
2025-01-01T10:23:10,98.4
2025-01-01T10:23:11,103.98
2025-01-01T10:23:12,95.96
2025-01-01T10:23:13,92.8
2025-01-01T10:23:14,101.19
2025-01-01T10:23:15,94.61
2025-01-01T10:23:16,93.35
2025-01-01T10:23:17,93.26
2025-01-01T10:23:18,106.06
2025-01-01T10:23:19,91.18
2025-01-01T10:23:20,110.87
2025-01-01T10:23:21,99.37
2025-01-01T10:23:22,111.3
2025-01-01T10:23:23,103.76
2025-01-01T10:23:24,95.63
2025-01-01T10:23:25,96.26
2025-01-01T10:23:26,104.05
2025-01-01T10:23:27,97.15
2025-01-01T10:23:28,102.66
2025-01-01T10:23:29,101.8
2025-01-01T10:23:30,101.81
2025-01-01T10:23:31,
2025-01-01T10:23:32,99.97
2025-01-01T10:23:33,100.4
2025-01-01T10:23:34,102.81
,
2025-01-01T10:23:36,98.15
2025-01-01T10:23:37,98.55
2025-01-01T10:23:38,96.08
2025-01-01T10:23:39,107.42
2025-01-01T10:23:40,96.31
2025-01-01T10:23:41,105.02
2025-01-01T10:23:42,106.77
2025-01-01T10:23:43,101.88
2025-01-01T10:23:44,106.82
2025-01-01T10:23:45,96.42
2025-01-01T10:23:46,97.16
2025-01-01T10:23:47,104.63
2025-01-01T10:23:48,100.48
2025-01-01T10:23:49,103.21
2025-01-01T10:23:50,98.79
2025-01-01T10:23:51,88.68
,94.43
2025-01-01T10:23:53,100.59
2025-01-01T10:23:54,94.36
2025-01-01T10:23:55,102.37
2025-01-01T10:23:56,101.15
2025-01-01T10:23:57,101.2
2025-01-01T10:23:58,102.48
2025-01-01T10:23:59,
2025-01-01T10:24:00,99.46
2025-01-01T10:24:01,96.02
2025-01-01T10:24:02,102.55
2025-01-01T10:24:03,105.6
2025-01-01T10:24:04,91.72
2025-01-01T10:24:05,98.2
2025-01-01T10:24:06,90.06
2025-01-01T10:24:07,101.64
2025-01-01T10:24:08,96.1
2025-01-01T10:24:09,105.66
2025-01-01T10:24:10,101.03
2025-01-01T10:24:11,100.22
2025-01-01T10:24:12,97.48
2025-01-01T10:24:13,99.19
2025-01-01T10:24:14,101.91
2025-01-01T10:24:15,90.82
2025-01-01T10:24:16,99.38
2025-01-01T10:24:17,98.57
2025-01-01T10:24:18,105.05
2025-01-01T10:24:19,95.6
2025-01-01T10:24:20,100.67
2025-01-01T10:24:21,94.13
2025-01-01T10:24:22,99.79
2025-01-01T10:24:23,102.67
2025-01-01T10:24:24,101.14
2025-01-01T10:24:25,104.96
2025-01-01T10:24:26,99.42
2025-01-01T10:24:27,98.93
2025-01-01T10:24:28,97.38
2025-01-01T10:24:29,99.22
2025-01-01T10:24:30,109.29
2025-01-01T10:24:31,107.97
2025-01-01T10:24:32,101.16
2025-01-01T10:24:33,106.69
2025-01-01T10:24:34,103.79
2025-01-01T10:24:35,101.94
2025-01-01T10:24:36,103.52
2025-01-01T10:24:37,98.16
2025-01-01T10:24:38,103.28
2025-01-01T10:24:39,104.86
2025-01-01T10:24:40,108.44
2025-01-01T10:24:41,100.01
2025-01-01T10:24:42,102.11
2025-01-01T10:24:43,101.03
2025-01-01T10:24:44,94.62
2025-01-01T10:24:45,106.74
2025-01-01T10:24:46,101.01
2025-01-01T10:24:47,101.63
2025-01-01T10:24:48,102.51
2025-01-01T10:24:49,96.47
2025-01-01T10:24:50,103.78
2025-01-01T10:24:51,
2025-01-01T10:24:52,101.88
2025-01-01T10:24:53,98.59
2025-01-01T10:24:54,103.07
2025-01-01T10:24:55,90.64
2025-01-01T10:24:56,92.95
2025-01-01T10:24:57,95.63
2025-01-01T10:24:58,97.67
2025-01-01T10:24:59,104.36
2025-01-01T10:25:00,106.81
2025-01-01T10:25:01,95.25
2025-01-01T10:25:02,104.68
2025-01-01T10:25:03,103.04
2025-01-01T10:25:04,92.63
2025-01-01T10:25:05,98.16
2025-01-01T10:25:06,110.59
2025-01-01T10:25:07,89.41
2025-01-01T10:25:08,101.45
2025-01-01T10:25:09,102.66
2025-01-01T10:25:10,96.2
2025-01-01T10:25:11,107.14
2025-01-01T10:25:12,100.19
2025-01-01T10:25:13,97.68
2025-01-01T10:25:14,93.44
2025-01-01T10:25:15,100.96
2025-01-01T10:25:16,101.49
2025-01-01T10:25:17,107.04
2025-01-01T10:25:18,93.8
2025-01-01T10:25:19,99.87
,109.74
2025-01-01T10:25:21,97.89
2025-01-01T10:25:22,90.48
2025-01-01T10:25:23,108.58
2025-01-01T10:25:24,101.29
2025-01-01T10:25:25,89.5
2025-01-01T10:25:26,99.15
2025-01-01T10:25:27,88.69
2025-01-01T10:25:28,101.17
2025-01-01T10:25:29,96.8
2025-01-01T10:25:30,103.71
2025-01-01T10:25:31,98.04
2025-01-01T10:25:32,104.54
2025-01-01T10:25:33,97.3
2025-01-01T10:25:34,100.36
2025-01-01T10:25:35,110.42
2025-01-01T10:25:36,101.44
2025-01-01T10:25:37,108.71
2025-01-01T10:25:38,103.09
2025-01-01T10:25:39,95.8
2025-01-01T10:25:40,98.42
2025-01-01T10:25:41,96.47
2025-01-01T10:25:42,100.39
2025-01-01T10:25:43,105.32
2025-01-01T10:25:44,89.59
2025-01-01T10:25:45,102.39
2025-01-01T10:25:46,100.72
2025-01-01T10:25:47,99.78
2025-01-01T10:25:48,98.7
2025-01-01T10:25:49,105.54
2025-01-01T10:25:50,105.22
2025-01-01T10:25:51,
2025-01-01T10:25:52,92.74
2025-01-01T10:25:53,96.53
2025-01-01T10:25:54,102.19
2025-01-01T10:25:55,98.68
2025-01-01T10:25:56,103.97
2025-01-01T10:25:57,93.91
2025-01-01T10:25:58,99.34
2025-01-01T10:25:59,95.38
2025-01-01T10:26:00,104.51
2025-01-01T10:26:01,97.6
2025-01-01T10:26:02,92.55
2025-01-01T10:26:03,107.24
2025-01-01T10:26:04,105.03
2025-01-01T10:26:05,103.68
2025-01-01T10:26:06,97.52
2025-01-01T10:26:07,106.0
2025-01-01T10:26:08,104.3
2025-01-01T10:26:09,95.39
2025-01-01T10:26:10,104.11
2025-01-01T10:26:11,88.91
2025-01-01T10:26:12,91.13
2025-01-01T10:26:13,108.48
2025-01-01T10:26:14,103.24
2025-01-01T10:26:15,103.16
2025-01-01T10:26:16,102.35
2025-01-01T10:26:17,102.36
2025-01-01T10:26:18,98.27
2025-01-01T10:26:19,103.63
2025-01-01T10:26:20,99.77
2025-01-01T10:26:21,92.47
2025-01-01T10:26:22,101.51
2025-01-01T10:26:23,97.79
2025-01-01T10:26:24,105.73
2025-01-01T10:26:25,101.4
2025-01-01T10:26:26,100.51
2025-01-01T10:26:27,95.63
2025-01-01T10:26:28,88.68
2025-01-01T10:26:29,104.65
2025-01-01T10:26:30,105.22
2025-01-01T10:26:31,102.56
2025-01-01T10:26:32,102.19
2025-01-01T10:26:33,89.12
2025-01-01T10:26:34,98.35
2025-01-01T10:26:35,105.02
2025-01-01T10:26:36,108.56
2025-01-01T10:26:37,98.69
2025-01-01T10:26:38,106.19
2025-01-01T10:26:39,92.21
2025-01-01T10:26:40,94.19
2025-01-01T10:26:41,98.03
2025-01-01T10:26:42,95.74
2025-01-01T10:26:43,100.22
2025-01-01T10:26:44,96.47
,102.71
2025-01-01T10:26:46,95.54
2025-01-01T10:26:47,105.75
2025-01-01T10:26:48,109.84
2025-01-01T10:26:49,113.19
2025-01-01T10:26:50,102.18
2025-01-01T10:26:51,103.09
2025-01-01T10:26:52,111.07
2025-01-01T10:26:53,93.65
2025-01-01T10:26:54,101.81
2025-01-01T10:26:55,101.2
2025-01-01T10:26:56,101.87
2025-01-01T10:26:57,100.81
2025-01-01T10:26:58,104.53
2025-01-01T10:26:59,98.98
2025-01-01T10:27:00,110.23
2025-01-01T10:27:01,102.23
2025-01-01T10:27:02,101.44
2025-01-01T10:27:03,98.87
2025-01-01T10:27:04,99.42
2025-01-01T10:27:05,95.35
2025-01-01T10:27:06,102.78
2025-01-01T10:27:07,100.02
2025-01-01T10:27:08,91.67
2025-01-01T10:27:09,98.25
2025-01-01T10:27:10,101.44
2025-01-01T10:27:11,108.77
2025-01-01T10:27:12,105.7
2025-01-01T10:27:13,105.58
2025-01-01T10:27:14,100.14
2025-01-01T10:27:15,93.33
2025-01-01T10:27:16,103.31
2025-01-01T10:27:17,110.32
2025-01-01T10:27:18,99.13
2025-01-01T10:27:19,97.97
2025-01-01T10:27:20,101.4
2025-01-01T10:27:21,101.53
2025-01-01T10:27:22,102.74
2025-01-01T10:27:23,106.06
2025-01-01T10:27:24,105.76
2025-01-01T10:27:25,104.2
2025-01-01T10:27:26,102.05
2025-01-01T10:27:27,95.52
2025-01-01T10:27:28,99.56
2025-01-01T10:27:29,99.75
2025-01-01T10:27:30,97.32
2025-01-01T10:27:31,107.24
2025-01-01T10:27:32,107.11
2025-01-01T10:27:33,108.24
2025-01-01T10:27:34,106.5
2025-01-01T10:27:35,99.49
2025-01-01T10:27:36,94.07
2025-01-01T10:27:37,82.86
2025-01-01T10:27:38,97.49
2025-01-01T10:27:39,103.51
2025-01-01T10:27:40,90.46
2025-01-01T10:27:41,108.04
2025-01-01T10:27:42,97.18
2025-01-01T10:27:43,91.24
2025-01-01T10:27:44,96.2
2025-01-01T10:27:45,102.44
2025-01-01T10:27:46,
2025-01-01T10:27:47,108.38
2025-01-01T10:27:48,102.37
2025-01-01T10:27:49,99.37
2025-01-01T10:27:50,94.65
2025-01-01T10:27:51,95.53
2025-01-01T10:27:52,92.07
2025-01-01T10:27:53,103.47
2025-01-01T10:27:54,96.8
2025-01-01T10:27:55,92.26
2025-01-01T10:27:56,99.87
2025-01-01T10:27:57,96.52
2025-01-01T10:27:58,98.59
2025-01-01T10:27:59,99.0
2025-01-01T10:28:00,103.28
2025-01-01T10:28:01,95.97
2025-01-01T10:28:02,102.79
,103.81
2025-01-01T10:28:04,95.06
2025-01-01T10:28:05,92.4
2025-01-01T10:28:06,96.4
2025-01-01T10:28:07,97.74
2025-01-01T10:28:08,93.78
2025-01-01T10:28:09,100.6
2025-01-01T10:28:10,101.98
2025-01-01T10:28:11,102.95
2025-01-01T10:28:12,102.89
2025-01-01T10:28:13,96.39
2025-01-01T10:28:14,111.4
2025-01-01T10:28:15,
2025-01-01T10:28:16,91.9
2025-01-01T10:28:17,98.52
2025-01-01T10:28:18,
2025-01-01T10:28:19,98.41
2025-01-01T10:28:20,106.17
2025-01-01T10:28:21,92.58
2025-01-01T10:28:22,102.58
2025-01-01T10:28:23,108.68
2025-01-01T10:28:24,93.77
2025-01-01T10:28:25,104.78
2025-01-01T10:28:26,96.24
2025-01-01T10:28:27,93.95
2025-01-01T10:28:28,96.79
2025-01-01T10:28:29,99.64
2025-01-01T10:28:30,100.11
2025-01-01T10:28:31,97.48
2025-01-01T10:28:32,100.8
,104.37
2025-01-01T10:28:34,97.63
2025-01-01T10:28:35,96.09
2025-01-01T10:28:36,98.56
2025-01-01T10:28:37,100.95
2025-01-01T10:28:38,95.43
2025-01-01T10:28:39,105.61
2025-01-01T10:28:40,93.95
2025-01-01T10:28:41,106.53
2025-01-01T10:28:42,101.17
2025-01-01T10:28:43,102.13
2025-01-01T10:28:44,98.9
2025-01-01T10:28:45,101.15
2025-01-01T10:28:46,100.1
2025-01-01T10:28:47,106.83
2025-01-01T10:28:48,107.23
2025-01-01T10:28:49,
2025-01-01T10:28:50,98.53
2025-01-01T10:28:51,105.35
2025-01-01T10:28:52,103.44
2025-01-01T10:28:53,104.43
2025-01-01T10:28:54,100.89
2025-01-01T10:28:55,97.03
2025-01-01T10:28:56,93.43
2025-01-01T10:28:57,100.17
2025-01-01T10:28:58,98.76
2025-01-01T10:28:59,99.99
2025-01-01T10:29:00,92.92
2025-01-01T10:29:01,92.26
2025-01-01T10:29:02,103.61
2025-01-01T10:29:03,103.92
2025-01-01T10:29:04,
2025-01-01T10:29:05,105.86
2025-01-01T10:29:06,105.41
2025-01-01T10:29:07,103.69
2025-01-01T10:29:08,93.05
2025-01-01T10:29:09,98.36
2025-01-01T10:29:10,100.09
2025-01-01T10:29:11,96.65
2025-01-01T10:29:12,107.74
2025-01-01T10:29:13,109.02
2025-01-01T10:29:14,108.12
2025-01-01T10:29:15,106.42
2025-01-01T10:29:16,100.45
2025-01-01T10:29:17,108.13
2025-01-01T10:29:18,103.77
2025-01-01T10:29:19,
2025-01-01T10:29:20,100.5
2025-01-01T10:29:21,96.94
2025-01-01T10:29:22,88.82
2025-01-01T10:29:23,105.16
2025-01-01T10:29:24,99.53
2025-01-01T10:29:25,104.47
2025-01-01T10:29:26,100.88
2025-01-01T10:29:27,100.84
2025-01-01T10:29:28,94.81
2025-01-01T10:29:29,102.61
2025-01-01T10:29:30,110.09
2025-01-01T10:29:31,98.48
2025-01-01T10:29:32,104.53
2025-01-01T10:29:33,106.84
2025-01-01T10:29:34,93.53
2025-01-01T10:29:35,109.97
2025-01-01T10:29:36,105.18
2025-01-01T10:29:37,98.5
2025-01-01T10:29:38,100.68
2025-01-01T10:29:39,99.44
2025-01-01T10:29:40,110.11
2025-01-01T10:29:41,
2025-01-01T10:29:42,91.98
2025-01-01T10:29:43,93.68
2025-01-01T10:29:44,102.51
2025-01-01T10:29:45,93.99
2025-01-01T10:29:46,99.01
2025-01-01T10:29:47,89.84
2025-01-01T10:29:48,105.42
2025-01-01T10:29:49,106.95
2025-01-01T10:29:50,100.68
2025-01-01T10:29:51,91.19
2025-01-01T10:29:52,92.78
2025-01-01T10:29:53,100.92
2025-01-01T10:29:54,102.87
2025-01-01T10:29:55,97.01
2025-01-01T10:29:56,93.79
2025-01-01T10:29:57,99.49
2025-01-01T10:29:58,103.56
2025-01-01T10:29:59,98.37
2025-01-01T10:30:00,96.56
2025-01-01T10:30:01,97.47
2025-01-01T10:30:02,87.89
2025-01-01T10:30:03,100.09
2025-01-01T10:30:04,96.75
2025-01-01T10:30:05,97.87
2025-01-01T10:30:06,106.04
2025-01-01T10:30:07,104.21
2025-01-01T10:30:08,98.72
2025-01-01T10:30:09,108.76
2025-01-01T10:30:10,103.2
2025-01-01T10:30:11,100.95
2025-01-01T10:30:12,100.92
2025-01-01T10:30:13,102.52
2025-01-01T10:30:14,104.98
2025-01-01T10:30:15,93.37
2025-01-01T10:30:16,100.27
2025-01-01T10:30:17,97.95
2025-01-01T10:30:18,106.97
2025-01-01T10:30:19,96.5
2025-01-01T10:30:20,96.6
2025-01-01T10:30:21,101.33
2025-01-01T10:30:22,101.89
2025-01-01T10:30:23,105.24
2025-01-01T10:30:24,102.42
2025-01-01T10:30:25,90.5
2025-01-01T10:30:26,104.85
2025-01-01T10:30:27,117.33
2025-01-01T10:30:28,106.02
2025-01-01T10:30:29,98.58
2025-01-01T10:30:30,96.35
2025-01-01T10:30:31,90.51
2025-01-01T10:30:32,95.01
2025-01-01T10:30:33,98.35
,97.0
2025-01-01T10:30:35,101.44
2025-01-01T10:30:36,96.82
2025-01-01T10:30:37,101.78
2025-01-01T10:30:38,96.58
2025-01-01T10:30:39,
2025-01-01T10:30:40,106.84
2025-01-01T10:30:41,99.86
2025-01-01T10:30:42,90.13
2025-01-01T10:30:43,106.22
2025-01-01T10:30:44,105.76
2025-01-01T10:30:45,105.6
2025-01-01T10:30:46,101.48
2025-01-01T10:30:47,98.87
2025-01-01T10:30:48,101.27
2025-01-01T10:30:49,100.04
2025-01-01T10:30:50,100.35
2025-01-01T10:30:51,97.95
,108.63
2025-01-01T10:30:53,108.92
2025-01-01T10:30:54,98.93
2025-01-01T10:30:55,96.82
2025-01-01T10:30:56,100.29
2025-01-01T10:30:57,91.38
2025-01-01T10:30:58,98.13
2025-01-01T10:30:59,97.54
2025-01-01T10:31:00,103.75
2025-01-01T10:31:01,97.96
2025-01-01T10:31:02,91.83
2025-01-01T10:31:03,
2025-01-01T10:31:04,99.35
2025-01-01T10:31:05,99.97
2025-01-01T10:31:06,94.94
2025-01-01T10:31:07,97.59
2025-01-01T10:31:08,108.04
2025-01-01T10:31:09,103.67
2025-01-01T10:31:10,97.53
2025-01-01T10:31:11,94.3
2025-01-01T10:31:12,100.12
2025-01-01T10:31:13,95.28
2025-01-01T10:31:14,104.79
2025-01-01T10:31:15,96.66
2025-01-01T10:31:16,91.45
2025-01-01T10:31:17,106.22
2025-01-01T10:31:18,101.22
2025-01-01T10:31:19,98.18
2025-01-01T10:31:20,98.48
2025-01-01T10:31:21,93.35
2025-01-01T10:31:22,101.76
2025-01-01T10:31:23,88.41
2025-01-01T10:31:24,106.36
2025-01-01T10:31:25,101.85
2025-01-01T10:31:26,105.5
2025-01-01T10:31:27,93.45
2025-01-01T10:31:28,99.99
2025-01-01T10:31:29,97.24
2025-01-01T10:31:30,98.49
2025-01-01T10:31:31,96.87
2025-01-01T10:31:32,98.63
2025-01-01T10:31:33,96.52
2025-01-01T10:31:34,103.76
2025-01-01T10:31:35,98.39
2025-01-01T10:31:36,98.21
2025-01-01T10:31:37,100.48
2025-01-01T10:31:38,101.98
2025-01-01T10:31:39,99.2
2025-01-01T10:31:40,100.75
2025-01-01T10:31:41,101.2
2025-01-01T10:31:42,111.93
,101.23
2025-01-01T10:31:44,103.89
2025-01-01T10:31:45,99.83
2025-01-01T10:31:46,103.33
2025-01-01T10:31:47,109.31
2025-01-01T10:31:48,102.17
2025-01-01T10:31:49,98.21
2025-01-01T10:31:50,105.61
2025-01-01T10:31:51,100.11
2025-01-01T10:31:52,100.21
2025-01-01T10:31:53,96.45
2025-01-01T10:31:54,99.58
2025-01-01T10:31:55,94.32
2025-01-01T10:31:56,97.21
2025-01-01T10:31:57,106.04
2025-01-01T10:31:58,106.52
2025-01-01T10:31:59,101.1
2025-01-01T10:32:00,98.23
2025-01-01T10:32:01,90.73
2025-01-01T10:32:02,100.62
2025-01-01T10:32:03,101.32
2025-01-01T10:32:04,105.72
2025-01-01T10:32:05,109.75
2025-01-01T10:32:06,99.16
2025-01-01T10:32:07,97.38
2025-01-01T10:32:08,91.57
2025-01-01T10:32:09,89.91
2025-01-01T10:32:10,105.74
2025-01-01T10:32:11,96.7
2025-01-01T10:32:12,103.06
2025-01-01T10:32:13,94.69
2025-01-01T10:32:14,101.74
2025-01-01T10:32:15,94.94
2025-01-01T10:32:16,93.72
2025-01-01T10:32:17,100.99
2025-01-01T10:32:18,99.5
2025-01-01T10:32:19,104.56
2025-01-01T10:32:20,103.11
2025-01-01T10:32:21,110.59
2025-01-01T10:32:22,104.83
2025-01-01T10:32:23,100.46
2025-01-01T10:32:24,112.33
2025-01-01T10:32:25,95.4
2025-01-01T10:32:26,96.55
2025-01-01T10:32:27,102.55
2025-01-01T10:32:28,104.19
2025-01-01T10:32:29,90.64
2025-01-01T10:32:30,110.51
2025-01-01T10:32:31,90.65
2025-01-01T10:32:32,103.87
2025-01-01T10:32:33,107.21
2025-01-01T10:32:34,93.58
2025-01-01T10:32:35,102.17
2025-01-01T10:32:36,99.25
2025-01-01T10:32:37,95.79
2025-01-01T10:32:38,101.69
2025-01-01T10:32:39,107.4
2025-01-01T10:32:40,90.2
2025-01-01T10:32:41,101.92
2025-01-01T10:32:42,102.6
2025-01-01T10:32:43,101.57
2025-01-01T10:32:44,95.99
2025-01-01T10:32:45,101.21
2025-01-01T10:32:46,95.76
2025-01-01T10:32:47,94.19
2025-01-01T10:32:48,98.22
2025-01-01T10:32:49,99.47
2025-01-01T10:32:50,108.0
2025-01-01T10:32:51,98.38
2025-01-01T10:32:52,94.85
2025-01-01T10:32:53,97.81
2025-01-01T10:32:54,95.13
2025-01-01T10:32:55,103.53
2025-01-01T10:32:56,103.78
2025-01-01T10:32:57,96.03
2025-01-01T10:32:58,107.28
2025-01-01T10:32:59,103.2
2025-01-01T10:33:00,94.12
2025-01-01T10:33:01,102.17
2025-01-01T10:33:02,101.1
2025-01-01T10:33:03,101.69
2025-01-01T10:33:04,99.42
2025-01-01T10:33:05,90.13
2025-01-01T10:33:06,107.15
2025-01-01T10:33:07,103.98
2025-01-01T10:33:08,101.24
2025-01-01T10:33:09,98.51
2025-01-01T10:33:10,107.37
2025-01-01T10:33:11,97.41
2025-01-01T10:33:12,94.46
2025-01-01T10:33:13,110.12
2025-01-01T10:33:14,99.16
2025-01-01T10:33:15,102.45
2025-01-01T10:33:16,97.29
2025-01-01T10:33:17,92.02
2025-01-01T10:33:18,100.47
2025-01-01T10:33:19,107.31
2025-01-01T10:33:20,
2025-01-01T10:33:21,94.5
2025-01-01T10:33:22,94.88
2025-01-01T10:33:23,99.6
2025-01-01T10:33:24,95.85
2025-01-01T10:33:25,97.61
2025-01-01T10:33:26,91.04
2025-01-01T10:33:27,98.94
2025-01-01T10:33:28,93.41
2025-01-01T10:33:29,101.1
2025-01-01T10:33:30,99.62
2025-01-01T10:33:31,104.71
2025-01-01T10:33:32,101.56
2025-01-01T10:33:33,92.05
2025-01-01T10:33:34,105.89
2025-01-01T10:33:35,96.91
2025-01-01T10:33:36,115.27
2025-01-01T10:33:37,99.57
2025-01-01T10:33:38,104.03
2025-01-01T10:33:39,108.13
2025-01-01T10:33:40,97.18
2025-01-01T10:33:41,95.3
2025-01-01T10:33:42,106.1
2025-01-01T10:33:43,104.87
2025-01-01T10:33:44,105.02
2025-01-01T10:33:45,102.33
2025-01-01T10:33:46,92.79
2025-01-01T10:33:47,105.76
2025-01-01T10:33:48,106.97
2025-01-01T10:33:49,93.54
2025-01-01T10:33:50,94.43
2025-01-01T10:33:51,101.1
2025-01-01T10:33:52,96.3
2025-01-01T10:33:53,99.01
2025-01-01T10:33:54,105.4
2025-01-01T10:33:55,100.72
2025-01-01T10:33:56,94.48
2025-01-01T10:33:57,98.86
2025-01-01T10:33:58,99.54
2025-01-01T10:33:59,100.46
2025-01-01T10:34:00,104.3
2025-01-01T10:34:01,99.26
2025-01-01T10:34:02,94.37
2025-01-01T10:34:03,
2025-01-01T10:34:04,103.14
2025-01-01T10:34:05,99.37
2025-01-01T10:34:06,101.45
2025-01-01T10:34:07,96.7
2025-01-01T10:34:08,95.13
2025-01-01T10:34:09,
2025-01-01T10:34:10,95.23
2025-01-01T10:34:11,100.43
2025-01-01T10:34:12,97.62
,104.79
2025-01-01T10:34:14,90.58
2025-01-01T10:34:15,103.13
2025-01-01T10:34:16,95.26
2025-01-01T10:34:17,90.12
2025-01-01T10:34:18,96.98
2025-01-01T10:34:19,95.01
2025-01-01T10:34:20,94.09
2025-01-01T10:34:21,96.84
2025-01-01T10:34:22,94.83
2025-01-01T10:34:23,107.09
2025-01-01T10:34:24,107.08
2025-01-01T10:34:25,105.12
2025-01-01T10:34:26,99.19
2025-01-01T10:34:27,
2025-01-01T10:34:28,97.26
2025-01-01T10:34:29,104.46
2025-01-01T10:34:30,105.73
2025-01-01T10:34:31,100.73
2025-01-01T10:34:32,100.9
2025-01-01T10:34:33,98.36
2025-01-01T10:34:34,99.64
2025-01-01T10:34:35,110.09
2025-01-01T10:34:36,93.48
2025-01-01T10:34:37,96.0
2025-01-01T10:34:38,92.2
2025-01-01T10:34:39,98.97
2025-01-01T10:34:40,95.34
2025-01-01T10:34:41,98.38
2025-01-01T10:34:42,93.17
2025-01-01T10:34:43,112.53
2025-01-01T10:34:44,95.26
2025-01-01T10:34:45,100.1
2025-01-01T10:34:46,97.97
2025-01-01T10:34:47,101.4
2025-01-01T10:34:48,99.09
2025-01-01T10:34:49,98.05
2025-01-01T10:34:50,92.93
2025-01-01T10:34:51,100.13
2025-01-01T10:34:52,99.12
2025-01-01T10:34:53,109.11
2025-01-01T10:34:54,93.04
2025-01-01T10:34:55,101.68
2025-01-01T10:34:56,96.68
2025-01-01T10:34:57,93.08
2025-01-01T10:34:58,98.31
2025-01-01T10:34:59,94.86
2025-01-01T10:35:00,106.58
2025-01-01T10:35:01,99.64
2025-01-01T10:35:02,97.5
2025-01-01T10:35:03,107.34
2025-01-01T10:35:04,101.96
2025-01-01T10:35:05,101.94
2025-01-01T10:35:06,96.17
2025-01-01T10:35:07,94.68
2025-01-01T10:35:08,101.68
2025-01-01T10:35:09,92.77
2025-01-01T10:35:10,98.89
2025-01-01T10:35:11,103.67
2025-01-01T10:35:12,101.14
2025-01-01T10:35:13,108.96
2025-01-01T10:35:14,106.9
2025-01-01T10:35:15,91.84
2025-01-01T10:35:16,105.5
2025-01-01T10:35:17,96.11
2025-01-01T10:35:18,101.03
2025-01-01T10:35:19,
2025-01-01T10:35:20,
2025-01-01T10:35:21,96.35
2025-01-01T10:35:22,97.93
2025-01-01T10:35:23,109.44
2025-01-01T10:35:24,100.69
2025-01-01T10:35:25,99.43
2025-01-01T10:35:26,
2025-01-01T10:35:27,100.35
2025-01-01T10:35:28,92.51
2025-01-01T10:35:29,103.65
2025-01-01T10:35:30,103.14
2025-01-01T10:35:31,97.26
2025-01-01T10:35:32,102.91
2025-01-01T10:35:33,98.56
2025-01-01T10:35:34,107.04
2025-01-01T10:35:35,100.04
2025-01-01T10:35:36,98.36
2025-01-01T10:35:37,102.58
2025-01-01T10:35:38,98.73
2025-01-01T10:35:39,101.67
2025-01-01T10:35:40,101.94
2025-01-01T10:35:41,104.71
2025-01-01T10:35:42,98.49
2025-01-01T10:35:43,102.31
2025-01-01T10:35:44,99.98
2025-01-01T10:35:45,102.61
2025-01-01T10:35:46,100.36
2025-01-01T10:35:47,106.23
2025-01-01T10:35:48,99.54
2025-01-01T10:35:49,102.08
2025-01-01T10:35:50,104.54
2025-01-01T10:35:51,100.44
2025-01-01T10:35:52,100.25
2025-01-01T10:35:53,103.46
2025-01-01T10:35:54,99.72
2025-01-01T10:35:55,105.47
2025-01-01T10:35:56,102.45
2025-01-01T10:35:57,105.37
2025-01-01T10:35:58,87.37
2025-01-01T10:35:59,106.07
2025-01-01T10:36:00,104.45
2025-01-01T10:36:01,95.77
2025-01-01T10:36:02,97.15
2025-01-01T10:36:03,100.94
2025-01-01T10:36:04,93.96
2025-01-01T10:36:05,100.32
2025-01-01T10:36:06,104.53
2025-01-01T10:36:07,100.83
2025-01-01T10:36:08,98.68
2025-01-01T10:36:09,100.62
2025-01-01T10:36:10,100.38
2025-01-01T10:36:11,102.56
2025-01-01T10:36:12,94.09
2025-01-01T10:36:13,88.78
2025-01-01T10:36:14,95.65
2025-01-01T10:36:15,95.89
2025-01-01T10:36:16,98.61
2025-01-01T10:36:17,102.54
2025-01-01T10:36:18,109.58
2025-01-01T10:36:19,97.8
2025-01-01T10:36:20,99.71
2025-01-01T10:36:21,106.18
2025-01-01T10:36:22,95.82
2025-01-01T10:36:23,97.8
2025-01-01T10:36:24,96.39
2025-01-01T10:36:25,102.38
2025-01-01T10:36:26,108.01
2025-01-01T10:36:27,97.54
2025-01-01T10:36:28,106.83
2025-01-01T10:36:29,106.9
2025-01-01T10:36:30,97.84
2025-01-01T10:36:31,96.98
2025-01-01T10:36:32,96.2
2025-01-01T10:36:33,99.82
2025-01-01T10:36:34,99.79
2025-01-01T10:36:35,87.06
2025-01-01T10:36:36,99.02
2025-01-01T10:36:37,100.86
2025-01-01T10:36:38,94.06
2025-01-01T10:36:39,97.66
2025-01-01T10:36:40,94.96
2025-01-01T10:36:41,103.05
2025-01-01T10:36:42,91.21
2025-01-01T10:36:43,105.52
2025-01-01T10:36:44,104.36
2025-01-01T10:36:45,107.86
2025-01-01T10:36:46,92.84
2025-01-01T10:36:47,104.98
2025-01-01T10:36:48,101.97
2025-01-01T10:36:49,109.91
2025-01-01T10:36:50,101.43
2025-01-01T10:36:51,102.09
2025-01-01T10:36:52,112.88
2025-01-01T10:36:53,98.88
2025-01-01T10:36:54,97.85
2025-01-01T10:36:55,113.44
2025-01-01T10:36:56,106.27
2025-01-01T10:36:57,94.63
2025-01-01T10:36:58,105.33
2025-01-01T10:36:59,96.33
2025-01-01T10:37:00,98.39
2025-01-01T10:37:01,100.08
2025-01-01T10:37:02,91.78
2025-01-01T10:37:03,97.21
2025-01-01T10:37:04,99.58
2025-01-01T10:37:05,100.19
2025-01-01T10:37:06,98.5
2025-01-01T10:37:07,110.0
2025-01-01T10:37:08,97.27
2025-01-01T10:37:09,96.16
2025-01-01T10:37:10,103.52
2025-01-01T10:37:11,94.34
2025-01-01T10:37:12,98.58
2025-01-01T10:37:13,92.85
2025-01-01T10:37:14,95.37
2025-01-01T10:37:15,97.07
2025-01-01T10:37:16,99.14
2025-01-01T10:37:17,96.48
2025-01-01T10:37:18,95.08
2025-01-01T10:37:19,95.09
2025-01-01T10:37:20,102.21
2025-01-01T10:37:21,90.32
2025-01-01T10:37:22,106.56
2025-01-01T10:37:23,98.33
2025-01-01T10:37:24,97.95
2025-01-01T10:37:25,97.32
2025-01-01T10:37:26,99.6
2025-01-01T10:37:27,109.04
2025-01-01T10:37:28,103.08
2025-01-01T10:37:29,103.89
2025-01-01T10:37:30,97.72
2025-01-01T10:37:31,102.09
2025-01-01T10:37:32,92.47
2025-01-01T10:37:33,102.5
2025-01-01T10:37:34,99.24
2025-01-01T10:37:35,94.61
2025-01-01T10:37:36,92.44
2025-01-01T10:37:37,92.23
,98.94
2025-01-01T10:37:39,98.5
2025-01-01T10:37:40,95.77
2025-01-01T10:37:41,100.46
2025-01-01T10:37:42,105.75
2025-01-01T10:37:43,
2025-01-01T10:37:44,105.27
2025-01-01T10:37:45,97.38
2025-01-01T10:37:46,104.14
2025-01-01T10:37:47,100.63
2025-01-01T10:37:48,108.43
2025-01-01T10:37:49,96.89
2025-01-01T10:37:50,103.3
2025-01-01T10:37:51,107.99
2025-01-01T10:37:52,97.59
,89.14
2025-01-01T10:37:54,98.1
2025-01-01T10:37:55,103.47
2025-01-01T10:37:56,97.45
2025-01-01T10:37:57,91.67
2025-01-01T10:37:58,103.09
,105.92
2025-01-01T10:38:00,101.81
2025-01-01T10:38:01,96.92
2025-01-01T10:38:02,97.52
,107.12
2025-01-01T10:38:04,96.18
2025-01-01T10:38:05,89.92
2025-01-01T10:38:06,
2025-01-01T10:38:07,103.39
2025-01-01T10:38:08,98.94
2025-01-01T10:38:09,105.16
2025-01-01T10:38:10,105.38
2025-01-01T10:38:11,99.39
2025-01-01T10:38:12,98.43
2025-01-01T10:38:13,105.74
2025-01-01T10:38:14,111.04
2025-01-01T10:38:15,89.93
2025-01-01T10:38:16,108.25
2025-01-01T10:38:17,104.91
2025-01-01T10:38:18,92.6
2025-01-01T10:38:19,106.18
2025-01-01T10:38:20,96.78
2025-01-01T10:38:21,98.93
2025-01-01T10:38:22,102.41
2025-01-01T10:38:23,96.31
2025-01-01T10:38:24,99.03
2025-01-01T10:38:25,99.39
2025-01-01T10:38:26,102.8
2025-01-01T10:38:27,103.25
2025-01-01T10:38:28,101.38
2025-01-01T10:38:29,103.73
2025-01-01T10:38:30,109.33
2025-01-01T10:38:31,98.18
2025-01-01T10:38:32,96.38
2025-01-01T10:38:33,98.16
2025-01-01T10:38:34,93.93
2025-01-01T10:38:35,105.46
2025-01-01T10:38:36,106.15
2025-01-01T10:38:37,98.85
2025-01-01T10:38:38,105.9
2025-01-01T10:38:39,106.58
2025-01-01T10:38:40,92.29
2025-01-01T10:38:41,99.6
2025-01-01T10:38:42,103.03
2025-01-01T10:38:43,116.24
2025-01-01T10:38:44,101.58
2025-01-01T10:38:45,103.29
2025-01-01T10:38:46,100.15
2025-01-01T10:38:47,94.19
2025-01-01T10:38:48,103.72
2025-01-01T10:38:49,98.44
2025-01-01T10:38:50,95.7
2025-01-01T10:38:51,102.43
2025-01-01T10:38:52,105.32
2025-01-01T10:38:53,93.16
2025-01-01T10:38:54,102.45
2025-01-01T10:38:55,107.99
2025-01-01T10:38:56,98.75
2025-01-01T10:38:57,91.2
2025-01-01T10:38:58,87.18
2025-01-01T10:38:59,88.98
2025-01-01T10:39:00,95.37
2025-01-01T10:39:01,99.06
2025-01-01T10:39:02,92.87
2025-01-01T10:39:03,
2025-01-01T10:39:04,95.71
2025-01-01T10:39:05,96.13
2025-01-01T10:39:06,105.68
2025-01-01T10:39:07,87.68
2025-01-01T10:39:08,103.36
2025-01-01T10:39:09,92.72
2025-01-01T10:39:10,97.78
,105.59
2025-01-01T10:39:12,96.39
2025-01-01T10:39:13,104.13
2025-01-01T10:39:14,98.14
2025-01-01T10:39:15,100.97
,103.55
2025-01-01T10:39:17,104.0
2025-01-01T10:39:18,95.99
2025-01-01T10:39:19,90.52
2025-01-01T10:39:20,96.48
2025-01-01T10:39:21,97.21
2025-01-01T10:39:22,98.95
,95.22
2025-01-01T10:39:24,98.71
2025-01-01T10:39:25,94.84
2025-01-01T10:39:26,101.05
2025-01-01T10:39:27,94.5
2025-01-01T10:39:28,106.11
2025-01-01T10:39:29,105.35
2025-01-01T10:39:30,97.64
2025-01-01T10:39:31,106.78
2025-01-01T10:39:32,101.83
2025-01-01T10:39:33,96.35
2025-01-01T10:39:34,105.23
2025-01-01T10:39:35,103.29
2025-01-01T10:39:36,95.8
2025-01-01T10:39:37,106.49
2025-01-01T10:39:38,110.68
2025-01-01T10:39:39,92.05
2025-01-01T10:39:40,101.58
2025-01-01T10:39:41,109.66
2025-01-01T10:39:42,92.64
2025-01-01T10:39:43,96.43
2025-01-01T10:39:44,103.4
2025-01-01T10:39:45,100.57
2025-01-01T10:39:46,96.26
2025-01-01T10:39:47,92.12
2025-01-01T10:39:48,89.72
2025-01-01T10:39:49,91.82
2025-01-01T10:39:50,98.58
2025-01-01T10:39:51,95.4
2025-01-01T10:39:52,100.25
2025-01-01T10:39:53,96.36
2025-01-01T10:39:54,94.22
2025-01-01T10:39:55,90.22
2025-01-01T10:39:56,102.73
2025-01-01T10:39:57,107.34
2025-01-01T10:39:58,97.98
2025-01-01T10:39:59,103.28
2025-01-01T10:40:00,96.07
2025-01-01T10:40:01,98.67
2025-01-01T10:40:02,98.95
2025-01-01T10:40:03,98.23
2025-01-01T10:40:04,100.37
2025-01-01T10:40:05,97.38
2025-01-01T10:40:06,97.32
2025-01-01T10:40:07,107.94
2025-01-01T10:40:08,97.44
2025-01-01T10:40:09,94.86
2025-01-01T10:40:10,101.4
2025-01-01T10:40:11,101.16
2025-01-01T10:40:12,91.7
2025-01-01T10:40:13,99.43
2025-01-01T10:40:14,98.81
2025-01-01T10:40:15,102.17
2025-01-01T10:40:16,108.53
2025-01-01T10:40:17,101.07
2025-01-01T10:40:18,98.11
2025-01-01T10:40:19,104.89
2025-01-01T10:40:20,105.49
2025-01-01T10:40:21,88.82
2025-01-01T10:40:22,93.79
2025-01-01T10:40:23,99.76
2025-01-01T10:40:24,109.47
2025-01-01T10:40:25,102.48
2025-01-01T10:40:26,93.0
2025-01-01T10:40:27,103.14
2025-01-01T10:40:28,97.44
2025-01-01T10:40:29,94.1
2025-01-01T10:40:30,93.21
2025-01-01T10:40:31,
2025-01-01T10:40:32,94.84
2025-01-01T10:40:33,109.24
2025-01-01T10:40:34,98.25
2025-01-01T10:40:35,113.41
2025-01-01T10:40:36,115.21
2025-01-01T10:40:37,101.84
2025-01-01T10:40:38,93.45
2025-01-01T10:40:39,86.98
2025-01-01T10:40:40,103.01
2025-01-01T10:40:41,95.43
2025-01-01T10:40:42,99.94
2025-01-01T10:40:43,95.81
2025-01-01T10:40:44,87.26
2025-01-01T10:40:45,101.08
2025-01-01T10:40:46,107.37
2025-01-01T10:40:47,93.45
2025-01-01T10:40:48,100.95
2025-01-01T10:40:49,106.6
2025-01-01T10:40:50,105.1
2025-01-01T10:40:51,97.41
2025-01-01T10:40:52,99.12
2025-01-01T10:40:53,104.9
2025-01-01T10:40:54,104.01
2025-01-01T10:40:55,99.1
2025-01-01T10:40:56,102.13
2025-01-01T10:40:57,97.54
2025-01-01T10:40:58,105.41
2025-01-01T10:40:59,98.27
2025-01-01T10:41:00,101.65
2025-01-01T10:41:01,105.23
2025-01-01T10:41:02,101.73
2025-01-01T10:41:03,100.25
2025-01-01T10:41:04,111.93
2025-01-01T10:41:05,100.89
2025-01-01T10:41:06,99.45
2025-01-01T10:41:07,94.15
2025-01-01T10:41:08,101.28
2025-01-01T10:41:09,86.92
2025-01-01T10:41:10,94.02
2025-01-01T10:41:11,103.58
2025-01-01T10:41:12,102.93
2025-01-01T10:41:13,97.65
2025-01-01T10:41:14,106.63
2025-01-01T10:41:15,101.61
2025-01-01T10:41:16,101.64
2025-01-01T10:41:17,105.89
2025-01-01T10:41:18,98.95
2025-01-01T10:41:19,100.35
2025-01-01T10:41:20,105.35
2025-01-01T10:41:21,103.77
2025-01-01T10:41:22,104.0
2025-01-01T10:41:23,91.77
2025-01-01T10:41:24,97.49
2025-01-01T10:41:25,105.09
2025-01-01T10:41:26,92.96
2025-01-01T10:41:27,95.48
2025-01-01T10:41:28,100.95
2025-01-01T10:41:29,103.87
2025-01-01T10:41:30,96.63
2025-01-01T10:41:31,100.29
2025-01-01T10:41:32,98.8
2025-01-01T10:41:33,99.54
2025-01-01T10:41:34,107.51
2025-01-01T10:41:35,89.71
2025-01-01T10:41:36,91.69
2025-01-01T10:41:37,104.88
2025-01-01T10:41:38,100.21
2025-01-01T10:41:39,97.29
2025-01-01T10:41:40,98.74
2025-01-01T10:41:41,99.6
2025-01-01T10:41:42,88.88
2025-01-01T10:41:43,102.83
2025-01-01T10:41:44,94.05
2025-01-01T10:41:45,108.6
2025-01-01T10:41:46,104.51
2025-01-01T10:41:47,
2025-01-01T10:41:48,102.81
2025-01-01T10:41:49,97.0
2025-01-01T10:41:50,95.0
2025-01-01T10:41:51,97.72
2025-01-01T10:41:52,96.85
2025-01-01T10:41:53,96.94
2025-01-01T10:41:54,100.08
2025-01-01T10:41:55,100.52
2025-01-01T10:41:56,107.02
2025-01-01T10:41:57,98.47
2025-01-01T10:41:58,97.74
2025-01-01T10:41:59,100.87
2025-01-01T10:42:00,89.15
2025-01-01T10:42:01,101.12
2025-01-01T10:42:02,94.75
2025-01-01T10:42:03,91.91
2025-01-01T10:42:04,103.88
2025-01-01T10:42:05,100.18
2025-01-01T10:42:06,97.31
2025-01-01T10:42:07,106.39
2025-01-01T10:42:08,112.16
2025-01-01T10:42:09,105.08
2025-01-01T10:42:10,100.77
,96.54
2025-01-01T10:42:12,102.04
2025-01-01T10:42:13,99.03
2025-01-01T10:42:14,101.06
2025-01-01T10:42:15,100.29
2025-01-01T10:42:16,110.52
2025-01-01T10:42:17,107.82
2025-01-01T10:42:18,99.44
2025-01-01T10:42:19,105.27
2025-01-01T10:42:20,101.53
2025-01-01T10:42:21,88.93
2025-01-01T10:42:22,107.82
2025-01-01T10:42:23,91.44
2025-01-01T10:42:24,113.48
2025-01-01T10:42:25,105.99
2025-01-01T10:42:26,99.32
2025-01-01T10:42:27,95.42
2025-01-01T10:42:28,91.65
2025-01-01T10:42:29,106.11
2025-01-01T10:42:30,95.02
2025-01-01T10:42:31,104.46
2025-01-01T10:42:32,99.15
2025-01-01T10:42:33,96.08
2025-01-01T10:42:34,100.08
2025-01-01T10:42:35,106.61
2025-01-01T10:42:36,98.04
2025-01-01T10:42:37,93.63
2025-01-01T10:42:38,105.13
2025-01-01T10:42:39,95.5
2025-01-01T10:42:40,104.24
2025-01-01T10:42:41,109.03
2025-01-01T10:42:42,92.02
2025-01-01T10:42:43,92.99
2025-01-01T10:42:44,103.45
2025-01-01T10:42:45,
2025-01-01T10:42:46,96.31
2025-01-01T10:42:47,105.61
2025-01-01T10:42:48,100.76
2025-01-01T10:42:49,109.04
2025-01-01T10:42:50,93.64
2025-01-01T10:42:51,98.22
2025-01-01T10:42:52,105.4
2025-01-01T10:42:53,97.74
2025-01-01T10:42:54,101.48
2025-01-01T10:42:55,101.89
2025-01-01T10:42:56,114.3
2025-01-01T10:42:57,100.9
,95.94
2025-01-01T10:42:59,104.86
2025-01-01T10:43:00,100.46
2025-01-01T10:43:01,90.96
2025-01-01T10:43:02,101.42
2025-01-01T10:43:03,95.78
2025-01-01T10:43:04,105.62
2025-01-01T10:43:05,105.1
2025-01-01T10:43:06,104.85
2025-01-01T10:43:07,95.69
2025-01-01T10:43:08,106.66
2025-01-01T10:43:09,96.59
2025-01-01T10:43:10,99.24
2025-01-01T10:43:11,105.63
2025-01-01T10:43:12,99.22
2025-01-01T10:43:13,89.52
2025-01-01T10:43:14,101.77
2025-01-01T10:43:15,97.87
2025-01-01T10:43:16,96.03
2025-01-01T10:43:17,99.89
2025-01-01T10:43:18,97.19
,93.32
2025-01-01T10:43:20,100.53
2025-01-01T10:43:21,92.97
2025-01-01T10:43:22,97.17
2025-01-01T10:43:23,105.81
2025-01-01T10:43:24,98.23
2025-01-01T10:43:25,94.21
2025-01-01T10:43:26,100.47
2025-01-01T10:43:27,95.73
2025-01-01T10:43:28,99.82
2025-01-01T10:43:29,102.61
2025-01-01T10:43:30,104.19
2025-01-01T10:43:31,94.91
2025-01-01T10:43:32,96.71
2025-01-01T10:43:33,106.12
2025-01-01T10:43:34,102.39
2025-01-01T10:43:35,99.13
2025-01-01T10:43:36,
2025-01-01T10:43:37,93.94
2025-01-01T10:43:38,99.08
2025-01-01T10:43:39,94.96
2025-01-01T10:43:40,89.71
2025-01-01T10:43:41,97.19
2025-01-01T10:43:42,102.93
2025-01-01T10:43:43,91.12
2025-01-01T10:43:44,91.12
2025-01-01T10:43:45,102.56
2025-01-01T10:43:46,97.79
2025-01-01T10:43:47,101.54
2025-01-01T10:43:48,99.93
2025-01-01T10:43:49,100.77
2025-01-01T10:43:50,97.43
2025-01-01T10:43:51,98.03
2025-01-01T10:43:52,93.64
2025-01-01T10:43:53,98.2
2025-01-01T10:43:54,101.32
2025-01-01T10:43:55,103.02
2025-01-01T10:43:56,106.89
2025-01-01T10:43:57,92.87
2025-01-01T10:43:58,99.72
2025-01-01T10:43:59,105.12
2025-01-01T10:44:00,
2025-01-01T10:44:01,95.21
2025-01-01T10:44:02,110.16
2025-01-01T10:44:03,106.41
2025-01-01T10:44:04,94.04
2025-01-01T10:44:05,96.66
2025-01-01T10:44:06,95.94
2025-01-01T10:44:07,97.47
2025-01-01T10:44:08,94.81
2025-01-01T10:44:09,100.15
2025-01-01T10:44:10,104.29
2025-01-01T10:44:11,95.41
2025-01-01T10:44:12,100.74
2025-01-01T10:44:13,97.07
2025-01-01T10:44:14,94.77
2025-01-01T10:44:15,103.13
2025-01-01T10:44:16,109.88
2025-01-01T10:44:17,98.84
2025-01-01T10:44:18,95.56
2025-01-01T10:44:19,90.82
2025-01-01T10:44:20,102.09
2025-01-01T10:44:21,107.56
2025-01-01T10:44:22,104.53
2025-01-01T10:44:23,96.58
2025-01-01T10:44:24,108.23
2025-01-01T10:44:25,98.79
2025-01-01T10:44:26,99.06
2025-01-01T10:44:27,103.95
2025-01-01T10:44:28,100.19
2025-01-01T10:44:29,96.38
2025-01-01T10:44:30,103.4
2025-01-01T10:44:31,106.44
2025-01-01T10:44:32,108.2
2025-01-01T10:44:33,102.15
2025-01-01T10:44:34,107.53
2025-01-01T10:44:35,97.45
2025-01-01T10:44:36,93.86
2025-01-01T10:44:37,98.62
2025-01-01T10:44:38,93.07
2025-01-01T10:44:39,92.07
,88.63
2025-01-01T10:44:41,101.41
2025-01-01T10:44:42,101.84
2025-01-01T10:44:43,105.53
2025-01-01T10:44:44,101.87
2025-01-01T10:44:45,96.64
2025-01-01T10:44:46,89.51
2025-01-01T10:44:47,100.9
2025-01-01T10:44:48,97.13
2025-01-01T10:44:49,103.46
2025-01-01T10:44:50,97.92
2025-01-01T10:44:51,98.61
2025-01-01T10:44:52,104.75
2025-01-01T10:44:53,98.37
2025-01-01T10:44:54,98.97
2025-01-01T10:44:55,95.89
2025-01-01T10:44:56,102.12
2025-01-01T10:44:57,98.71
2025-01-01T10:44:58,97.78
2025-01-01T10:44:59,95.92
2025-01-01T10:45:00,101.36
2025-01-01T10:45:01,106.6
2025-01-01T10:45:02,98.93
2025-01-01T10:45:03,97.5
2025-01-01T10:45:04,102.2
2025-01-01T10:45:05,107.49
2025-01-01T10:45:06,98.19
2025-01-01T10:45:07,100.84
2025-01-01T10:45:08,94.49
2025-01-01T10:45:09,94.51
2025-01-01T10:45:10,99.97
2025-01-01T10:45:11,97.61
2025-01-01T10:45:12,97.19
2025-01-01T10:45:13,97.39
2025-01-01T10:45:14,90.72
2025-01-01T10:45:15,95.65
2025-01-01T10:45:16,102.3
2025-01-01T10:45:17,102.75
2025-01-01T10:45:18,99.73
2025-01-01T10:45:19,106.8
2025-01-01T10:45:20,99.26
2025-01-01T10:45:21,103.57
2025-01-01T10:45:22,100.02
2025-01-01T10:45:23,103.07
,89.67
2025-01-01T10:45:25,109.93
2025-01-01T10:45:26,105.3
,102.57
2025-01-01T10:45:28,91.97
2025-01-01T10:45:29,94.14
2025-01-01T10:45:30,98.78
2025-01-01T10:45:31,97.95
2025-01-01T10:45:32,96.71
2025-01-01T10:45:33,104.45
2025-01-01T10:45:34,102.08
2025-01-01T10:45:35,102.73
2025-01-01T10:45:36,96.02
2025-01-01T10:45:37,
2025-01-01T10:45:38,101.86
2025-01-01T10:45:39,101.62
2025-01-01T10:45:40,101.89
2025-01-01T10:45:41,98.33
2025-01-01T10:45:42,101.4
2025-01-01T10:45:43,108.34
2025-01-01T10:45:44,101.86
2025-01-01T10:45:45,104.11
,94.18
2025-01-01T10:45:47,105.91
2025-01-01T10:45:48,97.08
2025-01-01T10:45:49,97.79
2025-01-01T10:45:50,100.39
2025-01-01T10:45:51,100.16
2025-01-01T10:45:52,109.49
2025-01-01T10:45:53,96.88
2025-01-01T10:45:54,98.76
2025-01-01T10:45:55,89.99
2025-01-01T10:45:56,99.91
2025-01-01T10:45:57,98.05
2025-01-01T10:45:58,104.39
2025-01-01T10:45:59,100.73
2025-01-01T10:46:00,95.8
2025-01-01T10:46:01,113.96
2025-01-01T10:46:02,111.86
2025-01-01T10:46:03,102.67
2025-01-01T10:46:04,98.42
2025-01-01T10:46:05,101.99
2025-01-01T10:46:06,102.06
2025-01-01T10:46:07,94.05
2025-01-01T10:46:08,102.85
2025-01-01T10:46:09,102.44
2025-01-01T10:46:10,95.71
2025-01-01T10:46:11,102.07
2025-01-01T10:46:12,101.54
2025-01-01T10:46:13,101.9
2025-01-01T10:46:14,95.08
2025-01-01T10:46:15,98.16
2025-01-01T10:46:16,104.32
2025-01-01T10:46:17,105.2
2025-01-01T10:46:18,92.88
2025-01-01T10:46:19,104.5
2025-01-01T10:46:20,104.04
2025-01-01T10:46:21,106.73
2025-01-01T10:46:22,104.07
2025-01-01T10:46:23,106.19
2025-01-01T10:46:24,109.47
2025-01-01T10:46:25,99.93
,99.82
2025-01-01T10:46:27,106.57
2025-01-01T10:46:28,100.37
2025-01-01T10:46:29,97.06
2025-01-01T10:46:30,100.12
2025-01-01T10:46:31,101.13
2025-01-01T10:46:32,103.27
2025-01-01T10:46:33,102.31
2025-01-01T10:46:34,97.73
2025-01-01T10:46:35,98.32
2025-01-01T10:46:36,95.06
2025-01-01T10:46:37,100.11
2025-01-01T10:46:38,97.89
2025-01-01T10:46:39,102.46
2025-01-01T10:46:40,93.14
2025-01-01T10:46:41,108.03
2025-01-01T10:46:42,96.89
2025-01-01T10:46:43,99.88
2025-01-01T10:46:44,98.01
2025-01-01T10:46:45,106.55
2025-01-01T10:46:46,97.09
2025-01-01T10:46:47,102.88
2025-01-01T10:46:48,103.78
2025-01-01T10:46:49,102.75
2025-01-01T10:46:50,92.76
2025-01-01T10:46:51,101.59
2025-01-01T10:46:52,103.36
2025-01-01T10:46:53,99.9
2025-01-01T10:46:54,105.5
2025-01-01T10:46:55,103.1
2025-01-01T10:46:56,99.92
2025-01-01T10:46:57,103.96
2025-01-01T10:46:58,100.18
2025-01-01T10:46:59,99.96
2025-01-01T10:47:00,102.86
2025-01-01T10:47:01,98.74
2025-01-01T10:47:02,105.72
2025-01-01T10:47:03,102.73
2025-01-01T10:47:04,108.2
2025-01-01T10:47:05,91.12
2025-01-01T10:47:06,105.16
2025-01-01T10:47:07,93.68
2025-01-01T10:47:08,98.89
2025-01-01T10:47:09,96.19
2025-01-01T10:47:10,98.59
2025-01-01T10:47:11,98.44
2025-01-01T10:47:12,103.97
2025-01-01T10:47:13,
2025-01-01T10:47:14,92.08
2025-01-01T10:47:15,102.97
2025-01-01T10:47:16,103.62
2025-01-01T10:47:17,103.92
2025-01-01T10:47:18,95.39
2025-01-01T10:47:19,107.24
2025-01-01T10:47:20,99.78
2025-01-01T10:47:21,94.93
2025-01-01T10:47:22,97.57
2025-01-01T10:47:23,95.51
2025-01-01T10:47:24,95.47
,104.57
2025-01-01T10:47:26,92.78
2025-01-01T10:47:27,98.43
2025-01-01T10:47:28,102.14
2025-01-01T10:47:29,101.04
2025-01-01T10:47:30,97.16
2025-01-01T10:47:31,100.51
2025-01-01T10:47:32,100.37
2025-01-01T10:47:33,95.52
2025-01-01T10:47:34,100.13
2025-01-01T10:47:35,97.42
2025-01-01T10:47:36,94.9
2025-01-01T10:47:37,88.95
2025-01-01T10:47:38,89.81
2025-01-01T10:47:39,109.62
2025-01-01T10:47:40,98.95
2025-01-01T10:47:41,90.28
2025-01-01T10:47:42,101.82
2025-01-01T10:47:43,103.11
2025-01-01T10:47:44,98.83
2025-01-01T10:47:45,98.49
2025-01-01T10:47:46,92.51
2025-01-01T10:47:47,101.41
2025-01-01T10:47:48,98.59
2025-01-01T10:47:49,100.7
2025-01-01T10:47:50,104.57
2025-01-01T10:47:51,87.39
2025-01-01T10:47:52,109.08
2025-01-01T10:47:53,101.35
,102.64
2025-01-01T10:47:55,105.81
2025-01-01T10:47:56,91.53
2025-01-01T10:47:57,95.25
2025-01-01T10:47:58,104.18
2025-01-01T10:47:59,99.39
2025-01-01T10:48:00,94.78
2025-01-01T10:48:01,108.7
2025-01-01T10:48:02,97.25
2025-01-01T10:48:03,98.71
2025-01-01T10:48:04,105.72
2025-01-01T10:48:05,97.94
2025-01-01T10:48:06,92.19
2025-01-01T10:48:07,98.13
2025-01-01T10:48:08,100.13
2025-01-01T10:48:09,100.84
2025-01-01T10:48:10,92.41
2025-01-01T10:48:11,105.35
2025-01-01T10:48:12,107.87
2025-01-01T10:48:13,95.38
2025-01-01T10:48:14,98.89
2025-01-01T10:48:15,102.81
2025-01-01T10:48:16,93.91
2025-01-01T10:48:17,103.11
2025-01-01T10:48:18,105.26
2025-01-01T10:48:19,97.71
2025-01-01T10:48:20,94.65
2025-01-01T10:48:21,103.44
2025-01-01T10:48:22,98.98
2025-01-01T10:48:23,107.17
2025-01-01T10:48:24,102.46
2025-01-01T10:48:25,92.24
2025-01-01T10:48:26,99.72
2025-01-01T10:48:27,98.06
2025-01-01T10:48:28,100.04
2025-01-01T10:48:29,102.56
2025-01-01T10:48:30,102.73
2025-01-01T10:48:31,89.67
2025-01-01T10:48:32,104.42
2025-01-01T10:48:33,108.55
2025-01-01T10:48:34,101.4
2025-01-01T10:48:35,96.86
2025-01-01T10:48:36,99.06
2025-01-01T10:48:37,105.29
2025-01-01T10:48:38,98.95
2025-01-01T10:48:39,97.26
2025-01-01T10:48:40,96.11
2025-01-01T10:48:41,104.02
2025-01-01T10:48:42,102.55
2025-01-01T10:48:43,97.72
2025-01-01T10:48:44,89.57
2025-01-01T10:48:45,93.88
2025-01-01T10:48:46,100.99
2025-01-01T10:48:47,96.35
2025-01-01T10:48:48,100.38
2025-01-01T10:48:49,101.06
2025-01-01T10:48:50,101.29
2025-01-01T10:48:51,91.2
,97.33
2025-01-01T10:48:53,106.28
2025-01-01T10:48:54,98.32
2025-01-01T10:48:55,107.34
2025-01-01T10:48:56,96.46
2025-01-01T10:48:57,96.77
2025-01-01T10:48:58,94.91
2025-01-01T10:48:59,95.64
2025-01-01T10:49:00,97.65
2025-01-01T10:49:01,94.6
,103.73
2025-01-01T10:49:03,95.13
2025-01-01T10:49:04,97.53
2025-01-01T10:49:05,99.11
2025-01-01T10:49:06,92.14
2025-01-01T10:49:07,106.16
2025-01-01T10:49:08,89.94
2025-01-01T10:49:09,92.09
2025-01-01T10:49:10,100.92
2025-01-01T10:49:11,101.59
2025-01-01T10:49:12,100.5
2025-01-01T10:49:13,101.04
2025-01-01T10:49:14,99.39
2025-01-01T10:49:15,102.4
2025-01-01T10:49:16,97.1
2025-01-01T10:49:17,105.79
2025-01-01T10:49:18,96.9
2025-01-01T10:49:19,100.06
2025-01-01T10:49:20,102.68
2025-01-01T10:49:21,99.95
2025-01-01T10:49:22,95.99
2025-01-01T10:49:23,98.69
2025-01-01T10:49:24,108.68
2025-01-01T10:49:25,98.95
2025-01-01T10:49:26,99.03
2025-01-01T10:49:27,98.6
2025-01-01T10:49:28,103.35
2025-01-01T10:49:29,96.19
2025-01-01T10:49:30,99.24
2025-01-01T10:49:31,103.71
2025-01-01T10:49:32,109.18
2025-01-01T10:49:33,97.63
2025-01-01T10:49:34,93.06
2025-01-01T10:49:35,95.56
2025-01-01T10:49:36,104.5
2025-01-01T10:49:37,102.79
2025-01-01T10:49:38,100.17
2025-01-01T10:49:39,102.75
,98.55
2025-01-01T10:49:41,99.21
2025-01-01T10:49:42,102.52
2025-01-01T10:49:43,98.06
2025-01-01T10:49:44,98.69
2025-01-01T10:49:45,90.68
2025-01-01T10:49:46,106.43
2025-01-01T10:49:47,100.04
2025-01-01T10:49:48,96.55
2025-01-01T10:49:49,103.35
2025-01-01T10:49:50,99.92
2025-01-01T10:49:51,99.73
2025-01-01T10:49:52,104.54
2025-01-01T10:49:53,98.42
2025-01-01T10:49:54,94.09
2025-01-01T10:49:55,102.61
2025-01-01T10:49:56,95.45
2025-01-01T10:49:57,105.57
2025-01-01T10:49:58,97.11
2025-01-01T10:49:59,110.54
2025-01-01T10:50:00,105.04
2025-01-01T10:50:01,104.15
2025-01-01T10:50:02,97.73
2025-01-01T10:50:03,103.94
2025-01-01T10:50:04,
2025-01-01T10:50:05,104.04
2025-01-01T10:50:06,101.8
2025-01-01T10:50:07,92.23
2025-01-01T10:50:08,99.15
2025-01-01T10:50:09,106.72
2025-01-01T10:50:10,100.54
2025-01-01T10:50:11,100.99
2025-01-01T10:50:12,91.89
2025-01-01T10:50:13,102.7
2025-01-01T10:50:14,102.04
2025-01-01T10:50:15,96.48
2025-01-01T10:50:16,93.85
2025-01-01T10:50:17,105.74
,101.13
2025-01-01T10:50:19,102.04
2025-01-01T10:50:20,104.59
2025-01-01T10:50:21,100.08
2025-01-01T10:50:22,102.36
2025-01-01T10:50:23,102.86
2025-01-01T10:50:24,94.45
2025-01-01T10:50:25,107.52
2025-01-01T10:50:26,100.05
2025-01-01T10:50:27,92.15
2025-01-01T10:50:28,105.83
2025-01-01T10:50:29,107.71
2025-01-01T10:50:30,97.87
2025-01-01T10:50:31,98.69
2025-01-01T10:50:32,100.77
2025-01-01T10:50:33,102.04
2025-01-01T10:50:34,101.07
2025-01-01T10:50:35,92.95
2025-01-01T10:50:36,99.25
2025-01-01T10:50:37,101.77
2025-01-01T10:50:38,97.25
2025-01-01T10:50:39,100.47
2025-01-01T10:50:40,106.56
2025-01-01T10:50:41,100.05
2025-01-01T10:50:42,100.8
2025-01-01T10:50:43,105.39
2025-01-01T10:50:44,102.02
2025-01-01T10:50:45,96.44
2025-01-01T10:50:46,92.52
2025-01-01T10:50:47,95.11
2025-01-01T10:50:48,101.56
2025-01-01T10:50:49,99.97
2025-01-01T10:50:50,101.16
2025-01-01T10:50:51,97.72
2025-01-01T10:50:52,
2025-01-01T10:50:53,101.2
2025-01-01T10:50:54,101.19
2025-01-01T10:50:55,92.55
2025-01-01T10:50:56,101.01
2025-01-01T10:50:57,96.61
2025-01-01T10:50:58,104.65
2025-01-01T10:50:59,104.76
2025-01-01T10:51:00,
2025-01-01T10:51:01,111.58
2025-01-01T10:51:02,96.85
2025-01-01T10:51:03,104.97
2025-01-01T10:51:04,109.08
2025-01-01T10:51:05,98.49
2025-01-01T10:51:06,108.05
2025-01-01T10:51:07,104.37
2025-01-01T10:51:08,108.58
2025-01-01T10:51:09,89.06
2025-01-01T10:51:10,88.41
2025-01-01T10:51:11,89.19
2025-01-01T10:51:12,103.06
2025-01-01T10:51:13,108.31
,106.34
2025-01-01T10:51:15,100.11
2025-01-01T10:51:16,103.52
2025-01-01T10:51:17,97.7
2025-01-01T10:51:18,94.36
2025-01-01T10:51:19,100.95
2025-01-01T10:51:20,99.79
2025-01-01T10:51:21,
2025-01-01T10:51:22,98.07
2025-01-01T10:51:23,99.07
2025-01-01T10:51:24,103.61
2025-01-01T10:51:25,
2025-01-01T10:51:26,102.71
,106.42
2025-01-01T10:51:28,103.42
2025-01-01T10:51:29,95.89
2025-01-01T10:51:30,104.56
,101.7
2025-01-01T10:51:32,103.69
2025-01-01T10:51:33,100.95
2025-01-01T10:51:34,104.46
2025-01-01T10:51:35,102.36
2025-01-01T10:51:36,94.66
,96.55
2025-01-01T10:51:38,99.87
2025-01-01T10:51:39,99.12
2025-01-01T10:51:40,97.55
2025-01-01T10:51:41,95.73
2025-01-01T10:51:42,97.66
2025-01-01T10:51:43,96.62
2025-01-01T10:51:44,93.29
2025-01-01T10:51:45,100.15
2025-01-01T10:51:46,93.63
2025-01-01T10:51:47,104.32
2025-01-01T10:51:48,105.27
2025-01-01T10:51:49,96.75
2025-01-01T10:51:50,96.77
2025-01-01T10:51:51,101.77
2025-01-01T10:51:52,93.18
2025-01-01T10:51:53,96.29
2025-01-01T10:51:54,101.98
2025-01-01T10:51:55,107.88
2025-01-01T10:51:56,99.78
2025-01-01T10:51:57,101.02
2025-01-01T10:51:58,90.8
2025-01-01T10:51:59,92.16
2025-01-01T10:52:00,93.35
2025-01-01T10:52:01,104.86
2025-01-01T10:52:02,101.65
2025-01-01T10:52:03,103.52
2025-01-01T10:52:04,104.73
2025-01-01T10:52:05,95.19
2025-01-01T10:52:06,99.64
2025-01-01T10:52:07,103.55
2025-01-01T10:52:08,91.53
2025-01-01T10:52:09,101.16
2025-01-01T10:52:10,113.34
,99.95
2025-01-01T10:52:12,102.49
2025-01-01T10:52:13,102.36
2025-01-01T10:52:14,100.34
2025-01-01T10:52:15,102.55
2025-01-01T10:52:16,96.66
2025-01-01T10:52:17,106.86
2025-01-01T10:52:18,102.87
2025-01-01T10:52:19,105.92
2025-01-01T10:52:20,103.34
2025-01-01T10:52:21,96.3
2025-01-01T10:52:22,102.01
2025-01-01T10:52:23,93.69
2025-01-01T10:52:24,101.53
2025-01-01T10:52:25,100.92
2025-01-01T10:52:26,98.93
2025-01-01T10:52:27,98.21
2025-01-01T10:52:28,106.02
2025-01-01T10:52:29,107.25
2025-01-01T10:52:30,103.9
2025-01-01T10:52:31,100.3
2025-01-01T10:52:32,89.29
2025-01-01T10:52:33,102.19
2025-01-01T10:52:34,107.08
2025-01-01T10:52:35,98.82
,94.45
2025-01-01T10:52:37,99.35
2025-01-01T10:52:38,103.99
2025-01-01T10:52:39,95.32
2025-01-01T10:52:40,98.24
2025-01-01T10:52:41,108.65
2025-01-01T10:52:42,103.65
2025-01-01T10:52:43,101.6
2025-01-01T10:52:44,91.63
2025-01-01T10:52:45,99.07
2025-01-01T10:52:46,101.5
2025-01-01T10:52:47,101.13
2025-01-01T10:52:48,100.17
2025-01-01T10:52:49,104.71
2025-01-01T10:52:50,101.68
,99.37
2025-01-01T10:52:52,102.34
2025-01-01T10:52:53,102.08
2025-01-01T10:52:54,109.33
2025-01-01T10:52:55,102.37
2025-01-01T10:52:56,92.26
2025-01-01T10:52:57,100.7
2025-01-01T10:52:58,105.84
2025-01-01T10:52:59,92.05
2025-01-01T10:53:00,103.0
2025-01-01T10:53:01,92.01
2025-01-01T10:53:02,110.55
2025-01-01T10:53:03,100.77
2025-01-01T10:53:04,97.45
2025-01-01T10:53:05,93.43
2025-01-01T10:53:06,101.09
2025-01-01T10:53:07,100.93
2025-01-01T10:53:08,94.22
2025-01-01T10:53:09,106.33
2025-01-01T10:53:10,109.54
2025-01-01T10:53:11,102.15
2025-01-01T10:53:12,100.15
2025-01-01T10:53:13,96.02
2025-01-01T10:53:14,95.98
2025-01-01T10:53:15,99.87
2025-01-01T10:53:16,95.93
2025-01-01T10:53:17,96.98
2025-01-01T10:53:18,94.42
2025-01-01T10:53:19,101.55
2025-01-01T10:53:20,99.3
2025-01-01T10:53:21,96.35
2025-01-01T10:53:22,93.21
2025-01-01T10:53:23,97.54
2025-01-01T10:53:24,102.33
2025-01-01T10:53:25,103.53
2025-01-01T10:53:26,96.74
2025-01-01T10:53:27,107.41
2025-01-01T10:53:28,100.32
2025-01-01T10:53:29,99.19
2025-01-01T10:53:30,93.39
2025-01-01T10:53:31,100.23
2025-01-01T10:53:32,105.01
2025-01-01T10:53:33,106.55
2025-01-01T10:53:34,96.17
2025-01-01T10:53:35,100.57
2025-01-01T10:53:36,103.72
2025-01-01T10:53:37,111.66
2025-01-01T10:53:38,103.28
2025-01-01T10:53:39,97.46
2025-01-01T10:53:40,103.27
2025-01-01T10:53:41,99.5
,99.51
2025-01-01T10:53:43,94.65
2025-01-01T10:53:44,85.82
2025-01-01T10:53:45,94.47
2025-01-01T10:53:46,102.19
2025-01-01T10:53:47,103.56
2025-01-01T10:53:48,102.61
2025-01-01T10:53:49,102.61
2025-01-01T10:53:50,95.78
2025-01-01T10:53:51,97.86
2025-01-01T10:53:52,109.62
2025-01-01T10:53:53,98.56
2025-01-01T10:53:54,100.51
2025-01-01T10:53:55,93.59
2025-01-01T10:53:56,104.41
2025-01-01T10:53:57,103.29
2025-01-01T10:53:58,99.38
2025-01-01T10:53:59,105.59
2025-01-01T10:54:00,97.66
2025-01-01T10:54:01,104.95
2025-01-01T10:54:02,100.08
2025-01-01T10:54:03,108.71
2025-01-01T10:54:04,95.97
2025-01-01T10:54:05,101.64
2025-01-01T10:54:06,99.28
2025-01-01T10:54:07,94.86
2025-01-01T10:54:08,100.99
2025-01-01T10:54:09,92.22
2025-01-01T10:54:10,94.39
2025-01-01T10:54:11,96.26
2025-01-01T10:54:12,98.33
,103.75
2025-01-01T10:54:14,98.86
2025-01-01T10:54:15,98.61
2025-01-01T10:54:16,102.7
2025-01-01T10:54:17,101.59
2025-01-01T10:54:18,98.28
2025-01-01T10:54:19,93.99
2025-01-01T10:54:20,92.11
2025-01-01T10:54:21,101.13
2025-01-01T10:54:22,95.69
2025-01-01T10:54:23,98.91
2025-01-01T10:54:24,100.05
2025-01-01T10:54:25,89.81
2025-01-01T10:54:26,96.54
,106.75
2025-01-01T10:54:28,100.32
2025-01-01T10:54:29,99.89
2025-01-01T10:54:30,101.03
2025-01-01T10:54:31,103.77
2025-01-01T10:54:32,96.69
2025-01-01T10:54:33,94.26
2025-01-01T10:54:34,95.74
2025-01-01T10:54:35,101.72
2025-01-01T10:54:36,95.99
2025-01-01T10:54:37,98.62
2025-01-01T10:54:38,104.41
2025-01-01T10:54:39,97.35
2025-01-01T10:54:40,90.88
2025-01-01T10:54:41,102.61
2025-01-01T10:54:42,106.16
2025-01-01T10:54:43,103.02
2025-01-01T10:54:44,101.09
2025-01-01T10:54:45,97.4
2025-01-01T10:54:46,105.89
2025-01-01T10:54:47,100.83
2025-01-01T10:54:48,100.69
2025-01-01T10:54:49,101.72
2025-01-01T10:54:50,109.03
2025-01-01T10:54:51,98.09
2025-01-01T10:54:52,109.12
2025-01-01T10:54:53,108.94
2025-01-01T10:54:54,103.28
2025-01-01T10:54:55,103.34
2025-01-01T10:54:56,101.64
2025-01-01T10:54:57,103.4
2025-01-01T10:54:58,97.94
2025-01-01T10:54:59,108.5
2025-01-01T10:55:00,107.86
2025-01-01T10:55:01,104.42
2025-01-01T10:55:02,99.11
,103.06
2025-01-01T10:55:04,101.18
2025-01-01T10:55:05,101.84
2025-01-01T10:55:06,97.9
2025-01-01T10:55:07,105.37
2025-01-01T10:55:08,101.77
2025-01-01T10:55:09,110.28
2025-01-01T10:55:10,103.79
2025-01-01T10:55:11,101.35
2025-01-01T10:55:12,110.37
2025-01-01T10:55:13,93.39
2025-01-01T10:55:14,99.58
2025-01-01T10:55:15,95.87
2025-01-01T10:55:16,103.53
2025-01-01T10:55:17,105.13
2025-01-01T10:55:18,99.41
2025-01-01T10:55:19,95.86
2025-01-01T10:55:20,107.82
2025-01-01T10:55:21,97.27
2025-01-01T10:55:22,106.37
2025-01-01T10:55:23,96.23
2025-01-01T10:55:24,96.2
2025-01-01T10:55:25,97.73
2025-01-01T10:55:26,101.13
2025-01-01T10:55:27,94.24
2025-01-01T10:55:28,93.8
2025-01-01T10:55:29,100.4
2025-01-01T10:55:30,101.27
2025-01-01T10:55:31,
2025-01-01T10:55:32,90.04
2025-01-01T10:55:33,95.44
2025-01-01T10:55:34,97.36
2025-01-01T10:55:35,106.43
2025-01-01T10:55:36,96.99
2025-01-01T10:55:37,98.03
2025-01-01T10:55:38,94.65
2025-01-01T10:55:39,99.13
2025-01-01T10:55:40,99.52
2025-01-01T10:55:41,102.83
2025-01-01T10:55:42,88.72
2025-01-01T10:55:43,103.26
2025-01-01T10:55:44,93.62
2025-01-01T10:55:45,99.96
2025-01-01T10:55:46,93.24
2025-01-01T10:55:47,102.16
2025-01-01T10:55:48,95.06
2025-01-01T10:55:49,107.58
2025-01-01T10:55:50,96.13
2025-01-01T10:55:51,92.18
2025-01-01T10:55:52,97.49
2025-01-01T10:55:53,92.92
2025-01-01T10:55:54,96.57
2025-01-01T10:55:55,109.4
2025-01-01T10:55:56,96.27
2025-01-01T10:55:57,105.15
2025-01-01T10:55:58,102.27
2025-01-01T10:55:59,107.74
2025-01-01T10:56:00,100.25
2025-01-01T10:56:01,90.92
2025-01-01T10:56:02,98.53
2025-01-01T10:56:03,88.7
2025-01-01T10:56:04,
2025-01-01T10:56:05,110.65
2025-01-01T10:56:06,99.95
2025-01-01T10:56:07,105.31
,92.05
2025-01-01T10:56:09,100.14
2025-01-01T10:56:10,97.21
2025-01-01T10:56:11,95.92
2025-01-01T10:56:12,92.66
2025-01-01T10:56:13,94.16
2025-01-01T10:56:14,111.5
2025-01-01T10:56:15,107.0
2025-01-01T10:56:16,100.99
2025-01-01T10:56:17,98.56
2025-01-01T10:56:18,108.42
2025-01-01T10:56:19,96.12
2025-01-01T10:56:20,101.84
2025-01-01T10:56:21,97.45
2025-01-01T10:56:22,95.4
2025-01-01T10:56:23,99.34
2025-01-01T10:56:24,100.82
2025-01-01T10:56:25,100.46
2025-01-01T10:56:26,100.45
2025-01-01T10:56:27,95.66
2025-01-01T10:56:28,101.44
2025-01-01T10:56:29,96.45
2025-01-01T10:56:30,104.92
2025-01-01T10:56:31,100.49
2025-01-01T10:56:32,105.36
2025-01-01T10:56:33,99.01
2025-01-01T10:56:34,99.28
2025-01-01T10:56:35,94.68
2025-01-01T10:56:36,100.79
2025-01-01T10:56:37,95.67
2025-01-01T10:56:38,99.39
2025-01-01T10:56:39,97.71
2025-01-01T10:56:40,101.0
2025-01-01T10:56:41,98.6
2025-01-01T10:56:42,105.05
2025-01-01T10:56:43,105.66
2025-01-01T10:56:44,107.15
2025-01-01T10:56:45,101.89
2025-01-01T10:56:46,95.6
2025-01-01T10:56:47,102.37
2025-01-01T10:56:48,98.32
2025-01-01T10:56:49,98.39
2025-01-01T10:56:50,105.07
2025-01-01T10:56:51,98.09
2025-01-01T10:56:52,95.39
2025-01-01T10:56:53,101.61
2025-01-01T10:56:54,98.87
2025-01-01T10:56:55,103.12
2025-01-01T10:56:56,98.83
2025-01-01T10:56:57,101.92
2025-01-01T10:56:58,101.84
2025-01-01T10:56:59,102.09
2025-01-01T10:57:00,102.0
2025-01-01T10:57:01,105.26
2025-01-01T10:57:02,96.97
2025-01-01T10:57:03,92.27
2025-01-01T10:57:04,98.49
2025-01-01T10:57:05,99.61
2025-01-01T10:57:06,102.34
2025-01-01T10:57:07,97.51
2025-01-01T10:57:08,95.75
2025-01-01T10:57:09,98.59
2025-01-01T10:57:10,96.67
2025-01-01T10:57:11,89.56
2025-01-01T10:57:12,112.35
2025-01-01T10:57:13,96.98
2025-01-01T10:57:14,106.99
2025-01-01T10:57:15,100.65
2025-01-01T10:57:16,95.45
2025-01-01T10:57:17,94.36
2025-01-01T10:57:18,102.17
2025-01-01T10:57:19,101.54
2025-01-01T10:57:20,96.47
2025-01-01T10:57:21,100.16
2025-01-01T10:57:22,98.97
2025-01-01T10:57:23,93.79
2025-01-01T10:57:24,96.75
2025-01-01T10:57:25,97.19
2025-01-01T10:57:26,95.62
2025-01-01T10:57:27,98.73
2025-01-01T10:57:28,90.12
2025-01-01T10:57:29,89.26
2025-01-01T10:57:30,96.54
2025-01-01T10:57:31,101.79
2025-01-01T10:57:32,101.0
2025-01-01T10:57:33,106.45
2025-01-01T10:57:34,96.73
2025-01-01T10:57:35,98.34
2025-01-01T10:57:36,99.26
2025-01-01T10:57:37,98.35
2025-01-01T10:57:38,101.94
2025-01-01T10:57:39,102.73
2025-01-01T10:57:40,99.34
2025-01-01T10:57:41,94.65
2025-01-01T10:57:42,96.77
2025-01-01T10:57:43,92.37
2025-01-01T10:57:44,92.78
2025-01-01T10:57:45,93.75
2025-01-01T10:57:46,
2025-01-01T10:57:47,102.2
2025-01-01T10:57:48,96.19
2025-01-01T10:57:49,98.67
2025-01-01T10:57:50,107.3
2025-01-01T10:57:51,
2025-01-01T10:57:52,96.76
2025-01-01T10:57:53,100.37
2025-01-01T10:57:54,102.34
2025-01-01T10:57:55,96.91
2025-01-01T10:57:56,101.43
2025-01-01T10:57:57,102.55
2025-01-01T10:57:58,105.49
2025-01-01T10:57:59,105.2
2025-01-01T10:58:00,106.36
2025-01-01T10:58:01,98.94
2025-01-01T10:58:02,102.46
2025-01-01T10:58:03,97.57
2025-01-01T10:58:04,96.04
2025-01-01T10:58:05,97.26
2025-01-01T10:58:06,95.4
2025-01-01T10:58:07,
2025-01-01T10:58:08,104.49
2025-01-01T10:58:09,98.45
2025-01-01T10:58:10,108.16
2025-01-01T10:58:11,94.96
2025-01-01T10:58:12,100.85
2025-01-01T10:58:13,99.07
2025-01-01T10:58:14,97.75
2025-01-01T10:58:15,90.16
2025-01-01T10:58:16,101.39
2025-01-01T10:58:17,102.41
2025-01-01T10:58:18,104.32
2025-01-01T10:58:19,109.58
2025-01-01T10:58:20,104.42
2025-01-01T10:58:21,102.03
2025-01-01T10:58:22,98.29
2025-01-01T10:58:23,102.33
2025-01-01T10:58:24,92.9
2025-01-01T10:58:25,98.34
2025-01-01T10:58:26,103.93
2025-01-01T10:58:27,103.46
,109.97
2025-01-01T10:58:29,101.14
2025-01-01T10:58:30,98.27
2025-01-01T10:58:31,102.88
2025-01-01T10:58:32,98.77
2025-01-01T10:58:33,94.13
2025-01-01T10:58:34,95.6
2025-01-01T10:58:35,103.66
,97.32
2025-01-01T10:58:37,92.42
2025-01-01T10:58:38,96.73
2025-01-01T10:58:39,104.89
2025-01-01T10:58:40,95.14
2025-01-01T10:58:41,109.7
2025-01-01T10:58:42,97.12
2025-01-01T10:58:43,102.06
2025-01-01T10:58:44,103.01
2025-01-01T10:58:45,102.57
2025-01-01T10:58:46,104.71
2025-01-01T10:58:47,102.88
2025-01-01T10:58:48,96.5
2025-01-01T10:58:49,102.33
2025-01-01T10:58:50,100.16
2025-01-01T10:58:51,
2025-01-01T10:58:52,101.74
2025-01-01T10:58:53,96.85
2025-01-01T10:58:54,101.56
2025-01-01T10:58:55,100.73
2025-01-01T10:58:56,101.1
2025-01-01T10:58:57,98.11
2025-01-01T10:58:58,88.11
2025-01-01T10:58:59,92.5
2025-01-01T10:59:00,104.81
2025-01-01T10:59:01,105.74
2025-01-01T10:59:02,102.57
2025-01-01T10:59:03,83.88
2025-01-01T10:59:04,98.98
2025-01-01T10:59:05,104.07
2025-01-01T10:59:06,98.21
2025-01-01T10:59:07,93.15
2025-01-01T10:59:08,102.25
2025-01-01T10:59:09,97.2
2025-01-01T10:59:10,99.68
2025-01-01T10:59:11,99.43
2025-01-01T10:59:12,102.21
2025-01-01T10:59:13,
2025-01-01T10:59:14,101.68
2025-01-01T10:59:15,97.08
2025-01-01T10:59:16,99.15
2025-01-01T10:59:17,107.02
2025-01-01T10:59:18,98.53
2025-01-01T10:59:19,104.95
2025-01-01T10:59:20,98.32
2025-01-01T10:59:21,103.26
2025-01-01T10:59:22,101.32
2025-01-01T10:59:23,99.87
2025-01-01T10:59:24,99.43
2025-01-01T10:59:25,111.9
,102.04
2025-01-01T10:59:27,101.65
2025-01-01T10:59:28,94.93
2025-01-01T10:59:29,99.24
2025-01-01T10:59:30,99.36
2025-01-01T10:59:31,96.92
2025-01-01T10:59:32,99.49
2025-01-01T10:59:33,100.16
2025-01-01T10:59:34,108.96
2025-01-01T10:59:35,97.54
2025-01-01T10:59:36,104.46
2025-01-01T10:59:37,88.11
2025-01-01T10:59:38,
2025-01-01T10:59:39,90.67
2025-01-01T10:59:40,104.83
2025-01-01T10:59:41,96.27
2025-01-01T10:59:42,93.27
2025-01-01T10:59:43,
2025-01-01T10:59:44,102.34
,95.24
2025-01-01T10:59:46,99.63
2025-01-01T10:59:47,103.3
2025-01-01T10:59:48,105.25
2025-01-01T10:59:49,95.72
2025-01-01T10:59:50,102.27
2025-01-01T10:59:51,97.27
2025-01-01T10:59:52,94.75
2025-01-01T10:59:53,97.14
2025-01-01T10:59:54,93.18
2025-01-01T10:59:55,96.82
2025-01-01T10:59:56,101.61
2025-01-01T10:59:57,99.23
2025-01-01T10:59:58,99.22
2025-01-01T10:59:59,97.45
2025-01-01T11:00:00,96.79
2025-01-01T11:00:01,89.38
2025-01-01T11:00:02,98.2
2025-01-01T11:00:03,102.5
2025-01-01T11:00:04,103.2
2025-01-01T11:00:05,
2025-01-01T11:00:06,97.61
2025-01-01T11:00:07,96.9
2025-01-01T11:00:08,97.89
2025-01-01T11:00:09,103.98
2025-01-01T11:00:10,101.22
2025-01-01T11:00:11,100.24
2025-01-01T11:00:12,97.83
2025-01-01T11:00:13,97.37
2025-01-01T11:00:14,93.27
2025-01-01T11:00:15,98.45
2025-01-01T11:00:16,94.25
2025-01-01T11:00:17,99.06
2025-01-01T11:00:18,108.69
2025-01-01T11:00:19,97.33
2025-01-01T11:00:20,97.57
2025-01-01T11:00:21,104.8
2025-01-01T11:00:22,101.64
2025-01-01T11:00:23,90.41
2025-01-01T11:00:24,107.22
2025-01-01T11:00:25,101.74
2025-01-01T11:00:26,99.77
2025-01-01T11:00:27,101.54
2025-01-01T11:00:28,97.01
2025-01-01T11:00:29,102.09
2025-01-01T11:00:30,104.16
,95.5
2025-01-01T11:00:32,96.61
2025-01-01T11:00:33,97.22
2025-01-01T11:00:34,101.31
2025-01-01T11:00:35,97.4
2025-01-01T11:00:36,104.45
2025-01-01T11:00:37,103.28
2025-01-01T11:00:38,106.35
2025-01-01T11:00:39,96.0
2025-01-01T11:00:40,102.89
2025-01-01T11:00:41,100.5
2025-01-01T11:00:42,105.88
2025-01-01T11:00:43,98.05
2025-01-01T11:00:44,96.37
2025-01-01T11:00:45,105.34
2025-01-01T11:00:46,
2025-01-01T11:00:47,105.53
2025-01-01T11:00:48,97.27
2025-01-01T11:00:49,99.43
2025-01-01T11:00:50,103.63
2025-01-01T11:00:51,101.27
2025-01-01T11:00:52,104.18
2025-01-01T11:00:53,100.12
2025-01-01T11:00:54,101.89
2025-01-01T11:00:55,98.97
2025-01-01T11:00:56,93.46
2025-01-01T11:00:57,90.76
2025-01-01T11:00:58,97.38
2025-01-01T11:00:59,99.01
2025-01-01T11:01:00,102.77
2025-01-01T11:01:01,104.99
2025-01-01T11:01:02,101.7
2025-01-01T11:01:03,96.03
2025-01-01T11:01:04,114.0
2025-01-01T11:01:05,99.35
2025-01-01T11:01:06,96.99
2025-01-01T11:01:07,107.85
2025-01-01T11:01:08,103.85
2025-01-01T11:01:09,100.67
2025-01-01T11:01:10,97.6
2025-01-01T11:01:11,105.57
2025-01-01T11:01:12,94.61
2025-01-01T11:01:13,86.47
2025-01-01T11:01:14,100.62
2025-01-01T11:01:15,96.65
2025-01-01T11:01:16,94.16
2025-01-01T11:01:17,103.55
2025-01-01T11:01:18,108.84
2025-01-01T11:01:19,96.83
2025-01-01T11:01:20,104.52
2025-01-01T11:01:21,104.06
2025-01-01T11:01:22,105.91
2025-01-01T11:01:23,107.67
2025-01-01T11:01:24,93.39
2025-01-01T11:01:25,104.95
2025-01-01T11:01:26,97.25
2025-01-01T11:01:27,95.58
2025-01-01T11:01:28,97.88
2025-01-01T11:01:29,98.97
2025-01-01T11:01:30,94.61
2025-01-01T11:01:31,98.4
2025-01-01T11:01:32,96.91
,105.17
2025-01-01T11:01:34,101.0
2025-01-01T11:01:35,95.7
2025-01-01T11:01:36,92.19
2025-01-01T11:01:37,99.04
2025-01-01T11:01:38,96.25
2025-01-01T11:01:39,103.08
2025-01-01T11:01:40,106.16
2025-01-01T11:01:41,100.13
2025-01-01T11:01:42,90.93
2025-01-01T11:01:43,95.65
2025-01-01T11:01:44,99.48
2025-01-01T11:01:45,109.1
2025-01-01T11:01:46,97.3
2025-01-01T11:01:47,95.0
2025-01-01T11:01:48,103.05
2025-01-01T11:01:49,102.09
2025-01-01T11:01:50,110.5
2025-01-01T11:01:51,102.07
2025-01-01T11:01:52,96.89
2025-01-01T11:01:53,102.68
2025-01-01T11:01:54,95.07
2025-01-01T11:01:55,109.31
2025-01-01T11:01:56,100.37
2025-01-01T11:01:57,98.97
2025-01-01T11:01:58,99.73
2025-01-01T11:01:59,99.33
2025-01-01T11:02:00,98.16
2025-01-01T11:02:01,109.3
2025-01-01T11:02:02,100.63
2025-01-01T11:02:03,95.7
2025-01-01T11:02:04,98.67
2025-01-01T11:02:05,101.84
2025-01-01T11:02:06,97.03
2025-01-01T11:02:07,102.86
2025-01-01T11:02:08,104.41
2025-01-01T11:02:09,
2025-01-01T11:02:10,97.26
2025-01-01T11:02:11,96.47
2025-01-01T11:02:12,102.67
,95.28
2025-01-01T11:02:14,99.94
2025-01-01T11:02:15,93.65
2025-01-01T11:02:16,105.41
2025-01-01T11:02:17,98.43
2025-01-01T11:02:18,99.89
2025-01-01T11:02:19,105.99
2025-01-01T11:02:20,97.45
2025-01-01T11:02:21,
2025-01-01T11:02:22,91.91
2025-01-01T11:02:23,93.32
2025-01-01T11:02:24,99.37
2025-01-01T11:02:25,104.28
2025-01-01T11:02:26,107.45
2025-01-01T11:02:27,101.59
2025-01-01T11:02:28,111.5
2025-01-01T11:02:29,101.69
2025-01-01T11:02:30,98.4
2025-01-01T11:02:31,91.5
2025-01-01T11:02:32,103.08
2025-01-01T11:02:33,92.43
2025-01-01T11:02:34,99.96
2025-01-01T11:02:35,103.83
2025-01-01T11:02:36,105.33
2025-01-01T11:02:37,94.54
2025-01-01T11:02:38,98.53
2025-01-01T11:02:39,93.32
2025-01-01T11:02:40,89.98
2025-01-01T11:02:41,103.47
2025-01-01T11:02:42,109.88
2025-01-01T11:02:43,
2025-01-01T11:02:44,94.14
2025-01-01T11:02:45,96.81
2025-01-01T11:02:46,105.14
2025-01-01T11:02:47,103.73
2025-01-01T11:02:48,104.67
2025-01-01T11:02:49,
2025-01-01T11:02:50,100.11
2025-01-01T11:02:51,93.87
2025-01-01T11:02:52,102.66
2025-01-01T11:02:53,105.26
2025-01-01T11:02:54,97.98
2025-01-01T11:02:55,102.89
2025-01-01T11:02:56,104.64
2025-01-01T11:02:57,100.29
2025-01-01T11:02:58,107.89
2025-01-01T11:02:59,97.43
2025-01-01T11:03:00,98.27
2025-01-01T11:03:01,98.28
2025-01-01T11:03:02,102.74
2025-01-01T11:03:03,90.78
2025-01-01T11:03:04,102.66
2025-01-01T11:03:05,103.54
2025-01-01T11:03:06,101.06
2025-01-01T11:03:07,92.17
2025-01-01T11:03:08,100.92
,94.72
2025-01-01T11:03:10,103.64
2025-01-01T11:03:11,111.14
2025-01-01T11:03:12,90.63
2025-01-01T11:03:13,104.17
2025-01-01T11:03:14,99.63
2025-01-01T11:03:15,105.21
2025-01-01T11:03:16,105.58
2025-01-01T11:03:17,97.03
2025-01-01T11:03:18,99.92
2025-01-01T11:03:19,112.27
2025-01-01T11:03:20,97.28
2025-01-01T11:03:21,95.77
2025-01-01T11:03:22,96.23
2025-01-01T11:03:23,111.19
2025-01-01T11:03:24,101.53
2025-01-01T11:03:25,97.42
2025-01-01T11:03:26,105.35
2025-01-01T11:03:27,97.91
2025-01-01T11:03:28,104.53
2025-01-01T11:03:29,105.05
2025-01-01T11:03:30,100.63
2025-01-01T11:03:31,97.42
2025-01-01T11:03:32,104.32
2025-01-01T11:03:33,93.58
2025-01-01T11:03:34,106.99
2025-01-01T11:03:35,97.47
2025-01-01T11:03:36,115.0
2025-01-01T11:03:37,96.72
2025-01-01T11:03:38,93.76
2025-01-01T11:03:39,98.0
2025-01-01T11:03:40,98.25
2025-01-01T11:03:41,101.46
2025-01-01T11:03:42,99.86
2025-01-01T11:03:43,101.36
2025-01-01T11:03:44,94.24
2025-01-01T11:03:45,97.61
2025-01-01T11:03:46,100.89
2025-01-01T11:03:47,104.9
2025-01-01T11:03:48,96.27
2025-01-01T11:03:49,107.75
2025-01-01T11:03:50,98.54
2025-01-01T11:03:51,95.31
2025-01-01T11:03:52,106.35
2025-01-01T11:03:53,94.95
2025-01-01T11:03:54,107.83
2025-01-01T11:03:55,97.13
2025-01-01T11:03:56,99.47
2025-01-01T11:03:57,98.02
2025-01-01T11:03:58,95.6
2025-01-01T11:03:59,
2025-01-01T11:04:00,105.98
2025-01-01T11:04:01,104.78
2025-01-01T11:04:02,103.5
2025-01-01T11:04:03,106.87
2025-01-01T11:04:04,99.41
2025-01-01T11:04:05,89.72
2025-01-01T11:04:06,98.43
2025-01-01T11:04:07,98.36
2025-01-01T11:04:08,95.93
2025-01-01T11:04:09,98.38
2025-01-01T11:04:10,90.75
2025-01-01T11:04:11,105.06
2025-01-01T11:04:12,101.72
2025-01-01T11:04:13,105.91
2025-01-01T11:04:14,98.37
2025-01-01T11:04:15,103.15
2025-01-01T11:04:16,94.23
2025-01-01T11:04:17,107.43
2025-01-01T11:04:18,95.68
2025-01-01T11:04:19,94.83
2025-01-01T11:04:20,105.0
2025-01-01T11:04:21,96.82
2025-01-01T11:04:22,107.5
2025-01-01T11:04:23,105.85
2025-01-01T11:04:24,
2025-01-01T11:04:25,103.03
2025-01-01T11:04:26,99.89
2025-01-01T11:04:27,104.31
2025-01-01T11:04:28,96.12
2025-01-01T11:04:29,94.8
2025-01-01T11:04:30,99.78
2025-01-01T11:04:31,97.06
2025-01-01T11:04:32,90.11
2025-01-01T11:04:33,98.14
,104.13
2025-01-01T11:04:35,99.85
2025-01-01T11:04:36,101.77
2025-01-01T11:04:37,100.6
2025-01-01T11:04:38,99.96
2025-01-01T11:04:39,96.34
2025-01-01T11:04:40,92.52
2025-01-01T11:04:41,100.63
2025-01-01T11:04:42,104.53
2025-01-01T11:04:43,94.73
2025-01-01T11:04:44,96.03
2025-01-01T11:04:45,108.17
2025-01-01T11:04:46,86.98
2025-01-01T11:04:47,
2025-01-01T11:04:48,97.4
2025-01-01T11:04:49,96.11
2025-01-01T11:04:50,93.27
2025-01-01T11:04:51,98.69
2025-01-01T11:04:52,105.66
2025-01-01T11:04:53,101.52
2025-01-01T11:04:54,101.95
2025-01-01T11:04:55,109.92
2025-01-01T11:04:56,100.67
2025-01-01T11:04:57,98.16
2025-01-01T11:04:58,100.25
2025-01-01T11:04:59,100.42
2025-01-01T11:05:00,101.57
2025-01-01T11:05:01,93.64
2025-01-01T11:05:02,89.13
2025-01-01T11:05:03,101.47
2025-01-01T11:05:04,100.68
2025-01-01T11:05:05,94.12
2025-01-01T11:05:06,98.22
2025-01-01T11:05:07,105.78
2025-01-01T11:05:08,92.86
2025-01-01T11:05:09,
2025-01-01T11:05:10,
2025-01-01T11:05:11,95.23
2025-01-01T11:05:12,97.96
2025-01-01T11:05:13,102.63
2025-01-01T11:05:14,99.9
2025-01-01T11:05:15,102.71
2025-01-01T11:05:16,105.48
2025-01-01T11:05:17,94.55
2025-01-01T11:05:18,102.14
2025-01-01T11:05:19,94.95
2025-01-01T11:05:20,101.19
2025-01-01T11:05:21,96.9
2025-01-01T11:05:22,108.65
2025-01-01T11:05:23,99.69
2025-01-01T11:05:24,111.3
2025-01-01T11:05:25,97.89
2025-01-01T11:05:26,99.22
2025-01-01T11:05:27,97.17
2025-01-01T11:05:28,92.56
2025-01-01T11:05:29,105.72
2025-01-01T11:05:30,103.29
2025-01-01T11:05:31,105.97
2025-01-01T11:05:32,96.96
2025-01-01T11:05:33,95.66
2025-01-01T11:05:34,107.72
2025-01-01T11:05:35,98.87
2025-01-01T11:05:36,94.47
2025-01-01T11:05:37,101.83
2025-01-01T11:05:38,100.59
2025-01-01T11:05:39,99.61
2025-01-01T11:05:40,106.01
2025-01-01T11:05:41,95.39
2025-01-01T11:05:42,99.78
2025-01-01T11:05:43,100.57
2025-01-01T11:05:44,101.76
2025-01-01T11:05:45,96.99
2025-01-01T11:05:46,101.54
2025-01-01T11:05:47,107.19
2025-01-01T11:05:48,96.65
2025-01-01T11:05:49,95.82
2025-01-01T11:05:50,99.32
2025-01-01T11:05:51,105.63
2025-01-01T11:05:52,97.27
2025-01-01T11:05:53,98.52
2025-01-01T11:05:54,100.93
2025-01-01T11:05:55,102.6
2025-01-01T11:05:56,99.35
2025-01-01T11:05:57,93.16
2025-01-01T11:05:58,104.95
2025-01-01T11:05:59,98.82
2025-01-01T11:06:00,98.24
2025-01-01T11:06:01,104.22
2025-01-01T11:06:02,94.28
2025-01-01T11:06:03,
2025-01-01T11:06:04,102.85
2025-01-01T11:06:05,103.9
2025-01-01T11:06:06,96.6
2025-01-01T11:06:07,96.3
2025-01-01T11:06:08,94.63
2025-01-01T11:06:09,98.07
2025-01-01T11:06:10,105.15
2025-01-01T11:06:11,97.42
2025-01-01T11:06:12,90.38
2025-01-01T11:06:13,101.19
2025-01-01T11:06:14,105.22
2025-01-01T11:06:15,94.91
2025-01-01T11:06:16,100.31
2025-01-01T11:06:17,97.53
2025-01-01T11:06:18,102.58
2025-01-01T11:06:19,96.81
2025-01-01T11:06:20,102.36
2025-01-01T11:06:21,112.91
2025-01-01T11:06:22,97.65
2025-01-01T11:06:23,92.89
2025-01-01T11:06:24,106.73
2025-01-01T11:06:25,98.34
2025-01-01T11:06:26,101.02
2025-01-01T11:06:27,102.88
2025-01-01T11:06:28,99.45
2025-01-01T11:06:29,106.5
2025-01-01T11:06:30,103.61
2025-01-01T11:06:31,91.6
2025-01-01T11:06:32,101.44
2025-01-01T11:06:33,104.34
2025-01-01T11:06:34,99.81
2025-01-01T11:06:35,101.29
2025-01-01T11:06:36,93.86
2025-01-01T11:06:37,103.94
2025-01-01T11:06:38,105.25
2025-01-01T11:06:39,97.76
2025-01-01T11:06:40,98.06
2025-01-01T11:06:41,
2025-01-01T11:06:42,87.59
2025-01-01T11:06:43,90.76
2025-01-01T11:06:44,103.0
2025-01-01T11:06:45,97.8
2025-01-01T11:06:46,98.57
2025-01-01T11:06:47,104.16
2025-01-01T11:06:48,102.11
2025-01-01T11:06:49,101.93
2025-01-01T11:06:50,90.27
2025-01-01T11:06:51,97.09
2025-01-01T11:06:52,105.34
2025-01-01T11:06:53,99.27
2025-01-01T11:06:54,94.06
2025-01-01T11:06:55,106.92
2025-01-01T11:06:56,102.45
2025-01-01T11:06:57,101.94
2025-01-01T11:06:58,100.21
2025-01-01T11:06:59,107.68
2025-01-01T11:07:00,103.6
2025-01-01T11:07:01,99.97
2025-01-01T11:07:02,98.12
2025-01-01T11:07:03,104.23
2025-01-01T11:07:04,93.37
2025-01-01T11:07:05,98.77
2025-01-01T11:07:06,98.73
2025-01-01T11:07:07,107.43
2025-01-01T11:07:08,101.13
2025-01-01T11:07:09,89.88
2025-01-01T11:07:10,98.23
2025-01-01T11:07:11,98.87
2025-01-01T11:07:12,103.12
2025-01-01T11:07:13,102.47
2025-01-01T11:07:14,97.71
2025-01-01T11:07:15,96.55
2025-01-01T11:07:16,95.33
2025-01-01T11:07:17,97.2
2025-01-01T11:07:18,105.73
2025-01-01T11:07:19,101.18
2025-01-01T11:07:20,107.53
2025-01-01T11:07:21,99.43
2025-01-01T11:07:22,103.59
2025-01-01T11:07:23,104.28
2025-01-01T11:07:24,103.04
2025-01-01T11:07:25,101.44
2025-01-01T11:07:26,81.27
2025-01-01T11:07:27,103.81
2025-01-01T11:07:28,107.26
2025-01-01T11:07:29,97.4
2025-01-01T11:07:30,100.12
2025-01-01T11:07:31,105.61
2025-01-01T11:07:32,106.05
2025-01-01T11:07:33,108.24
2025-01-01T11:07:34,99.2
2025-01-01T11:07:35,92.76
2025-01-01T11:07:36,98.94
2025-01-01T11:07:37,97.55
2025-01-01T11:07:38,108.89
2025-01-01T11:07:39,97.08
2025-01-01T11:07:40,102.68
2025-01-01T11:07:41,99.8
2025-01-01T11:07:42,99.17
2025-01-01T11:07:43,103.12
2025-01-01T11:07:44,99.01
2025-01-01T11:07:45,92.81
2025-01-01T11:07:46,88.62
2025-01-01T11:07:47,102.52
2025-01-01T11:07:48,100.85
2025-01-01T11:07:49,105.13
2025-01-01T11:07:50,106.06
2025-01-01T11:07:51,96.81
2025-01-01T11:07:52,97.02
2025-01-01T11:07:53,101.88
2025-01-01T11:07:54,95.48
2025-01-01T11:07:55,93.98
2025-01-01T11:07:56,103.71
2025-01-01T11:07:57,104.97
2025-01-01T11:07:58,99.88
2025-01-01T11:07:59,93.19
2025-01-01T11:08:00,107.73
2025-01-01T11:08:01,102.89
2025-01-01T11:08:02,100.58
2025-01-01T11:08:03,97.83
2025-01-01T11:08:04,98.9
2025-01-01T11:08:05,97.05
2025-01-01T11:08:06,102.4
2025-01-01T11:08:07,104.63
2025-01-01T11:08:08,100.81
2025-01-01T11:08:09,90.77
2025-01-01T11:08:10,101.62
2025-01-01T11:08:11,94.04
2025-01-01T11:08:12,109.43
2025-01-01T11:08:13,100.04
2025-01-01T11:08:14,94.27
2025-01-01T11:08:15,102.37
2025-01-01T11:08:16,106.16
2025-01-01T11:08:17,109.06
2025-01-01T11:08:18,105.19
2025-01-01T11:08:19,93.98
2025-01-01T11:08:20,91.86
2025-01-01T11:08:21,99.85
2025-01-01T11:08:22,102.84
2025-01-01T11:08:23,99.11
2025-01-01T11:08:24,90.62
2025-01-01T11:08:25,99.36
2025-01-01T11:08:26,98.73
2025-01-01T11:08:27,94.5
2025-01-01T11:08:28,103.54
2025-01-01T11:08:29,102.85
2025-01-01T11:08:30,106.52
2025-01-01T11:08:31,105.73
2025-01-01T11:08:32,96.72
2025-01-01T11:08:33,97.19
2025-01-01T11:08:34,105.27
2025-01-01T11:08:35,99.71
2025-01-01T11:08:36,102.01
2025-01-01T11:08:37,95.49
2025-01-01T11:08:38,94.95
2025-01-01T11:08:39,96.08
2025-01-01T11:08:40,94.58
2025-01-01T11:08:41,86.86
2025-01-01T11:08:42,97.86
2025-01-01T11:08:43,91.4
2025-01-01T11:08:44,101.05
2025-01-01T11:08:45,103.35
2025-01-01T11:08:46,101.75
2025-01-01T11:08:47,94.44
2025-01-01T11:08:48,103.01
2025-01-01T11:08:49,96.98
2025-01-01T11:08:50,96.87
2025-01-01T11:08:51,94.67
2025-01-01T11:08:52,102.9
2025-01-01T11:08:53,103.29
2025-01-01T11:08:54,108.23
2025-01-01T11:08:55,103.92
2025-01-01T11:08:56,100.51
2025-01-01T11:08:57,105.3
2025-01-01T11:08:58,101.01
2025-01-01T11:08:59,101.21
,98.98
2025-01-01T11:09:01,105.74
2025-01-01T11:09:02,95.06
2025-01-01T11:09:03,98.57
2025-01-01T11:09:04,102.81
2025-01-01T11:09:05,92.54
2025-01-01T11:09:06,97.48
2025-01-01T11:09:07,104.42
2025-01-01T11:09:08,102.28
2025-01-01T11:09:09,99.48
2025-01-01T11:09:10,104.59
2025-01-01T11:09:11,90.81
2025-01-01T11:09:12,100.03
2025-01-01T11:09:13,98.45
2025-01-01T11:09:14,95.41
2025-01-01T11:09:15,94.88
2025-01-01T11:09:16,104.14
2025-01-01T11:09:17,93.52
2025-01-01T11:09:18,108.89
2025-01-01T11:09:19,98.27
2025-01-01T11:09:20,100.73
,105.05
2025-01-01T11:09:22,106.39
2025-01-01T11:09:23,100.87
2025-01-01T11:09:24,113.05
2025-01-01T11:09:25,103.61
2025-01-01T11:09:26,97.7
2025-01-01T11:09:27,108.74
2025-01-01T11:09:28,100.22
2025-01-01T11:09:29,95.0
2025-01-01T11:09:30,90.93
2025-01-01T11:09:31,99.7
2025-01-01T11:09:32,97.57
2025-01-01T11:09:33,93.62
2025-01-01T11:09:34,95.74
2025-01-01T11:09:35,95.88
2025-01-01T11:09:36,100.04
2025-01-01T11:09:37,102.0
2025-01-01T11:09:38,93.78
2025-01-01T11:09:39,86.98
2025-01-01T11:09:40,104.95
2025-01-01T11:09:41,100.4
2025-01-01T11:09:42,
2025-01-01T11:09:43,97.23
2025-01-01T11:09:44,95.69
2025-01-01T11:09:45,108.43
2025-01-01T11:09:46,102.43
2025-01-01T11:09:47,102.67
2025-01-01T11:09:48,106.16
2025-01-01T11:09:49,103.85
2025-01-01T11:09:50,105.1
2025-01-01T11:09:51,92.54
2025-01-01T11:09:52,98.62
2025-01-01T11:09:53,90.9
2025-01-01T11:09:54,87.9
2025-01-01T11:09:55,99.74
2025-01-01T11:09:56,104.19
2025-01-01T11:09:57,104.32
2025-01-01T11:09:58,107.41
2025-01-01T11:09:59,96.89
2025-01-01T11:10:00,92.84
2025-01-01T11:10:01,93.9
2025-01-01T11:10:02,108.07
2025-01-01T11:10:03,108.7
2025-01-01T11:10:04,102.36
2025-01-01T11:10:05,96.68
2025-01-01T11:10:06,98.11
2025-01-01T11:10:07,
2025-01-01T11:10:08,102.69
2025-01-01T11:10:09,101.64
2025-01-01T11:10:10,97.42
2025-01-01T11:10:11,103.46
2025-01-01T11:10:12,103.54
2025-01-01T11:10:13,96.87
2025-01-01T11:10:14,92.05
2025-01-01T11:10:15,99.8
2025-01-01T11:10:16,100.73
2025-01-01T11:10:17,100.44
2025-01-01T11:10:18,108.5
2025-01-01T11:10:19,105.69
2025-01-01T11:10:20,97.04
2025-01-01T11:10:21,105.39
2025-01-01T11:10:22,100.46
2025-01-01T11:10:23,93.31
2025-01-01T11:10:24,106.38
2025-01-01T11:10:25,100.3
2025-01-01T11:10:26,97.29
2025-01-01T11:10:27,98.76
2025-01-01T11:10:28,101.31
2025-01-01T11:10:29,99.13
2025-01-01T11:10:30,93.82
2025-01-01T11:10:31,96.85
2025-01-01T11:10:32,100.85
2025-01-01T11:10:33,98.95
2025-01-01T11:10:34,97.33
2025-01-01T11:10:35,94.43
2025-01-01T11:10:36,95.41
2025-01-01T11:10:37,97.38
2025-01-01T11:10:38,87.67
2025-01-01T11:10:39,105.73
2025-01-01T11:10:40,105.92
2025-01-01T11:10:41,97.26
2025-01-01T11:10:42,91.01
2025-01-01T11:10:43,103.82
2025-01-01T11:10:44,95.88
2025-01-01T11:10:45,94.88
2025-01-01T11:10:46,106.47
2025-01-01T11:10:47,102.08
,95.37
2025-01-01T11:10:49,93.5
2025-01-01T11:10:50,98.93
2025-01-01T11:10:51,94.94
2025-01-01T11:10:52,109.11
2025-01-01T11:10:53,108.39
2025-01-01T11:10:54,89.28
2025-01-01T11:10:55,102.02
2025-01-01T11:10:56,102.77
2025-01-01T11:10:57,98.16
2025-01-01T11:10:58,106.28
2025-01-01T11:10:59,97.14
2025-01-01T11:11:00,106.1
2025-01-01T11:11:01,110.72
2025-01-01T11:11:02,102.24
2025-01-01T11:11:03,100.24
2025-01-01T11:11:04,107.41
2025-01-01T11:11:05,98.08
2025-01-01T11:11:06,100.22
2025-01-01T11:11:07,95.28
2025-01-01T11:11:08,100.23
2025-01-01T11:11:09,90.89
2025-01-01T11:11:10,107.44
2025-01-01T11:11:11,101.7
2025-01-01T11:11:12,
2025-01-01T11:11:13,98.62
2025-01-01T11:11:14,98.19
2025-01-01T11:11:15,114.73
2025-01-01T11:11:16,95.98
2025-01-01T11:11:17,102.97
,
2025-01-01T11:11:19,103.78
2025-01-01T11:11:20,101.4
2025-01-01T11:11:21,102.17
2025-01-01T11:11:22,100.33
2025-01-01T11:11:23,97.76
2025-01-01T11:11:24,102.83
2025-01-01T11:11:25,93.03
2025-01-01T11:11:26,96.63
2025-01-01T11:11:27,85.7
2025-01-01T11:11:28,93.09
2025-01-01T11:11:29,97.02
2025-01-01T11:11:30,95.92
2025-01-01T11:11:31,105.56
2025-01-01T11:11:32,105.12
2025-01-01T11:11:33,104.87
2025-01-01T11:11:34,102.47
2025-01-01T11:11:35,94.72
2025-01-01T11:11:36,107.89
2025-01-01T11:11:37,97.71
2025-01-01T11:11:38,104.3
2025-01-01T11:11:39,111.63
2025-01-01T11:11:40,105.4
2025-01-01T11:11:41,96.25
2025-01-01T11:11:42,100.53
2025-01-01T11:11:43,98.23
2025-01-01T11:11:44,96.9
2025-01-01T11:11:45,107.78
2025-01-01T11:11:46,105.68
2025-01-01T11:11:47,104.98
2025-01-01T11:11:48,103.05
2025-01-01T11:11:49,89.0
2025-01-01T11:11:50,106.3
2025-01-01T11:11:51,96.57
2025-01-01T11:11:52,100.76
2025-01-01T11:11:53,107.66
2025-01-01T11:11:54,105.31
2025-01-01T11:11:55,89.86
2025-01-01T11:11:56,95.7
2025-01-01T11:11:57,101.47
2025-01-01T11:11:58,
2025-01-01T11:11:59,88.96
2025-01-01T11:12:00,100.05
2025-01-01T11:12:01,103.6
2025-01-01T11:12:02,100.08
2025-01-01T11:12:03,98.07
2025-01-01T11:12:04,105.87
2025-01-01T11:12:05,98.79
2025-01-01T11:12:06,100.96
2025-01-01T11:12:07,101.66
2025-01-01T11:12:08,95.21
2025-01-01T11:12:09,101.91
2025-01-01T11:12:10,99.25
2025-01-01T11:12:11,94.2
2025-01-01T11:12:12,84.63
2025-01-01T11:12:13,96.81
2025-01-01T11:12:14,101.31
2025-01-01T11:12:15,108.25
2025-01-01T11:12:16,99.77
2025-01-01T11:12:17,101.5
2025-01-01T11:12:18,97.56
2025-01-01T11:12:19,103.82
2025-01-01T11:12:20,107.29
2025-01-01T11:12:21,98.88
2025-01-01T11:12:22,100.74
2025-01-01T11:12:23,97.04
2025-01-01T11:12:24,98.48
2025-01-01T11:12:25,107.14
2025-01-01T11:12:26,107.85
,96.89
2025-01-01T11:12:28,92.9
2025-01-01T11:12:29,104.18
,95.37
2025-01-01T11:12:31,102.83
2025-01-01T11:12:32,104.61
2025-01-01T11:12:33,91.94
,92.94
2025-01-01T11:12:35,98.83
,102.5
,102.45
2025-01-01T11:12:38,102.32
2025-01-01T11:12:39,101.57
2025-01-01T11:12:40,111.26
2025-01-01T11:12:41,101.71
2025-01-01T11:12:42,105.53
2025-01-01T11:12:43,107.81
2025-01-01T11:12:44,93.26
2025-01-01T11:12:45,97.54
2025-01-01T11:12:46,101.01
2025-01-01T11:12:47,105.71
2025-01-01T11:12:48,92.5
2025-01-01T11:12:49,96.83
2025-01-01T11:12:50,101.96
2025-01-01T11:12:51,96.71
2025-01-01T11:12:52,92.54
2025-01-01T11:12:53,95.42
2025-01-01T11:12:54,96.63
2025-01-01T11:12:55,95.82
2025-01-01T11:12:56,94.8
2025-01-01T11:12:57,103.5
2025-01-01T11:12:58,103.43
2025-01-01T11:12:59,94.52
2025-01-01T11:13:00,96.36
2025-01-01T11:13:01,105.74
2025-01-01T11:13:02,104.95
2025-01-01T11:13:03,100.88
2025-01-01T11:13:04,
2025-01-01T11:13:05,91.83
2025-01-01T11:13:06,95.57
2025-01-01T11:13:07,103.22
2025-01-01T11:13:08,87.28
2025-01-01T11:13:09,105.85
2025-01-01T11:13:10,98.73
2025-01-01T11:13:11,90.88
2025-01-01T11:13:12,109.07
2025-01-01T11:13:13,99.5
2025-01-01T11:13:14,
2025-01-01T11:13:15,99.51
,99.46
2025-01-01T11:13:17,101.94
2025-01-01T11:13:18,93.64
2025-01-01T11:13:19,102.94
2025-01-01T11:13:20,104.26
2025-01-01T11:13:21,102.69
2025-01-01T11:13:22,93.39
2025-01-01T11:13:23,101.94
2025-01-01T11:13:24,
2025-01-01T11:13:25,104.18
2025-01-01T11:13:26,104.8
2025-01-01T11:13:27,107.55
2025-01-01T11:13:28,103.29
2025-01-01T11:13:29,103.45
2025-01-01T11:13:30,101.42
2025-01-01T11:13:31,102.28
2025-01-01T11:13:32,97.08
2025-01-01T11:13:33,102.26
2025-01-01T11:13:34,111.39
2025-01-01T11:13:35,89.35
2025-01-01T11:13:36,107.16
2025-01-01T11:13:37,93.2
2025-01-01T11:13:38,91.2
2025-01-01T11:13:39,112.13
2025-01-01T11:13:40,95.97
2025-01-01T11:13:41,99.62
2025-01-01T11:13:42,105.18
2025-01-01T11:13:43,98.08
2025-01-01T11:13:44,98.18
2025-01-01T11:13:45,99.82
2025-01-01T11:13:46,97.94
2025-01-01T11:13:47,97.9
2025-01-01T11:13:48,93.83
2025-01-01T11:13:49,96.64
2025-01-01T11:13:50,104.85
2025-01-01T11:13:51,98.17
2025-01-01T11:13:52,102.9
2025-01-01T11:13:53,99.55
,101.02
2025-01-01T11:13:55,103.22
2025-01-01T11:13:56,91.84
2025-01-01T11:13:57,102.41
2025-01-01T11:13:58,103.48
2025-01-01T11:13:59,91.67
2025-01-01T11:14:00,91.89
2025-01-01T11:14:01,87.58
2025-01-01T11:14:02,94.34
2025-01-01T11:14:03,98.73
2025-01-01T11:14:04,94.1
2025-01-01T11:14:05,103.65
2025-01-01T11:14:06,102.86
2025-01-01T11:14:07,96.7
2025-01-01T11:14:08,93.6
2025-01-01T11:14:09,99.87
2025-01-01T11:14:10,100.2
2025-01-01T11:14:11,83.79
2025-01-01T11:14:12,102.61
2025-01-01T11:14:13,98.57
2025-01-01T11:14:14,
2025-01-01T11:14:15,97.31
2025-01-01T11:14:16,101.4
2025-01-01T11:14:17,102.06
2025-01-01T11:14:18,95.07
2025-01-01T11:14:19,101.74
2025-01-01T11:14:20,105.91
2025-01-01T11:14:21,97.29
2025-01-01T11:14:22,101.32
,98.92
2025-01-01T11:14:24,101.9
2025-01-01T11:14:25,93.84
2025-01-01T11:14:26,99.73
2025-01-01T11:14:27,92.32
,95.49
2025-01-01T11:14:29,97.57
2025-01-01T11:14:30,97.02
2025-01-01T11:14:31,106.55
2025-01-01T11:14:32,105.59
2025-01-01T11:14:33,91.99
2025-01-01T11:14:34,103.63
2025-01-01T11:14:35,101.21
2025-01-01T11:14:36,98.19
2025-01-01T11:14:37,109.48
2025-01-01T11:14:38,102.23
2025-01-01T11:14:39,95.26
2025-01-01T11:14:40,106.08
,80.48
2025-01-01T11:14:42,103.08
2025-01-01T11:14:43,102.73
2025-01-01T11:14:44,92.0
2025-01-01T11:14:45,99.5
2025-01-01T11:14:46,111.96
2025-01-01T11:14:47,110.99
2025-01-01T11:14:48,97.32
2025-01-01T11:14:49,99.96
2025-01-01T11:14:50,102.78
2025-01-01T11:14:51,
2025-01-01T11:14:52,97.41
2025-01-01T11:14:53,97.28
2025-01-01T11:14:54,91.43
2025-01-01T11:14:55,100.56
2025-01-01T11:14:56,100.32
2025-01-01T11:14:57,93.54
2025-01-01T11:14:58,101.51
2025-01-01T11:14:59,100.23
2025-01-01T11:15:00,93.98
2025-01-01T11:15:01,96.95
2025-01-01T11:15:02,106.65
2025-01-01T11:15:03,106.05
2025-01-01T11:15:04,101.9
2025-01-01T11:15:05,92.56
2025-01-01T11:15:06,92.51
2025-01-01T11:15:07,94.7
2025-01-01T11:15:08,104.61
2025-01-01T11:15:09,102.71
2025-01-01T11:15:10,110.86
2025-01-01T11:15:11,108.2
2025-01-01T11:15:12,100.13
2025-01-01T11:15:13,98.29
2025-01-01T11:15:14,
2025-01-01T11:15:15,92.49
2025-01-01T11:15:16,
2025-01-01T11:15:17,101.93
2025-01-01T11:15:18,103.11
2025-01-01T11:15:19,97.68
2025-01-01T11:15:20,107.61
2025-01-01T11:15:21,98.6
2025-01-01T11:15:22,109.28
2025-01-01T11:15:23,104.44
2025-01-01T11:15:24,97.3
2025-01-01T11:15:25,100.45
2025-01-01T11:15:26,96.21
2025-01-01T11:15:27,100.77
2025-01-01T11:15:28,
2025-01-01T11:15:29,94.72
2025-01-01T11:15:30,98.46
2025-01-01T11:15:31,98.62
2025-01-01T11:15:32,93.28
2025-01-01T11:15:33,95.81
2025-01-01T11:15:34,95.57
2025-01-01T11:15:35,94.66
2025-01-01T11:15:36,95.67
2025-01-01T11:15:37,103.42
2025-01-01T11:15:38,100.92
2025-01-01T11:15:39,101.19
2025-01-01T11:15:40,105.37
2025-01-01T11:15:41,93.79
2025-01-01T11:15:42,91.14
2025-01-01T11:15:43,104.67
2025-01-01T11:15:44,103.48
2025-01-01T11:15:45,103.97
2025-01-01T11:15:46,97.06
2025-01-01T11:15:47,98.66
2025-01-01T11:15:48,105.65
2025-01-01T11:15:49,100.2
,103.08
2025-01-01T11:15:51,101.15
2025-01-01T11:15:52,103.84
2025-01-01T11:15:53,95.8
2025-01-01T11:15:54,93.7
2025-01-01T11:15:55,96.58
2025-01-01T11:15:56,97.8
2025-01-01T11:15:57,
2025-01-01T11:15:58,95.06
2025-01-01T11:15:59,103.33
2025-01-01T11:16:00,107.03
2025-01-01T11:16:01,100.36
2025-01-01T11:16:02,95.94
2025-01-01T11:16:03,89.98
2025-01-01T11:16:04,94.7
2025-01-01T11:16:05,91.03
2025-01-01T11:16:06,112.67
2025-01-01T11:16:07,96.88
2025-01-01T11:16:08,103.95
2025-01-01T11:16:09,99.22
2025-01-01T11:16:10,106.39
2025-01-01T11:16:11,90.84
2025-01-01T11:16:12,100.7
2025-01-01T11:16:13,94.22
2025-01-01T11:16:14,91.99
2025-01-01T11:16:15,98.74
2025-01-01T11:16:16,105.99
2025-01-01T11:16:17,95.95
2025-01-01T11:16:18,99.95
2025-01-01T11:16:19,96.56
2025-01-01T11:16:20,104.21
2025-01-01T11:16:21,102.96
2025-01-01T11:16:22,98.02
2025-01-01T11:16:23,108.03
,
2025-01-01T11:16:25,104.9
2025-01-01T11:16:26,99.34
2025-01-01T11:16:27,112.92
2025-01-01T11:16:28,94.44
2025-01-01T11:16:29,101.25
2025-01-01T11:16:30,94.81
2025-01-01T11:16:31,102.98
,97.63
2025-01-01T11:16:33,93.15
2025-01-01T11:16:34,91.68
2025-01-01T11:16:35,103.98
2025-01-01T11:16:36,103.53
2025-01-01T11:16:37,98.24
2025-01-01T11:16:38,103.3
2025-01-01T11:16:39,100.44
2025-01-01T11:16:40,100.98
2025-01-01T11:16:41,106.19
2025-01-01T11:16:42,102.75
2025-01-01T11:16:43,108.52
2025-01-01T11:16:44,95.21
2025-01-01T11:16:45,96.99
2025-01-01T11:16:46,85.73
2025-01-01T11:16:47,104.09
2025-01-01T11:16:48,94.44
2025-01-01T11:16:49,103.38
2025-01-01T11:16:50,101.29
2025-01-01T11:16:51,98.7
2025-01-01T11:16:52,109.28
2025-01-01T11:16:53,100.23
2025-01-01T11:16:54,96.57
2025-01-01T11:16:55,98.08
2025-01-01T11:16:56,106.89
2025-01-01T11:16:57,101.86
2025-01-01T11:16:58,98.3
2025-01-01T11:16:59,99.49
2025-01-01T11:17:00,95.59
2025-01-01T11:17:01,101.66
2025-01-01T11:17:02,93.83
2025-01-01T11:17:03,97.75
2025-01-01T11:17:04,96.67
2025-01-01T11:17:05,105.26
2025-01-01T11:17:06,91.31
2025-01-01T11:17:07,101.73
2025-01-01T11:17:08,107.09
2025-01-01T11:17:09,98.02
2025-01-01T11:17:10,91.61
,94.77
2025-01-01T11:17:12,101.36
2025-01-01T11:17:13,98.58
2025-01-01T11:17:14,88.1
2025-01-01T11:17:15,101.23
2025-01-01T11:17:16,93.7
2025-01-01T11:17:17,98.9
2025-01-01T11:17:18,95.65
2025-01-01T11:17:19,92.2
2025-01-01T11:17:20,
2025-01-01T11:17:21,98.52
2025-01-01T11:17:22,100.12
2025-01-01T11:17:23,96.3
2025-01-01T11:17:24,100.28
2025-01-01T11:17:25,99.2
,104.47
2025-01-01T11:17:27,95.65
2025-01-01T11:17:28,100.51
2025-01-01T11:17:29,98.54
2025-01-01T11:17:30,99.23
2025-01-01T11:17:31,103.17
2025-01-01T11:17:32,104.01
2025-01-01T11:17:33,94.4
2025-01-01T11:17:34,97.43
2025-01-01T11:17:35,105.73
2025-01-01T11:17:36,103.03
2025-01-01T11:17:37,98.69
,103.55
2025-01-01T11:17:39,103.31
2025-01-01T11:17:40,104.87
2025-01-01T11:17:41,99.87
2025-01-01T11:17:42,93.06
2025-01-01T11:17:43,103.76
2025-01-01T11:17:44,88.1
2025-01-01T11:17:45,99.01
2025-01-01T11:17:46,88.66
2025-01-01T11:17:47,92.88
2025-01-01T11:17:48,91.43
2025-01-01T11:17:49,108.81
2025-01-01T11:17:50,103.52
2025-01-01T11:17:51,102.33
2025-01-01T11:17:52,101.19
2025-01-01T11:17:53,94.26
2025-01-01T11:17:54,93.94
2025-01-01T11:17:55,92.37
2025-01-01T11:17:56,96.48
2025-01-01T11:17:57,97.87
2025-01-01T11:17:58,102.81
2025-01-01T11:17:59,94.48
2025-01-01T11:18:00,96.32
2025-01-01T11:18:01,99.75
2025-01-01T11:18:02,99.28
2025-01-01T11:18:03,106.68
2025-01-01T11:18:04,103.07
,
2025-01-01T11:18:06,98.71
2025-01-01T11:18:07,101.38
2025-01-01T11:18:08,98.94
2025-01-01T11:18:09,99.5
2025-01-01T11:18:10,102.67
2025-01-01T11:18:11,99.9
2025-01-01T11:18:12,94.38
2025-01-01T11:18:13,103.2
2025-01-01T11:18:14,101.34
2025-01-01T11:18:15,100.76
2025-01-01T11:18:16,99.96
2025-01-01T11:18:17,98.99
2025-01-01T11:18:18,93.5
2025-01-01T11:18:19,106.49
2025-01-01T11:18:20,102.06
2025-01-01T11:18:21,94.77
2025-01-01T11:18:22,99.75
2025-01-01T11:18:23,96.18
2025-01-01T11:18:24,111.24
2025-01-01T11:18:25,105.07
2025-01-01T11:18:26,97.1
2025-01-01T11:18:27,99.81
2025-01-01T11:18:28,103.87
,102.24
2025-01-01T11:18:30,96.87
2025-01-01T11:18:31,95.95
,107.5
2025-01-01T11:18:33,96.85
2025-01-01T11:18:34,98.18
2025-01-01T11:18:35,99.88
2025-01-01T11:18:36,
2025-01-01T11:18:37,97.68
2025-01-01T11:18:38,101.19
2025-01-01T11:18:39,92.51
2025-01-01T11:18:40,104.3
2025-01-01T11:18:41,102.84
2025-01-01T11:18:42,98.08
2025-01-01T11:18:43,95.29
2025-01-01T11:18:44,104.15
2025-01-01T11:18:45,98.17
2025-01-01T11:18:46,104.07
2025-01-01T11:18:47,97.72
2025-01-01T11:18:48,95.67
2025-01-01T11:18:49,100.08
2025-01-01T11:18:50,95.82
2025-01-01T11:18:51,96.5
2025-01-01T11:18:52,108.6
2025-01-01T11:18:53,103.17
2025-01-01T11:18:54,99.41
2025-01-01T11:18:55,89.61
2025-01-01T11:18:56,101.72
2025-01-01T11:18:57,102.46
2025-01-01T11:18:58,104.66
2025-01-01T11:18:59,94.18
2025-01-01T11:19:00,98.5
2025-01-01T11:19:01,98.23
2025-01-01T11:19:02,98.69
2025-01-01T11:19:03,105.94
2025-01-01T11:19:04,89.23
2025-01-01T11:19:05,97.14
2025-01-01T11:19:06,106.57
2025-01-01T11:19:07,102.05
2025-01-01T11:19:08,94.86
2025-01-01T11:19:09,98.85
2025-01-01T11:19:10,104.8
2025-01-01T11:19:11,91.79
2025-01-01T11:19:12,104.16
2025-01-01T11:19:13,106.14
2025-01-01T11:19:14,101.84
2025-01-01T11:19:15,99.81
2025-01-01T11:19:16,97.33
2025-01-01T11:19:17,108.39
2025-01-01T11:19:18,92.4
2025-01-01T11:19:19,108.23
2025-01-01T11:19:20,100.54
2025-01-01T11:19:21,92.2
2025-01-01T11:19:22,101.61
2025-01-01T11:19:23,99.38
,96.17
2025-01-01T11:19:25,97.22
2025-01-01T11:19:26,96.51
2025-01-01T11:19:27,92.64
2025-01-01T11:19:28,97.11
2025-01-01T11:19:29,96.3
2025-01-01T11:19:30,97.06
2025-01-01T11:19:31,93.04
2025-01-01T11:19:32,93.13
,92.16
2025-01-01T11:19:34,100.57
2025-01-01T11:19:35,94.18
2025-01-01T11:19:36,92.97
2025-01-01T11:19:37,101.61
2025-01-01T11:19:38,98.02
2025-01-01T11:19:39,103.45
2025-01-01T11:19:40,96.89
2025-01-01T11:19:41,109.22
2025-01-01T11:19:42,99.52
2025-01-01T11:19:43,105.02
2025-01-01T11:19:44,99.29
2025-01-01T11:19:45,100.61
2025-01-01T11:19:46,104.82
2025-01-01T11:19:47,111.07
2025-01-01T11:19:48,101.83
2025-01-01T11:19:49,96.1
2025-01-01T11:19:50,99.64
2025-01-01T11:19:51,102.1
2025-01-01T11:19:52,99.94
2025-01-01T11:19:53,110.72
2025-01-01T11:19:54,107.36
2025-01-01T11:19:55,108.5
2025-01-01T11:19:56,99.26
2025-01-01T11:19:57,88.56
2025-01-01T11:19:58,101.47
2025-01-01T11:19:59,100.13
2025-01-01T11:20:00,100.66
2025-01-01T11:20:01,92.06
2025-01-01T11:20:02,97.22
2025-01-01T11:20:03,102.53
2025-01-01T11:20:04,97.12
2025-01-01T11:20:05,95.91
2025-01-01T11:20:06,103.22
2025-01-01T11:20:07,98.36
2025-01-01T11:20:08,97.85
2025-01-01T11:20:09,99.15
2025-01-01T11:20:10,95.36
2025-01-01T11:20:11,97.4
2025-01-01T11:20:12,98.86
2025-01-01T11:20:13,94.62
2025-01-01T11:20:14,107.01
2025-01-01T11:20:15,102.01
2025-01-01T11:20:16,106.46
2025-01-01T11:20:17,
2025-01-01T11:20:18,96.36
2025-01-01T11:20:19,93.34
2025-01-01T11:20:20,98.65
2025-01-01T11:20:21,95.37
2025-01-01T11:20:22,100.98
2025-01-01T11:20:23,98.05
2025-01-01T11:20:24,92.36
2025-01-01T11:20:25,88.79
2025-01-01T11:20:26,101.04
2025-01-01T11:20:27,107.4
2025-01-01T11:20:28,95.07
2025-01-01T11:20:29,103.69
2025-01-01T11:20:30,107.08
2025-01-01T11:20:31,108.85
2025-01-01T11:20:32,101.6
2025-01-01T11:20:33,102.88
2025-01-01T11:20:34,97.48
2025-01-01T11:20:35,102.95
,91.71
2025-01-01T11:20:37,101.61
2025-01-01T11:20:38,104.91
2025-01-01T11:20:39,
2025-01-01T11:20:40,99.45
2025-01-01T11:20:41,105.15
2025-01-01T11:20:42,91.14
2025-01-01T11:20:43,101.34
2025-01-01T11:20:44,99.96
2025-01-01T11:20:45,100.01
2025-01-01T11:20:46,90.43
2025-01-01T11:20:47,104.68
2025-01-01T11:20:48,103.64
2025-01-01T11:20:49,94.82
2025-01-01T11:20:50,96.53
2025-01-01T11:20:51,98.66
2025-01-01T11:20:52,102.85
2025-01-01T11:20:53,104.08
2025-01-01T11:20:54,94.26
2025-01-01T11:20:55,98.01
2025-01-01T11:20:56,102.33
2025-01-01T11:20:57,100.04
2025-01-01T11:20:58,95.44
2025-01-01T11:20:59,91.03
2025-01-01T11:21:00,100.03
,93.27
2025-01-01T11:21:02,102.31
2025-01-01T11:21:03,98.14
2025-01-01T11:21:04,99.07
2025-01-01T11:21:05,101.72
,98.24
2025-01-01T11:21:07,110.17
2025-01-01T11:21:08,97.88
2025-01-01T11:21:09,107.44
2025-01-01T11:21:10,98.04
2025-01-01T11:21:11,93.28
2025-01-01T11:21:12,93.74
2025-01-01T11:21:13,96.08
2025-01-01T11:21:14,98.46
2025-01-01T11:21:15,96.84
2025-01-01T11:21:16,97.42
2025-01-01T11:21:17,99.63
2025-01-01T11:21:18,93.74
2025-01-01T11:21:19,102.43
2025-01-01T11:21:20,97.93
2025-01-01T11:21:21,105.63
2025-01-01T11:21:22,101.59
2025-01-01T11:21:23,100.33
2025-01-01T11:21:24,96.03
2025-01-01T11:21:25,
2025-01-01T11:21:26,105.03
2025-01-01T11:21:27,100.31
2025-01-01T11:21:28,91.03
2025-01-01T11:21:29,92.68
2025-01-01T11:21:30,
2025-01-01T11:21:31,102.79
2025-01-01T11:21:32,102.7
2025-01-01T11:21:33,99.41
2025-01-01T11:21:34,
2025-01-01T11:21:35,95.16
2025-01-01T11:21:36,92.8
2025-01-01T11:21:37,102.4
2025-01-01T11:21:38,104.38
2025-01-01T11:21:39,102.73
2025-01-01T11:21:40,110.08
2025-01-01T11:21:41,94.26
2025-01-01T11:21:42,
2025-01-01T11:21:43,103.38
2025-01-01T11:21:44,101.71
2025-01-01T11:21:45,95.82
2025-01-01T11:21:46,103.72
2025-01-01T11:21:47,100.68
2025-01-01T11:21:48,107.72
2025-01-01T11:21:49,98.88
2025-01-01T11:21:50,108.75
2025-01-01T11:21:51,107.01
2025-01-01T11:21:52,99.0
2025-01-01T11:21:53,98.63
2025-01-01T11:21:54,109.54
2025-01-01T11:21:55,101.69
2025-01-01T11:21:56,105.22
2025-01-01T11:21:57,96.41
2025-01-01T11:21:58,98.01
2025-01-01T11:21:59,100.9
2025-01-01T11:22:00,93.5
2025-01-01T11:22:01,96.36
2025-01-01T11:22:02,98.81
2025-01-01T11:22:03,100.62
2025-01-01T11:22:04,109.89
2025-01-01T11:22:05,107.03
2025-01-01T11:22:06,96.38
2025-01-01T11:22:07,102.27
2025-01-01T11:22:08,106.05
2025-01-01T11:22:09,97.75
2025-01-01T11:22:10,100.68
2025-01-01T11:22:11,100.38
2025-01-01T11:22:12,105.98
2025-01-01T11:22:13,102.39
2025-01-01T11:22:14,95.71
2025-01-01T11:22:15,
2025-01-01T11:22:16,
2025-01-01T11:22:17,99.88
2025-01-01T11:22:18,96.97
2025-01-01T11:22:19,101.63
2025-01-01T11:22:20,98.67
2025-01-01T11:22:21,101.19
2025-01-01T11:22:22,106.06
2025-01-01T11:22:23,96.25
2025-01-01T11:22:24,104.55
2025-01-01T11:22:25,109.05
2025-01-01T11:22:26,94.43
2025-01-01T11:22:27,106.01
2025-01-01T11:22:28,101.03
2025-01-01T11:22:29,105.56
2025-01-01T11:22:30,109.59
2025-01-01T11:22:31,100.13
2025-01-01T11:22:32,103.62
2025-01-01T11:22:33,103.21
2025-01-01T11:22:34,96.84
,102.28
2025-01-01T11:22:36,105.25
2025-01-01T11:22:37,104.7
2025-01-01T11:22:38,96.5
2025-01-01T11:22:39,98.04
2025-01-01T11:22:40,106.37
2025-01-01T11:22:41,104.87
2025-01-01T11:22:42,87.76
2025-01-01T11:22:43,99.03
2025-01-01T11:22:44,94.56
2025-01-01T11:22:45,105.35
2025-01-01T11:22:46,104.88
2025-01-01T11:22:47,98.74
2025-01-01T11:22:48,105.25
2025-01-01T11:22:49,95.53
2025-01-01T11:22:50,99.12
2025-01-01T11:22:51,97.57
2025-01-01T11:22:52,101.17
2025-01-01T11:22:53,97.34
2025-01-01T11:22:54,105.92
2025-01-01T11:22:55,92.54
2025-01-01T11:22:56,100.37
2025-01-01T11:22:57,99.74
2025-01-01T11:22:58,96.96
2025-01-01T11:22:59,107.18
2025-01-01T11:23:00,102.37
2025-01-01T11:23:01,103.6
2025-01-01T11:23:02,101.98
2025-01-01T11:23:03,95.08
2025-01-01T11:23:04,103.39
2025-01-01T11:23:05,94.8
2025-01-01T11:23:06,93.93
2025-01-01T11:23:07,103.0
2025-01-01T11:23:08,98.99
2025-01-01T11:23:09,113.58
2025-01-01T11:23:10,104.87
2025-01-01T11:23:11,101.58
2025-01-01T11:23:12,102.75
2025-01-01T11:23:13,96.37
2025-01-01T11:23:14,99.39
2025-01-01T11:23:15,98.66
2025-01-01T11:23:16,104.43
2025-01-01T11:23:17,103.96
2025-01-01T11:23:18,94.86
2025-01-01T11:23:19,99.71
